{
  "primary_higher_counts": {
    "Condensed Matter": 18,
    "Mathematics": 2,
    "Physics": 8,
    "Astrophysics": 7,
    "gr-qc": 3,
    "Quantum Physics": 4,
    "High Energy Physics - Phenomenology": 2,
    "Computer Science": 2,
    "hep-lat": 1
  },
  "primary_lower_counts": {
    "Mesoscale and Nanoscale Physics": 3,
    "NT": 1,
    "gen ph": 1,
    "quant gas": 2,
    "GA": 2,
    "optics": 1,
    "str el": 2,
    "stat mech": 3,
    "Unknown": 13,
    "HE": 2,
    "supr con": 1,
    "CV": 2,
    "comp ph": 1,
    "soc ph": 1,
    "atom ph": 1,
    "plasm ph": 1,
    "flu dyn": 1,
    "mtrl sci": 2,
    "SR": 1,
    "other": 1,
    "IR": 1,
    "Popular Physics": 1,
    "dis nn": 2,
    "soft": 1
  },
  "all_higher_counts": {
    "Condensed Matter": 27,
    "Mathematics": 5,
    "Physics": 8,
    "Astrophysics": 10,
    "Nonlinear Sciences": 1,
    "Quantitative Finance": 1,
    "gr-qc": 3,
    "Quantum Physics": 4,
    "High Energy Physics - Phenomenology": 2,
    "nucl-ex": 1,
    "nucl-th": 1,
    "Computer Science": 2,
    "High Energy Physics - Theory": 1,
    "math-ph": 1,
    "hep-lat": 1
  },
  "all_lower_counts": {
    "Mesoscale and Nanoscale Physics": 3,
    "mtrl sci": 4,
    "NT": 1,
    "CO": 2,
    "gen ph": 1,
    "quant gas": 3,
    "GA": 3,
    "optics": 1,
    "PS": 1,
    "str el": 3,
    "stat mech": 5,
    "ST": 1,
    "Unknown": 17,
    "HE": 3,
    "soft": 2,
    "supr con": 1,
    "CV": 2,
    "CA": 1,
    "FA": 1,
    "comp ph": 1,
    "soc ph": 1,
    "atom ph": 1,
    "plasm ph": 1,
    "flu dyn": 1,
    "SR": 1,
    "other": 2,
    "dis nn": 3,
    "IR": 1,
    "Popular Physics": 1
  },
  "not_found_ids": [
    "0907.2720",
    "0907.2872",
    "0907.2967",
    "0907.2994",
    "0907.3145",
    "0907.3283",
    "0907.3505",
    "1701.00003",
    "1701.00176",
    "1701.00357",
    "1701.00692",
    "1701.00847",
    "1701.00898",
    "1701.00986",
    "1701.01008",
    "1701.01408",
    "1701.01521",
    "1701.01531",
    "1701.01567",
    "1701.01647",
    "1701.01686",
    "1701.01815",
    "1701.01921",
    "1810.00264",
    "1810.00641",
    "1810.01085",
    "1810.01153",
    "1810.01819",
    "1810.01821",
    "0908.0159",
    "0908.0304",
    "0908.0180",
    "1908.00040",
    "1908.00186",
    "1908.00596",
    "1908.00647",
    "1908.01434",
    "1908.01505",
    "1612.00053",
    "1612.00231",
    "1612.00257",
    "1612.00288",
    "1612.00446",
    "1612.00463",
    "1612.00522",
    "1510.00400",
    "1510.00417",
    "1510.00543",
    "1510.00716",
    "1510.00770",
    "1510.01448",
    "1409.0010",
    "1409.0094",
    "1409.0110",
    "1409.0188",
    "1409.0220",
    "1409.0380",
    "cond-mat/9211006",
    "hep-ph/9211257",
    "physics/9704005"
  ]
}