{
    "Correctness": {
        "Number of articles used": 5,
        "Overall Correctness": {
            "Overall Accuracy": 0.15384615384615385,
            "Overall Precision": 0.20833333333333334,
            "Overall Recall": 0.37037037037037035,
            "Overall F1 Score": 0.26666666666666666
        },
        "Aggregate Correctness Statistics": {
            "Accuracy": {
                "Mean": 0.17253213924599162,
                "Lowest": 0.046511627906976744,
                "25th Quartile (Q1)": 0.1,
                "Median": 0.13043478260869565,
                "75th Quartile (Q3)": 0.2857142857142857,
                "Highest": 0.3
            },
            "Precision": {
                "Mean": 0.22888502673796793,
                "Lowest": 0.0625,
                "25th Quartile (Q1)": 0.17647058823529413,
                "Median": 0.18181818181818182,
                "75th Quartile (Q3)": 0.36,
                "Highest": 0.36363636363636365
            },
            "Recall": {
                "Mean": 0.3766566766566767,
                "Lowest": 0.15384615384615385,
                "25th Quartile (Q1)": 0.18181818181818182,
                "Median": 0.3333333333333333,
                "75th Quartile (Q3)": 0.5714285714285714,
                "Highest": 0.6428571428571429
            },
            "F1 Score": {
                "Mean": 0.2814918414918415,
                "Lowest": 0.08888888888888889,
                "25th Quartile (Q1)": 0.18181818181818182,
                "Median": 0.23076923076923078,
                "75th Quartile (Q3)": 0.4444444444444444,
                "Highest": 0.4615384615384615
            }
        }
    },
    "Results": {
        "Article ID: 0907.2648": {
            "Adjacency List": {
                "S2.E1": [
                    "S2.E2",
                    "S2.E3"
                ],
                "S2.E2": [
                    "S2.E3",
                    "S2.E4",
                    "S2.E5"
                ],
                "S2.E3": [
                    "S2.E4",
                    "S2.E5",
                    "S2.E6"
                ],
                "S2.E4": [
                    "S2.E5",
                    "S2.E6"
                ],
                "S2.E5": [
                    "S2.E6"
                ],
                "S2.E6": []
            },
            "Accuracy": 0.2857142857142857,
            "Precision": 0.36363636363636365,
            "Recall": 0.5714285714285714,
            "F1 Score": 0.4444444444444444
        },
        "Article ID: 0907.2720": {
            "Adjacency List": {
                "S2.E1": [
                    "S2.E2",
                    "S2.E3"
                ],
                "S2.E2": [
                    "S2.E3",
                    "S2.E4",
                    "S2.E5",
                    "S2.E6"
                ],
                "S2.E3": [
                    "S2.E4",
                    "S2.E5",
                    "S2.E6"
                ],
                "S2.E4": [
                    "S2.E5",
                    "S2.E6",
                    "S2.E7"
                ],
                "S2.E5": [
                    "S2.E6",
                    "S2.E7",
                    "S2.E8"
                ],
                "S2.E6": [
                    "S2.E7",
                    "S2.E8"
                ],
                "S2.E7": [
                    "S2.E8"
                ],
                "S2.E8": [
                    "S2.E9",
                    "S2.E10"
                ],
                "S2.E9": [
                    "S2.E10"
                ],
                "S2.E10": [
                    "S3.E11",
                    "S3.E12"
                ],
                "S3.E11": [
                    "S3.E12"
                ],
                "S3.E12": [
                    "S3.E13"
                ],
                "S3.E13": [],
                "S3.E14": []
            },
            "Accuracy": 0.3,
            "Precision": 0.36,
            "Recall": 0.6428571428571429,
            "F1 Score": 0.4615384615384615
        },
        "Article ID: 0907.2870": {
            "Adjacency List": {
                "S2.E1": [
                    "S2.E3",
                    "S2.E4",
                    "S2.E5"
                ],
                "S2.E2": [
                    "S2.E3",
                    "S2.E4",
                    "S2.E5",
                    "S2.E6"
                ],
                "S2.E3": [
                    "S2.E4",
                    "S2.E5",
                    "S2.E6",
                    "S2.E7"
                ],
                "S2.E4": [
                    "S2.E5",
                    "S2.E6",
                    "S2.E7"
                ],
                "S2.E5": [
                    "S2.E6",
                    "S2.E7"
                ],
                "S2.E6": [
                    "S2.E7"
                ],
                "S2.E7": [],
                "S2.E8": [],
                "S3.E9": []
            },
            "Accuracy": 0.13043478260869565,
            "Precision": 0.17647058823529413,
            "Recall": 0.3333333333333333,
            "F1 Score": 0.23076923076923078
        },
        "Article ID: 0907.2872": {
            "Adjacency List": {
                "S2.E1": [
                    "S2.E4"
                ],
                "S2.E2": [
                    "S2.E1",
                    "S2.E4"
                ],
                "S2.E3": [
                    "S2.E1",
                    "S2.E2",
                    "S2.E5"
                ],
                "S2.E4": [
                    "S2.E3",
                    "S2.E5"
                ],
                "S2.E5": [],
                "S2.E6": [],
                "S2.E7": [
                    "S2.E8",
                    "S3.E9"
                ],
                "S2.E8": [
                    "S3.E9"
                ],
                "S3.E9": [],
                "S3.E10": []
            },
            "Accuracy": 0.1,
            "Precision": 0.18181818181818182,
            "Recall": 0.18181818181818182,
            "F1 Score": 0.18181818181818182
        },
        "Article ID: 0907.2959": {
            "Adjacency List": {
                "S2.E1": [
                    "S3.E6"
                ],
                "S2.E2": [
                    "S2.E1",
                    "S3.E4",
                    "S3.E5",
                    "S3.E6"
                ],
                "S2.E3": [
                    "S2.E1",
                    "S2.E2",
                    "S3.E6",
                    "S3.E7",
                    "S3.E8",
                    "S3.E9"
                ],
                "S3.E4": [
                    "S2.E3",
                    "S3.E6",
                    "S3.E7",
                    "S3.E9"
                ],
                "S3.E5": [
                    "S2.E3",
                    "S3.E4",
                    "S3.E6",
                    "S3.E8",
                    "S3.E9"
                ],
                "S3.E6": [
                    "S3.E7",
                    "S3.E8",
                    "S3.E9",
                    "S3.E10"
                ],
                "S3.E7": [
                    "S3.E5",
                    "S3.E8",
                    "S3.E9",
                    "S3.E10"
                ],
                "S3.E8": [
                    "S3.E9",
                    "S3.E10"
                ],
                "S3.E9": [
                    "S3.E10"
                ],
                "S3.E10": [
                    "S4.E11"
                ],
                "S4.E11": [],
                "S4.E12": [],
                "S6.E13": []
            },
            "Accuracy": 0.046511627906976744,
            "Precision": 0.0625,
            "Recall": 0.15384615384615385,
            "F1 Score": 0.08888888888888889
        }
    },