{
    "Correctness": {
        "Number of articles used": 15,
        "Overall Correctness": {
            "Overall Accuracy": 0.07114624505928854,
            "Overall Precision": 0.17142857142857143,
            "Overall Recall": 0.10843373493975904,
            "Overall F1 Score": 0.13284132841328414
        },
        "Aggregate Correctness Statistics": {
            "Accuracy": {
                "Mean": 0.061852828782653343,
                "Lowest": 0.0,
                "25th Quartile (Q1)": 0.0,
                "Median": 0.0,
                "75th Quartile (Q3)": 0.08295454545454545,
                "Highest": 0.3076923076923077
            },
            "Precision": {
                "Mean": 0.2115257048092869,
                "Lowest": 0.0,
                "25th Quartile (Q1)": 0.0,
                "Median": 0.0,
                "75th Quartile (Q3)": 0.2361111111111111,
                "Highest": 1.0
            },
            "Recall": {
                "Mean": 0.09429272481904061,
                "Lowest": 0.0,
                "25th Quartile (Q1)": 0.0,
                "Median": 0.0,
                "75th Quartile (Q3)": 0.15000000000000002,
                "Highest": 0.3157894736842105
            },
            "F1 Score": {
                "Mean": 0.10522836910005123,
                "Lowest": 0.0,
                "25th Quartile (Q1)": 0.0,
                "Median": 0.0,
                "75th Quartile (Q3)": 0.15310077519379844,
                "Highest": 0.47058823529411764
            }
        }
    },
    "Results": {
        "Article ID: 0907.2648": {
            "Adjacency List": {
                "S0.E1": [
                    "S0.E2",
                    "S0.E3"
                ],
                "S0.E2": [
                    "S0.E3"
                ],
                "S0.E3": [],
                "S0.E4": [],
                "S0.E5": [
                    "S0.E6",
                    "S0.E7",
                    "S0.E8",
                    "S0.E9"
                ],
                "S0.E6": [
                    "S0.E7",
                    "S0.E8",
                    "S0.E9"
                ],
                "S0.E7": [
                    "S0.E9"
                ],
                "S0.E8": [
                    "S0.E9"
                ],
                "S0.E9": []
            },
            "Accuracy": 0.15789473684210525,
            "Precision": 0.25,
            "Recall": 0.3,
            "F1 Score": 0.2727272727272727
        },
        "Article ID: 0907.2720": {
            "Adjacency List": {
                "S0.E1": [],
                "S0.E2": [],
                "S0.E3": [
                    "S0.E11",
                    "S0.E12",
                    "S0.E13"
                ],
                "S0.E4": [
                    "S0.E5",
                    "S0.E6",
                    "S0.E8",
                    "S0.E9",
                    "S0.E10",
                    "S0.E11",
                    "S0.E12",
                    "S0.E13",
                    "S0.E14",
                    "S0.E15",
                    "S0.E16",
                    "S0.E17",
                    "S0.E18"
                ],
                "S0.E5": [
                    "S0.E9",
                    "S0.E10",
                    "S0.E11",
                    "S0.E12",
                    "S0.E13",
                    "S0.E14",
                    "S0.E15",
                    "S0.E16"
                ],
                "S0.E6": [
                    "S0.E9",
                    "S0.E10",
                    "S0.E11",
                    "S0.E12",
                    "S0.E13"
                ],
                "S0.E7": [
                    "S0.E8",
                    "S0.E9",
                    "S0.E10",
                    "S0.E11",
                    "S0.E12",
                    "S0.E13",
                    "S0.E14",
                    "S0.E15",
                    "S0.E16",
                    "S0.E17",
                    "S0.E18"
                ],
                "S0.E8": [
                    "S0.E9",
                    "S0.E10",
                    "S0.E11",
                    "S0.E12",
                    "S0.E13",
                    "S0.E14",
                    "S0.E15",
                    "S0.E16",
                    "S0.E17",
                    "S0.E18"
                ],
                "S0.E9": [
                    "S0.E10",
                    "S0.E11",
                    "S0.E12",
                    "S0.E13",
                    "S0.E14",
                    "S0.E15",
                    "S0.E16",
                    "S0.E17",
                    "S0.E18"
                ],
                "S0.E10": [
                    "S0.E11",
                    "S0.E12",
                    "S0.E13",
                    "S0.E14",
                    "S0.E15"
                ],
                "S0.E11": [
                    "S0.E12",
                    "S0.E13"
                ],
                "S0.E12": [],
                "S0.E13": [],
                "S0.E14": [],
                "S0.E15": [
                    "S0.E16"
                ],
                "S0.E16": [],
                "S0.E17": [],
                "S0.E18": []
            },
            "Accuracy": 0.075,
            "Precision": 0.08955223880597014,
            "Recall": 0.3157894736842105,
            "F1 Score": 0.13953488372093023
        },
        "Article ID: 0907.2870": {
            "Adjacency List": {
                "S2.E1": [],
                "S2.E2": [],
                "S2.E3": [],
                "S2.E4": [],
                "S2.E5": []
            },
            "Accuracy": 0.0,
            "Precision": 0,
            "Recall": 0.0,
            "F1 Score": 0
        },
        "Article ID: 0907.2872": {
            "Adjacency List": {
                "S2.E1": [],
                "S2.E2": [],
                "S2.E3": [],
                "S2.E4": [],
                "S2.E5": [],
                "S2.E6": [],
                "S2.E7": [],
                "S2.E8": [],
                "S2.E9": [],
                "S2.E10": [],
                "S3.E11": [],
                "S3.E12": [],
                "S3.E13": [],
                "S3.E14": []
            },
            "Accuracy": 0.0,
            "Precision": 0,
            "Recall": 0.0,
            "F1 Score": 0
        },
        "Article ID: 0907.2959": {
            "Adjacency List": {
                "S1.E1": [],
                "S1.E2": [],
                "S2.E3": [],
                "S2.E4": [],
                "S2.E5": [],
                "S2.E6": [],
                "S2.E7": [],
                "S3.E8": []
            },
            "Accuracy": 0.0,
            "Precision": 0,
            "Recall": 0.0,
            "F1 Score": 0
        },
        "Article ID: 0907.2994": {
            "Adjacency List": {
                "S2.E1": [],
                "S2.E2": [],
                "S2.E3": [],
                "S3.E4": [
                    "S3.E5",
                    "S4.E6",
                    "S4.E7",
                    "S4.E8"
                ],
                "S3.E5": [
                    "S4.E6",
                    "S4.E7",
                    "S4.E8"
                ],
                "S4.E6": [
                    "S4.E7",
                    "S4.E8"
                ],
                "S4.E7": [],
                "S4.E8": [],
                "S4.E9": [],
                "S4.E10": []
            },
            "Accuracy": 0.05555555555555555,
            "Precision": 0.1111111111111111,
            "Recall": 0.1,
            "F1 Score": 0.10526315789473685
        },
        "Article ID: 0907.3017": {
            "Adjacency List": {
                "S0.E1": [],
                "S0.E2": [],
                "S0.E3": [],
                "S0.E4": [],
                "S0.E5": [],
                "S0.E6": [],
                "S0.E7": [],
                "S0.E8": [],