{
    "Correctness": {
        "Number of articles used": 15,
        "Overall Correctness": {
            "Overall Accuracy": 0.1773049645390071,
            "Overall Precision": 0.3067484662576687,
            "Overall Recall": 0.2958579881656805,
            "Overall F1 Score": 0.30120481927710846
        },
        "Aggregate Correctness Statistics": {
            "Accuracy": {
                "Mean": 0.21442949192091068,
                "Lowest": 0.03571428571428571,
                "25th Quartile (Q1)": 0.08712121212121213,
                "Median": 0.21875,
                "75th Quartile (Q3)": 0.26136363636363635,
                "Highest": 0.6
            },
            "Precision": {
                "Mean": 0.3316366966366966,
                "Lowest": 0.08333333333333333,
                "25th Quartile (Q1)": 0.17424242424242425,
                "Median": 0.3,
                "75th Quartile (Q3)": 0.41428571428571426,
                "Highest": 0.75
            },
            "Recall": {
                "Mean": 0.33245673716261953,
                "Lowest": 0.058823529411764705,
                "25th Quartile (Q1)": 0.15,
                "Median": 0.3333333333333333,
                "75th Quartile (Q3)": 0.45555555555555555,
                "Highest": 0.75
            },
            "F1 Score": {
                "Mean": 0.32858763278641573,
                "Lowest": 0.06896551724137931,
                "25th Quartile (Q1)": 0.16025641025641024,
                "Median": 0.35897435897435903,
                "75th Quartile (Q3)": 0.41428571428571426,
                "Highest": 0.75
            }
        }
    },
    "Results": {
        "Article ID: 0907.2648": {
            "Adjacency List": {
                "S2.E1": [
                    null
                ],
                "S2.E2": [
                    null
                ],
                "S2.E3": [
                    null
                ],
                "S2.E4": [
                    null
                ],
                "S2.E5": [
                    null
                ],
                "S2.E6": [
                    null
                ],
                "S2.E7": [
                    null
                ],
                "S2.E8": [
                    null
                ],
                "S2.E9": [
                    null
                ],
                "S2.E10": [
                    null
                ],
                "S2.E11": [
                    null
                ],
                "S2.E12": [
                    null
                ],
                "S2.E13": [
                    null
                ],
                "S3.E14": [
                    null
                ]
            },
            "Accuracy": 0.2727272727272727,
            "Precision": 0.42857142857142855,
            "Recall": 0.42857142857142855,
            "F1 Score": 0.42857142857142855
        },
        "Article ID: 0907.2720": {
            "Adjacency List": {
                "S0.E1": [
                    null
                ],
                "S0.E2": [
                    null
                ],
                "S0.E3": [
                    null
                ],
                "S0.E4": [
                    "S0.E6"
                ],
                "S0.E5": [
                    "S0.E6"
                ],
                "S0.E6": [
                    null
                ]
            },
            "Accuracy": 0.09090909090909091,
            "Precision": 0.16666666666666666,
            "Recall": 0.16666666666666666,
            "F1 Score": 0.16666666666666666
        },
        "Article ID: 0907.2870": {
            "Adjacency List": {
                "S0.E1": [
                    null
                ],
                "S0.E2": [
                    "S0.E5",
                    "S0.E6",
                    "S0.E7",
                    "S0.E8"
                ],
                "S0.E3": [
                    "S0.E8"
                ],
                "S0.E4": [
                    "S0.E5",
                    "S0.E6",
                    "S0.E7",
                    "S0.E8"
                ],
                "S0.E5": [
                    "S0.E6",
                    "S0.E7",
                    "S0.E8"
                ],
                "S0.E6": [
                    "S0.E7",
                    "S0.E8"
                ],
                "S0.E7": [
                    "S0.E8"
                ],
                "S0.E8": [
                    null
                ],
                "S0.E9": [
                    null
                ],
                "S0.E10": [
                    null
                ],
                "S0.E11": [
                    null
                ],
                "S0.E12": [
                    null
                ],
                "S0.E13": [
                    null
                ],
                "S0.E14": [
                    null
                ],
                "S0.E15": [
                    null
                ]
            },
            "Accuracy": 0.21875,
            "Precision": 0.2916666666666667,
            "Recall": 0.4666666666666667,
            "F1 Score": 0.35897435897435903
        },
        "Article ID: 0907.2872": {
            "Adjacency List": {
                "S2.E1": [
                    null
                ],
                "S2.E2": [
                    null
                ],
                "S2.E3": [
                    null
                ],
                "S2.E4": [
                    null
                ],
                "S2.E5": [
                    null
                ],
                "S2.E6": [
                    null
                ],
                "S2.E7": [
                    null
                ],
                "S2.E8": [
                    null
                ],
                "S2.E9": [
                    null
                ],
                "S2.E10": [
                    null
                ],
                "S2.E11": [
                    null
                ],
                "S2.E12": [
                    null
                ]
            },
            "Accuracy": 0.03571428571428571,
            "Precision": 0.08333333333333333,
            "Recall": 0.058823529411764705,
            "F1 Score": 0.06896551724137931
        },
        "Article ID: 0907.2959": {
            "Adjacency List": {
                "S2.E1": [
                    null
                ],
                "S2.E2": [
                    null
                ],
                "S2.E3": [
                    null
                ],
                "S2.E4": [
                    null
                ],
                "S2.E5": [
                    null
                ],
                "S3.E6": [
                    null
                ],
                "S3.E7": [
                    null
                ],
                "S3.E8": [
                    null
                ]
            },
            "Accuracy": 0.3076923076923077,
            "Precision": 0.5,
            "Recall": 0.4444444444444444,
            "F1 Score": 0.47058823529411764
        },
        "Article ID: 0907.2994": {
            "Adjacency List": {
                "S2.E1": [
                    null
                ],
                "S2.E2": [
                    null
                ],
                "S2.E3": [
                    null
                ],
                "S2.E4": [
                    null
                ],
                "S2.E5": [
                    null
                ],
                "S2.E6": [
                    null
                ],
                "S2.E7": [
                    null
                ],
                "S2.E8": [
                    null
                ],
                "S2.E9": [
                    null
                ],
                "S3.E10": [
                    null
                ]
            },