{
    "Correctness": {
        "Number of articles used": 10,
        "Overall Correctness": {
            "Overall Accuracy": 0.8125854993160054,
            "Overall Precision": 0.18181818181818182,
            "Overall Recall": 0.33070866141732286,
            "Overall F1 Score": 0.2346368715083799
        },
        "Aggregate Correctness Statistics": {
            "Accuracy": {
                "Mean": 0.783711287830146,
                "Lowest": 0.5789473684210527,
                "25th Quartile (Q1)": 0.6612466124661247,
                "Median": 0.8214709993011879,
                "75th Quartile (Q3)": 0.8850935828877005,
                "Highest": 0.9555555555555556
            },
            "Precision": {
                "Mean": 0.23804746552681783,
                "Lowest": 0.0,
                "25th Quartile (Q1)": 0.12600521625733535,
                "Median": 0.17708333333333331,
                "75th Quartile (Q3)": 0.19687500000000002,
                "Highest": 0.7777777777777778
            },
            "Recall": {
                "Mean": 0.30020227794221604,
                "Lowest": 0.0,
                "25th Quartile (Q1)": 0.1282051282051282,
                "Median": 0.23823529411764705,
                "75th Quartile (Q3)": 0.4096638655462185,
                "Highest": 0.7777777777777778
            },
            "F1 Score": {
                "Mean": 0.24154689754689757,
                "Lowest": 0.0,
                "25th Quartile (Q1)": 0.1488095238095238,
                "Median": 0.19090909090909092,
                "75th Quartile (Q3)": 0.23158730158730156,
                "Highest": 0.7777777777777778
            }
        }
    },
    "Results": {
        "Article ID: 0907.2648": {
            "Adjacency List": {
                "S0.E1": [
                    null
                ],
                "S0.E2": [
                    null
                ],
                "S0.E3": [
                    null
                ],
                "S0.E4": [
                    null
                ],
                "S0.E5": [
                    null
                ],
                "S0.E6": [
                    null
                ],
                "S0.E7": [
                    null
                ],
                "S0.E8": [
                    null
                ],
                "S0.E9": [
                    null
                ],
                "S0.E10": [
                    null
                ]
            },
            "Accuracy": 0.8909090909090909,
            "Precision": 0.6,
            "Recall": 0.42857142857142855,
            "F1 Score": 0.5
        },
        "Article ID: 0907.2720": {
            "Adjacency List": {
                "S0.E1": [
                    null
                ],
                "S0.E2": [
                    null
                ],
                "S0.E3": [
                    null
                ],
                "S0.E4": [
                    null
                ],
                "S0.E5": [
                    null
                ],
                "S0.E6": [
                    null
                ],
                "S0.E7": [
                    null
                ],
                "S0.E8": [
                    null
                ],
                "S0.E9": [
                    null
                ]
            },
            "Accuracy": 0.9555555555555556,
            "Precision": 0.7777777777777778,
            "Recall": 0.7777777777777778,
            "F1 Score": 0.7777777777777778
        },
        "Article ID: 0907.2870": {
            "Adjacency List": {
                "S4.E1": [
                    "S4.E2",
                    "S4.E7",
                    "S4.E9",
                    "S4.E10",
                    "S4.E11",
                    "S4.E12",
                    "S5.E13",
                    "S5.E14",
                    "S5.E15",
                    "S5.E16"
                ],
                "S4.E2": [
                    "S4.E7",
                    "S4.E9",
                    "S4.E10",
                    "S4.E11",
                    "S4.E12",
                    "S5.E13",
                    "S5.E14",
                    "S5.E15",
                    "S5.E16"
                ],
                "S4.E3": [
                    "S4.E7",
                    "S4.E9",
                    "S4.E10",
                    "S4.E11",
                    "S4.E12",
                    "S5.E13",
                    "S5.E14",
                    "S5.E15",
                    "S5.E16"
                ],
                "S4.E4": [
                    "S4.E5",
                    "S4.E6",
                    "S4.E7",
                    "S4.E8",
                    "S4.E9",
                    "S4.E10",
                    "S4.E11",
                    "S4.E12",
                    "S5.E13",
                    "S5.E14",
                    "S5.E15",
                    "S5.E16"
                ],
                "S4.E5": [
                    "S4.E6",
                    "S4.E7",
                    "S4.E8",
                    "S4.E9",
                    "S4.E10",
                    "S4.E11",
                    "S4.E12",
                    "S5.E13",
                    "S5.E14",
                    "S5.E15",
                    "S5.E16"
                ],
                "S4.E6": [
                    "S4.E7",
                    "S4.E8",
                    "S4.E9",
                    "S4.E10",
                    "S4.E11",
                    "S4.E12",
                    "S5.E13",
                    "S5.E14",
                    "S5.E15",
                    "S5.E16"
                ],
                "S4.E7": [
                    "S4.E8",
                    "S4.E9",
                    "S4.E10",
                    "S4.E11",
                    "S4.E12",
                    "S5.E13",
                    "S5.E14",
                    "S5.E15",
                    "S5.E16"
                ],
                "S4.E8": [
                    "S4.E9",
                    "S4.E10",
                    "S4.E11",
                    "S4.E12",
                    "S5.E13",
                    "S5.E14",
                    "S5.E15",
                    "S5.E16"
                ],
                "S4.E9": [
                    "S4.E10",
                    "S4.E11",
                    "S4.E12",
                    "S5.E13",
                    "S5.E14",
                    "S5.E15",
                    "S5.E16"
                ],
                "S4.E10": [
                    "S4.E11",
                    "S4.E12",
                    "S5.E13",
                    "S5.E14",
                    "S5.E15",
                    "S5.E16"
                ],
                "S4.E11": [
                    "S4.E12",
                    "S5.E13",
                    "S5.E14",
                    "S5.E15",
                    "S5.E16"
                ],
                "S4.E12": [
                    "S5.E13",
                    "S5.E14",
                    "S5.E15",
                    "S5.E16"
                ],
                "S5.E13": [
                    "S5.E14",
                    "S5.E15",
                    "S5.E16"
                ],
                "S5.E14": [
                    "S5.E15",
                    "S5.E16"
                ],
                "S5.E15": [
                    "S5.E16"
                ],
                "S5.E16": [
                    null
                ]
            },
            "Accuracy": 0.6153846153846154,
            "Precision": 0.12149532710280374,
            "Recall": 0.6842105263157895,
            "F1 Score": 0.20634920634920634
        },
        "Article ID: 0907.2872": {
            "Adjacency List": {
                "S0.E1": [
                    null
                ],
                "S0.E2": [
                    null
                ],