{
    "Correctness": {
        "Number of articles used": 10,
        "Overall Correctness": {
            "Overall Accuracy": 0.1033434650455927,
            "Overall Precision": 0.13709677419354838,
            "Overall Recall": 0.2956521739130435,
            "Overall F1 Score": 0.18732782369146003
        },
        "Aggregate Correctness Statistics": {
            "Accuracy": {
                "Mean": 0.10643192354487574,
                "Lowest": 0.0,
                "25th Quartile (Q1)": 0.009615384615384616,
                "Median": 0.060714285714285714,
                "75th Quartile (Q3)": 0.11240671641791045,
                "Highest": 0.4166666666666667
            },
            "Precision": {
                "Mean": 0.14849786324786324,
                "Lowest": 0.0,
                "25th Quartile (Q1)": 0.015625,
                "Median": 0.08012820512820512,
                "75th Quartile (Q3)": 0.2722222222222222,
                "Highest": 0.5
            },
            "Recall": {
                "Mean": 0.2434040959040959,
                "Lowest": 0.0,
                "25th Quartile (Q1)": 0.022727272727272728,
                "Median": 0.14583333333333331,
                "75th Quartile (Q3)": 0.37916666666666665,
                "Highest": 0.7142857142857143
            },
            "F1 Score": {
                "Mean": 0.16993603289268924,
                "Lowest": 0.0,
                "25th Quartile (Q1)": 0.018518518518518517,
                "Median": 0.1142857142857143,
                "75th Quartile (Q3)": 0.2013888888888889,
                "Highest": 0.588235294117647
            }
        }
    },
    "Results": {
        "Article ID: 0907.2648": {
            "Adjacency List": {
                "S2.E1": [
                    "S2.E6",
                    "S2.E8",
                    "S2.E9",
                    "S2.E10"
                ],
                "S2.E2": [
                    "S2.E1",
                    "S2.E6",
                    "S2.E8",
                    "S2.E9",
                    "S2.E10",
                    "S3.E11",
                    "S3.E12"
                ],
                "S2.E3": [
                    "S2.E1",
                    "S2.E2",
                    "S2.E6",
                    "S2.E7",
                    "S2.E8",
                    "S2.E9",
                    "S2.E10"
                ],
                "S2.E4": [
                    "S2.E1",
                    "S2.E2",
                    "S2.E3",
                    "S2.E6",
                    "S2.E8",
                    "S2.E9",
                    "S2.E10",
                    "S3.E11",
                    "S3.E12"
                ],
                "S2.E5": [
                    "S2.E1",
                    "S2.E2",
                    "S2.E3",
                    "S2.E4",
                    "S2.E6",
                    "S2.E9",
                    "S3.E12"
                ],
                "S2.E6": [
                    "S2.E7",
                    "S2.E8",
                    "S2.E9",
                    "S2.E10",
                    "S3.E11",
                    "S3.E12"
                ],
                "S2.E7": [
                    "S2.E1",
                    "S2.E2",
                    "S2.E4",
                    "S2.E5",
                    "S2.E8",
                    "S2.E9",
                    "S2.E10",
                    "S3.E12"
                ],
                "S2.E8": [
                    "S2.E5",
                    "S2.E9",
                    "S2.E10",
                    "S3.E12"
                ],
                "S2.E9": [
                    "S2.E10",
                    "S3.E11",
                    "S3.E12"
                ],
                "S2.E10": [
                    "S2.E5",
                    "S3.E11",
                    "S3.E12"
                ],
                "S3.E11": [
                    "S2.E5",
                    "S3.E12"
                ],
                "S3.E12": []
            },
            "Accuracy": 0.07462686567164178,
            "Precision": 0.08333333333333333,
            "Recall": 0.4166666666666667,
            "F1 Score": 0.1388888888888889
        },
        "Article ID: 0907.2720": {
            "Adjacency List": {
                "S2.E1": [
                    "S2.E2",
                    "S2.E3",
                    "S2.E4",
                    "S2.E5",
                    "S2.E10"
                ],
                "S2.E2": [
                    "S2.E3",
                    "S2.E4",
                    "S2.E5",
                    "S2.E8",
                    "S2.E9",
                    "S2.E10"
                ],
                "S2.E3": [
                    "S2.E4",
                    "S2.E5",
                    "S2.E6",
                    "S2.E7",
                    "S2.E8",
                    "S2.E9",
                    "S2.E10",
                    "S2.E11"
                ],
                "S2.E4": [
                    "S2.E5",
                    "S2.E8",
                    "S2.E9",
                    "S2.E10"
                ],
                "S2.E5": [
                    "S2.E6",
                    "S2.E7",
                    "S2.E8",
                    "S2.E9",
                    "S2.E10",
                    "S2.E11"
                ],
                "S2.E6": [
                    "S2.E7",
                    "S2.E8",
                    "S2.E9",
                    "S2.E10",
                    "S2.E11"
                ],
                "S2.E7": [
                    "S2.E8",
                    "S2.E9",
                    "S2.E10",
                    "S2.E11"
                ],
                "S2.E8": [
                    "S2.E9",
                    "S2.E10",
                    "S2.E11"
                ],
                "S2.E9": [
                    "S2.E10",
                    "S2.E11"
                ],
                "S2.E10": [
                    "S2.E11",
                    "S3.E13"
                ],
                "S2.E11": [],
                "S2.E12": [],
                "S3.E13": [],
                "S3.E14": []
            },
            "Accuracy": 0.07142857142857142,
            "Precision": 0.08888888888888889,
            "Recall": 0.26666666666666666,
            "F1 Score": 0.13333333333333333
        },
        "Article ID: 0907.2870": {
            "Adjacency List": {
                "S3.E1": [],
                "S3.E2": [
                    "S3.E1"
                ],
                "S3.E3": [],
                "S3.E4": [
                    "S3.E6"
                ],
                "S3.E5": [
                    "S3.E4",
                    "S3.E6"
                ],
                "S3.E6": [],
                "S3.E7": [],
                "S6.E8": [],
                "S6.E9": []
            },
            "Accuracy": 0.0,
            "Precision": 0.0,
            "Recall": 0.0,
            "F1 Score": 0
        },
        "Article ID: 0907.2872": {
            "Adjacency List": {
                "S0.E1": [],
                "S0.E2": [],
                "S0.E3": [
                    "S0.E4",
                    "S0.E5"
                ],
                "S0.E4": [
                    "S0.E5"
                ],
                "S0.E5": [],
                "S0.E6": []
            },
            "Accuracy": 0.125,
            "Precision": 0.3333333333333333,
            "Recall": 0.16666666666666666,
            "F1 Score": 0.2222222222222222
        },
        "Article ID: 0907.2959": {
            "Adjacency List": {
                "S0.E1": [
                    "S0.E2",
                    "S0.E3",
                    "S0.E4"
                ],
                "S0.E2": [
                    "S0.E3",
                    "S0.E4",
                    "S0.E5",
                    "S0.E6"
                ],