{
    "Correctness": {
        "Number of articles used": 10,
        "Overall Correctness": {
            "Overall Accuracy": 0.909706546275395,
            "Overall Precision": 0.4690265486725664,
            "Overall Recall": 0.4690265486725664,
            "Overall F1 Score": 0.4690265486725664
        },
        "Aggregate Correctness Statistics": {
            "Accuracy": {
                "Mean": 0.908208419071421,
                "Lowest": 0.8545454545454545,
                "25th Quartile (Q1)": 0.8891941391941391,
                "Median": 0.899438202247191,
                "75th Quartile (Q3)": 0.929396008154364,
                "Highest": 0.9743589743589743
            },
            "Precision": {
                "Mean": 0.499749000999001,
                "Lowest": 0.14285714285714285,
                "25th Quartile (Q1)": 0.334375,
                "Median": 0.5,
                "75th Quartile (Q3)": 0.6590909090909091,
                "Highest": 0.8333333333333334
            },
            "Recall": {
                "Mean": 0.5088421382539029,
                "Lowest": 0.14285714285714285,
                "25th Quartile (Q1)": 0.2904411764705882,
                "Median": 0.5681818181818181,
                "75th Quartile (Q3)": 0.6666666666666666,
                "Highest": 0.8333333333333334
            },
            "F1 Score": {
                "Mean": 0.5028388278388278,
                "Lowest": 0.14285714285714285,
                "25th Quartile (Q1)": 0.3106060606060606,
                "Median": 0.5357142857142858,
                "75th Quartile (Q3)": 0.6590909090909091,
                "Highest": 0.8333333333333334
            }
        }
    },
    "Results": {
        "Article ID: 0907.2648": {
            "Adjacency List": {
                "S0.E1": [
                    null
                ],
                "S0.E2": [
                    "S0.E3",
                    "S0.E4"
                ],
                "S0.E3": [
                    "S0.E4",
                    "S0.E5"
                ],
                "S0.E4": [
                    null
                ],
                "S0.E5": [
                    null
                ],
                "S0.E6": [
                    null
                ],
                "S0.E7": [
                    null
                ],
                "S0.E8": [
                    null
                ],
                "S0.E9": [
                    null
                ],
                "S0.E10": [
                    null
                ]
            },
            "Accuracy": 0.8888888888888888,
            "Precision": 0.5,
            "Recall": 0.5,
            "F1 Score": 0.5
        },
        "Article ID: 0907.2720": {
            "Adjacency List": {
                "S0.E1": [
                    null
                ],
                "S0.E2": [
                    null
                ],
                "S0.E3": [
                    null
                ],
                "S0.E4": [
                    null
                ],
                "S0.E5": [
                    null
                ],
                "S0.E6": [
                    "S0.E7",
                    "S0.E8",
                    "S0.E9"
                ],
                "S0.E7": [
                    "S0.E8",
                    "S0.E9"
                ],
                "S0.E8": [
                    "S0.E9"
                ],
                "S0.E9": [
                    null
                ]
            },
            "Accuracy": 0.898876404494382,
            "Precision": 0.5,
            "Recall": 0.6666666666666666,
            "F1 Score": 0.5714285714285715
        },
        "Article ID: 0907.2870": {
            "Adjacency List": {
                "S2.E1": [
                    null
                ],
                "S2.E2": [
                    null
                ],
                "S2.E3": [
                    null
                ],
                "S2.E4": [
                    null
                ],
                "S2.E5": [
                    null
                ],
                "S2.E6": [
                    null
                ],
                "S2.E7": [
                    null
                ],
                "S2.E8": [
                    null
                ],
                "S2.E9": [
                    "S3.E14"
                ],
                "S2.E10": [
                    "S3.E14"
                ],
                "S3.E11": [
                    "S3.E14"
                ],
                "S3.E12": [
                    "S3.E14"
                ],
                "S3.E13": [
                    "S3.E14"
                ],
                "S3.E14": [
                    null
                ]
            },
            "Accuracy": 0.883495145631068,
            "Precision": 0.14285714285714285,
            "Recall": 0.14285714285714285,
            "F1 Score": 0.14285714285714285
        },
        "Article ID: 0907.2872": {
            "Adjacency List": {
                "S0.E1": [
                    null
                ],
                "S0.E2": [
                    "S0.E3"
                ],
                "S0.E3": [
                    null
                ],
                "S0.E4": [
                    "S0.E3"
                ],
                "S0.E5": [
                    null
                ],
                "S0.E6": [
                    null
                ],
                "S0.E7": [
                    null
                ],
                "S0.E8": [
                    null
                ],
                "S0.E9": [
                    null
                ]
            },
            "Accuracy": 0.9325842696629213,
            "Precision": 0.6666666666666666,
            "Recall": 0.6666666666666666,
            "F1 Score": 0.6666666666666666
        },
        "Article ID: 0907.2959": {
            "Adjacency List": {
                "S1.E1": [
                    null
                ],
                "S1.E2": [
                    null
                ],
                "S1.E3": [
                    null
                ],
                "S3.E4": [
                    null
                ]
            },
            "Accuracy": 0.9,
            "Precision": 0.75,
            "Recall": 0.75,
            "F1 Score": 0.75
        },
        "Article ID: 0907.2994": {
            "Adjacency List": {
                "S1.E1": [
                    null
                ],
                "S2.E2": [
                    null
                ],
                "S2.E3": [
                    null
                ],
                "S2.E4": [
                    null
                ],
                "S2.E5": [
                    null
                ],
                "S3.E6": [
                    null
                ],
                "S3.E7": [
                    null
                ],
                "S3.E8": [
                    null
                ],
                "S3.E9": [
                    null
                ],
                "S4.E10": [
                    null
                ],
                "S4.E11": [
                    null
                ],
                "S4.E12": [
                    null
                ],
                "S4.E13": [
                    null
                ]
            },
            "Accuracy": 0.8901098901098901,
            "Precision": 0.23076923076923078,
            "Recall": 0.23076923076923078,
            "F1 Score": 0.23076923076923078
        },
        "Article ID: 0907.3017": {
            "Adjacency List": {
                "S2.E1": [
                    null
                ],
                "S2.E2": [
                    null
                ],
                "S2.E3": [
                    null
                ],
                "S2.E4": [
                    null
                ],