{
    "Correctness": {
        "Number of articles used": 5,
        "Overall Correctness": {
            "Overall Accuracy": 0.11538461538461539,
            "Overall Precision": 0.16483516483516483,
            "Overall Recall": 0.2777777777777778,
            "Overall F1 Score": 0.20689655172413796
        },
        "Aggregate Correctness Statistics": {
            "Accuracy": {
                "Mean": 0.10534301382127469,
                "Lowest": 0.043478260869565216,
                "25th Quartile (Q1)": 0.05,
                "Median": 0.11904761904761904,
                "75th Quartile (Q3)": 0.125,
                "Highest": 0.1891891891891892
            },
            "Precision": {
                "Mean": 0.17859848484848484,
                "Lowest": 0.09090909090909091,
                "25th Quartile (Q1)": 0.1111111111111111,
                "Median": 0.1388888888888889,
                "75th Quartile (Q3)": 0.21875,
                "Highest": 0.3333333333333333
            },
            "Recall": {
                "Mean": 0.27296037296037295,
                "Lowest": 0.07692307692307693,
                "25th Quartile (Q1)": 0.08333333333333333,
                "Median": 0.16666666666666666,
                "75th Quartile (Q3)": 0.45454545454545453,
                "Highest": 0.5833333333333334
            },
            "F1 Score": {
                "Mean": 0.18634828528445552,
                "Lowest": 0.08333333333333334,
                "25th Quartile (Q1)": 0.09523809523809525,
                "Median": 0.21276595744680854,
                "75th Quartile (Q3)": 0.2222222222222222,
                "Highest": 0.31818181818181823
            }
        }
    },
    "Results": {
        "Article ID: 0907.2648": {
            "Adjacency List": {
                "S0.E1": [
                    "S0.E2",
                    "S0.E3",
                    "S0.E4",
                    "S0.E5",
                    "S0.E7"
                ],
                "S0.E2": [
                    "S0.E3",
                    "S0.E4",
                    "S0.E5",
                    "S0.E6",
                    "S0.E7"
                ],
                "S0.E3": [
                    "S0.E4",
                    "S0.E5",
                    "S0.E6",
                    "S0.E7",
                    "S0.E8",
                    "S0.E9"
                ],
                "S0.E4": [
                    "S0.E5",
                    "S0.E6",
                    "S0.E7",
                    "S0.E8",
                    "S0.E9"
                ],
                "S0.E5": [
                    "S0.E6",
                    "S0.E7",
                    "S0.E8",
                    "S0.E9"
                ],
                "S0.E6": [
                    "S0.E7",
                    "S0.E8",
                    "S0.E9"
                ],
                "S0.E7": [
                    "S0.E8",
                    "S0.E9",
                    "S0.E10"
                ],
                "S0.E8": [
                    "S0.E9"
                ],
                "S0.E9": [],
                "S0.E10": []
            },
            "Accuracy": 0.1891891891891892,
            "Precision": 0.21875,
            "Recall": 0.5833333333333334,
            "F1 Score": 0.31818181818181823
        },
        "Article ID: 0907.2720": {
            "Adjacency List": {
                "S0.E1": [],
                "S0.E2": [],
                "S0.E3": [
                    "S0.E4",
                    "S0.E5"
                ],
                "S0.E4": [
                    "S0.E5"
                ],
                "S0.E5": [],
                "S0.E6": []
            },
            "Accuracy": 0.125,
            "Precision": 0.3333333333333333,
            "Recall": 0.16666666666666666,
            "F1 Score": 0.2222222222222222
        },
        "Article ID: 0907.2870": {
            "Adjacency List": {
                "S3.E1": [
                    "S3.E6",
                    "S3.E8",
                    "S3.E9"
                ],
                "S3.E2": [
                    "S3.E1",
                    "S3.E6",
                    "S3.E8",
                    "S3.E9"
                ],
                "S3.E3": [
                    "S3.E1",
                    "S3.E2",
                    "S3.E6",
                    "S3.E8",
                    "S3.E9"
                ],
                "S3.E4": [
                    "S3.E1",
                    "S3.E2",
                    "S3.E3",
                    "S3.E6",
                    "S3.E8",
                    "S3.E9"
                ],
                "S3.E5": [
                    "S3.E1",
                    "S3.E2",
                    "S3.E3",
                    "S3.E4",
                    "S3.E6",
                    "S3.E8",
                    "S3.E9"
                ],
                "S3.E6": [
                    "S3.E7",
                    "S3.E8",
                    "S3.E9"
                ],
                "S3.E7": [
                    "S3.E1",
                    "S3.E2",
                    "S3.E3",
                    "S3.E4",
                    "S3.E5",
                    "S3.E8",
                    "S3.E9"
                ],
                "S3.E8": [
                    "S3.E9"
                ],
                "S3.E9": [],
                "S3.E10": []
            },
            "Accuracy": 0.11904761904761904,
            "Precision": 0.1388888888888889,
            "Recall": 0.45454545454545453,
            "F1 Score": 0.21276595744680854
        },
        "Article ID: 0907.2872": {
            "Adjacency List": {
                "S1.E1": [
                    "S2.E3"
                ],
                "S2.E2": [
                    "S2.E4",
                    "S2.E5"
                ],
                "S2.E3": [
                    "S2.E2",
                    "S2.E4",
                    "S2.E5",
                    "S2.E6",
                    "S2.E7"
                ],
                "S2.E4": [
                    "S2.E5"
                ],
                "S2.E5": [
                    "S2.E6",
                    "S2.E7"
                ],
                "S2.E6": [],
                "S2.E7": [],
                "S2.E8": [],
                "S3.E9": [],
                "S3.E10": [],
                "S6.E11": [],
                "S6.E12": []
            },
            "Accuracy": 0.043478260869565216,
            "Precision": 0.09090909090909091,
            "Recall": 0.07692307692307693,
            "F1 Score": 0.08333333333333334
        },
        "Article ID: 0907.2959": {
            "Adjacency List": {
                "S2.E1": [
                    "S2.E2",
                    "S2.E3",
                    "S2.E4"
                ],
                "S2.E2": [
                    "S2.E4"
                ],
                "S2.E3": [
                    "S2.E2"
                ],
                "S2.E4": [
                    "S2.E3"
                ],
                "S2.E5": [],
                "S3.E6": [
                    "S3.E8"
                ],
                "S3.E7": [
                    "S3.E6"
                ],
                "S3.E8": [
                    "S3.E7"
                ],
                "S3.E9": [],
                "S4.E10": []
            },
            "Accuracy": 0.05,
            "Precision": 0.1111111111111111,
            "Recall": 0.08333333333333333,
            "F1 Score": 0.09523809523809525
        }
    },