{
    "Correctness": {
        "Number of articles used": 10,
        "Overall Correctness": {
            "Overall Accuracy": 0.8890701468189234,
            "Overall Precision": 0.4247787610619469,
            "Overall Recall": 0.40336134453781514,
            "Overall F1 Score": 0.41379310344827586
        },
        "Aggregate Correctness Statistics": {
            "Accuracy": {
                "Mean": 0.8793477362457341,
                "Lowest": 0.8035714285714286,
                "25th Quartile (Q1)": 0.8154761904761905,
                "Median": 0.8985328938205116,
                "75th Quartile (Q3)": 0.9223810310641111,
                "Highest": 0.9666666666666667
            },
            "Precision": {
                "Mean": 0.43501207942384407,
                "Lowest": 0.25,
                "25th Quartile (Q1)": 0.2912087912087912,
                "Median": 0.3333333333333333,
                "75th Quartile (Q3)": 0.5802139037433155,
                "Highest": 0.8888888888888888
            },
            "Recall": {
                "Mean": 0.43892859591389,
                "Lowest": 0.1875,
                "25th Quartile (Q1)": 0.25416666666666665,
                "Median": 0.3,
                "75th Quartile (Q3)": 0.6118881118881119,
                "Highest": 0.875
            },
            "F1 Score": {
                "Mean": 0.432450640708354,
                "Lowest": 0.21428571428571427,
                "25th Quartile (Q1)": 0.2689655172413793,
                "Median": 0.30952380952380953,
                "75th Quartile (Q3)": 0.593939393939394,
                "Highest": 0.8421052631578948
            }
        }
    },
    "Results": {
        "Article ID: 0907.2648": {
            "Adjacency List": {
                "S2.E1": [
                    null
                ],
                "S2.E2": [
                    null
                ],
                "S2.E3": [
                    null
                ],
                "S2.E4": [
                    null
                ],
                "S2.E5": [
                    null
                ],
                "S2.E6": [
                    null
                ],
                "S2.E7": [
                    "S2.E8",
                    "S2.E9",
                    "S2.E10"
                ],
                "S2.E8": [
                    null
                ],
                "S2.E9": [
                    "S2.E10"
                ],
                "S2.E10": [
                    null
                ]
            },
            "Accuracy": 0.8073394495412844,
            "Precision": 0.3333333333333333,
            "Recall": 0.23529411764705882,
            "F1 Score": 0.27586206896551724
        },
        "Article ID: 0907.2720": {
            "Adjacency List": {
                "S2.E1": [
                    null
                ],
                "S2.E2": [
                    null
                ],
                "S2.E3": [
                    null
                ],
                "S2.E4": [
                    "S2.E5",
                    "S2.E10"
                ],
                "S2.E5": [
                    "S2.E9",
                    "S2.E10"
                ],
                "S2.E6": [
                    null
                ],
                "S2.E7": [
                    "S2.E9",
                    "S2.E10"
                ],
                "S2.E8": [
                    "S2.E9",
                    "S2.E10"
                ],
                "S2.E9": [
                    "S2.E10"
                ],
                "S2.E10": [
                    null
                ],
                "S3.E11": [
                    null
                ],
                "S4.E12": [
                    null
                ],
                "S4.E13": [
                    null
                ]
            },
            "Accuracy": 0.9101123595505618,
            "Precision": 0.4117647058823529,
            "Recall": 0.5384615384615384,
            "F1 Score": 0.4666666666666667
        },
        "Article ID: 0907.2870": {
            "Adjacency List": {
                "S0.E1": [
                    null
                ],
                "S0.E2": [
                    null
                ],
                "S0.E3": [
                    null
                ],
                "S0.E4": [
                    null
                ],
                "S0.E5": [
                    null
                ],
                "S0.E6": [
                    null
                ]
            },
            "Accuracy": 0.8095238095238095,
            "Precision": 0.3333333333333333,
            "Recall": 0.3333333333333333,
            "F1 Score": 0.3333333333333333
        },
        "Article ID: 0907.2872": {
            "Adjacency List": {
                "S0.E1": [
                    null
                ],
                "S0.E2": [
                    null
                ],
                "S0.E3": [
                    null
                ],
                "S0.E4": [
                    null
                ],
                "S0.E5": [
                    null
                ],
                "S0.E6": [
                    null
                ],
                "S0.E7": [
                    null
                ]
            },
            "Accuracy": 0.8035714285714286,
            "Precision": 0.2857142857142857,
            "Recall": 0.25,
            "F1 Score": 0.26666666666666666
        },
        "Article ID: 0907.2959": {
            "Adjacency List": {
                "S0.E1": [
                    null
                ],
                "S0.E2": [
                    null
                ],
                "S0.E3": [
                    null
                ],
                "S0.E4": [
                    null
                ],
                "S0.E5": [
                    null
                ],
                "S0.E6": [
                    null
                ],
                "S0.E7": [
                    null
                ],
                "S0.E8": [
                    null
                ],
                "S0.E9": [
                    null
                ]
            },
            "Accuracy": 0.9666666666666667,
            "Precision": 0.8888888888888888,
            "Recall": 0.8,
            "F1 Score": 0.8421052631578948
        },
        "Article ID: 0907.2994": {
            "Adjacency List": {
                "S0.E1": [
                    null
                ],
                "S0.E2": [
                    null
                ],
                "S0.E3": [
                    "S0.E4",
                    "S0.E5",
                    "S0.E8"
                ],
                "S0.E4": [
                    "S0.E5",
                    "S0.E8"
                ],
                "S0.E5": [
                    "S0.E8"
                ],
                "S0.E6": [
                    null
                ],
                "S0.E7": [
                    "S0.E8"
                ],
                "S0.E8": [
                    null
                ]
            },
            "Accuracy": 0.9264705882352942,
            "Precision": 0.6363636363636364,
            "Recall": 0.875,
            "F1 Score": 0.7368421052631579
        },
        "Article ID: 0907.3017": {
            "Adjacency List": {
                "S2.E1": [
                    null
                ],
                "S2.E2": [
                    null
                ],
                "S2.E3": [
                    null
                ],
                "S2.E4": [
                    null
                ],
                "S2.E5": [
                    null
                ],
                "S2.E6": [
                    null
                ],
                "S2.E7": [
                    null
                ],
                "S2.E8": [
                    null
                ],