{
    "Correctness": {
        "Number of articles used": 10,
        "Overall Correctness": {
            "Overall Accuracy": 0.08408408408408409,
            "Overall Precision": 0.12669683257918551,
            "Overall Recall": 0.2,
            "Overall F1 Score": 0.15512465373961218
        },
        "Aggregate Correctness Statistics": {
            "Accuracy": {
                "Mean": 0.054872183844258945,
                "Lowest": 0.0,
                "25th Quartile (Q1)": 0.0,
                "Median": 0.05316606929510155,
                "75th Quartile (Q3)": 0.0975889781859931,
                "Highest": 0.15384615384615385
            },
            "Precision": {
                "Mean": 0.08537593984962406,
                "Lowest": 0.0,
                "25th Quartile (Q1)": 0.0,
                "Median": 0.10714285714285715,
                "75th Quartile (Q3)": 0.12445175438596491,
                "Highest": 0.26666666666666666
            },
            "Recall": {
                "Mean": 0.17555231404302613,
                "Lowest": 0.0,
                "25th Quartile (Q1)": 0.0,
                "Median": 0.09775641025641026,
                "75th Quartile (Q3)": 0.2625,
                "Highest": 0.631578947368421
            },
            "F1 Score": {
                "Mean": 0.09926924202925315,
                "Lowest": 0.0,
                "25th Quartile (Q1)": 0.0,
                "Median": 0.10021551724137931,
                "75th Quartile (Q3)": 0.17760617760617758,
                "Highest": 0.26666666666666666
            }
        }
    },
    "Results": {
        "Article ID: 0907.2648": {
            "Adjacency List": {
                "S4.E1": [
                    "S4.E2",
                    "S4.E9",
                    "S4.E10",
                    "S4.E11",
                    "S4.E12",
                    "S5.E13",
                    "S5.E14",
                    "S5.E15",
                    "S5.E16"
                ],
                "S4.E2": [
                    "S4.E7",
                    "S4.E9",
                    "S4.E10",
                    "S4.E11",
                    "S4.E12",
                    "S5.E13",
                    "S5.E14",
                    "S5.E15",
                    "S5.E16"
                ],
                "S4.E3": [
                    "S4.E7",
                    "S4.E9",
                    "S4.E10",
                    "S4.E11",
                    "S4.E12",
                    "S5.E13",
                    "S5.E14",
                    "S5.E15",
                    "S5.E16"
                ],
                "S4.E4": [
                    "S4.E5",
                    "S4.E6",
                    "S4.E7",
                    "S4.E8",
                    "S4.E9",
                    "S4.E10",
                    "S4.E11",
                    "S4.E12",
                    "S5.E13",
                    "S5.E14",
                    "S5.E15",
                    "S5.E16"
                ],
                "S4.E5": [
                    "S4.E6",
                    "S4.E7",
                    "S4.E8",
                    "S4.E9",
                    "S4.E10",
                    "S4.E11",
                    "S4.E12",
                    "S5.E13",
                    "S5.E14",
                    "S5.E15",
                    "S5.E16"
                ],
                "S4.E6": [
                    "S4.E7",
                    "S4.E8",
                    "S4.E9",
                    "S4.E10",
                    "S4.E11",
                    "S4.E12",
                    "S5.E13",
                    "S5.E14",
                    "S5.E15",
                    "S5.E16"
                ],
                "S4.E7": [
                    "S4.E8",
                    "S4.E9",
                    "S4.E10",
                    "S4.E11",
                    "S4.E12",
                    "S5.E13",
                    "S5.E14",
                    "S5.E15",
                    "S5.E16"
                ],
                "S4.E8": [
                    "S4.E9",
                    "S4.E10",
                    "S4.E11",
                    "S4.E12",
                    "S5.E13",
                    "S5.E14",
                    "S5.E15",
                    "S5.E16"
                ],
                "S4.E9": [
                    "S4.E10",
                    "S4.E11",
                    "S4.E12",
                    "S5.E13",
                    "S5.E14",
                    "S5.E15",
                    "S5.E16"
                ],
                "S4.E10": [
                    "S4.E11",
                    "S4.E12",
                    "S5.E13",
                    "S5.E14",
                    "S5.E15",
                    "S5.E16"
                ],
                "S4.E11": [
                    "S4.E12",
                    "S5.E13",
                    "S5.E14",
                    "S5.E15",
                    "S5.E16"
                ],
                "S4.E12": [
                    "S5.E13",
                    "S5.E14",
                    "S5.E15",
                    "S5.E16"
                ],
                "S5.E13": [
                    "S5.E14",
                    "S5.E15",
                    "S5.E16"
                ],
                "S5.E14": [
                    "S5.E15",
                    "S5.E16"
                ],
                "S5.E15": [
                    "S5.E16"
                ],
                "S5.E16": []
            },
            "Accuracy": 0.10714285714285714,
            "Precision": 0.11428571428571428,
            "Recall": 0.631578947368421,
            "F1 Score": 0.19354838709677416
        },
        "Article ID: 0907.2720": {
            "Adjacency List": {
                "S2.E1": [],
                "S2.E2": [],
                "S2.E3": [],
                "S2.E4": [
                    "S2.E5",
                    "S2.E6",
                    "S2.E7",
                    "S2.E8",
                    "S2.E9",
                    "S2.E10"
                ],
                "S2.E5": [
                    "S2.E6",
                    "S2.E7",
                    "S2.E8",
                    "S2.E9",
                    "S2.E10"
                ],
                "S2.E6": [
                    "S2.E9",
                    "S2.E10"
                ],
                "S2.E7": [
                    "S2.E10"
                ],
                "S2.E8": [
                    "S2.E10"
                ],
                "S2.E9": [
                    "S2.E10"
                ],
                "S2.E10": [],
                "S3.E11": [],
                "S4.E12": [],
                "S4.E13": []
            },
            "Accuracy": 0.07407407407407407,
            "Precision": 0.125,
            "Recall": 0.15384615384615385,
            "F1 Score": 0.13793103448275862
        },
        "Article ID: 0907.2870": {
            "Adjacency List": {
                "S2.E1": [],
                "S2.E2": [],
                "S2.E3": [],
                "S2.E4": [],
                "S2.E5": [],
                "S3.E6": [],
                "S3.E7": [],
                "S3.E8": [],
                "S3.E9": [],
                "S3.E10": [],
                "S3.E11": [],
                "S3.E12": [],
                "S3.E13": [],
                "S4.E14": []
            },
            "Accuracy": 0.0,
            "Precision": 0,
            "Recall": 0.0,
            "F1 Score": 0
        },
        "Article ID: 0907.2872": {
            "Adjacency List": {
                "S3.E1": [],
                "S3.E2": [],
                "S3.E3": [],
                "S3.E4": [],
                "S3.E5": [],
                "S3.E6": [],
                "S3.E7": [],
                "S6.E8": [],
                "S6.E9": []
            },
            "Accuracy": 0.0,
            "Precision": 0,
            "Recall": 0.0,