{
    "Correctness": {
        "Number of articles used": 10,
        "Overall Correctness": {
            "Overall Accuracy": 0.8824393828067597,
            "Overall Precision": 0.325,
            "Overall Recall": 0.3305084745762712,
            "Overall F1 Score": 0.3277310924369748
        },
        "Aggregate Correctness Statistics": {
            "Accuracy": {
                "Mean": 0.834642601955615,
                "Lowest": 0.5789473684210527,
                "25th Quartile (Q1)": 0.8207792207792208,
                "Median": 0.8647719963438167,
                "75th Quartile (Q3)": 0.9091800143437724,
                "Highest": 0.9238095238095239
            },
            "Precision": {
                "Mean": 0.29762385129490393,
                "Lowest": 0.0,
                "25th Quartile (Q1)": 0.215625,
                "Median": 0.31666666666666665,
                "75th Quartile (Q3)": 0.3663157894736842,
                "Highest": 0.5555555555555556
            },
            "Recall": {
                "Mean": 0.3188905538905539,
                "Lowest": 0.0,
                "25th Quartile (Q1)": 0.1875,
                "Median": 0.303030303030303,
                "75th Quartile (Q3)": 0.45714285714285713,
                "Highest": 0.6
            },
            "F1 Score": {
                "Mean": 0.3034369878487525,
                "Lowest": 0.0,
                "25th Quartile (Q1)": 0.18356643356643354,
                "Median": 0.3095238095238095,
                "75th Quartile (Q3)": 0.42436974789915966,
                "Highest": 0.5555555555555556
            }
        }
    },
    "Results": {
        "Article ID: 0907.2648": {
            "Adjacency List": {
                "S0.E1": [
                    null
                ],
                "S0.E2": [
                    null
                ],
                "S0.E3": [
                    null
                ],
                "S0.E4": [
                    null
                ],
                "S0.E5": [
                    null
                ],
                "S0.E6": [
                    "S0.E9"
                ],
                "S0.E7": [
                    "S0.E9"
                ],
                "S0.E8": [
                    "S0.E9"
                ],
                "S0.E9": [
                    null
                ]
            },
            "Accuracy": 0.9101123595505618,
            "Precision": 0.5555555555555556,
            "Recall": 0.5555555555555556,
            "F1 Score": 0.5555555555555556
        },
        "Article ID: 0907.2720": {
            "Adjacency List": {
                "S2.E1": [
                    null
                ],
                "S2.E2": [
                    null
                ],
                "S2.E3": [
                    null
                ],
                "S2.E4": [
                    null
                ],
                "S2.E5": [
                    null
                ],
                "S2.E6": [
                    null
                ],
                "S2.E7": [
                    null
                ],
                "S2.E8": [
                    null
                ],
                "S2.E9": [
                    null
                ],
                "S2.E10": [
                    null
                ],
                "S2.E11": [
                    null
                ],
                "S2.E12": [
                    null
                ],
                "S2.E13": [
                    null
                ],
                "S3.E14": [
                    null
                ]
            },
            "Accuracy": 0.9238095238095239,
            "Precision": 0.42857142857142855,
            "Recall": 0.42857142857142855,
            "F1 Score": 0.42857142857142855
        },
        "Article ID: 0907.2870": {
            "Adjacency List": {
                "S0.E1": [
                    null
                ],
                "S0.E2": [
                    "S0.E6"
                ],
                "S0.E3": [
                    "S0.E6"
                ],
                "S0.E4": [
                    "S0.E5",
                    "S0.E6"
                ],
                "S0.E5": [
                    "S0.E6"
                ],
                "S0.E6": [
                    null
                ]
            },
            "Accuracy": 0.717948717948718,
            "Precision": 0.14285714285714285,
            "Recall": 0.16666666666666666,
            "F1 Score": 0.15384615384615383
        },
        "Article ID: 0907.2872": {
            "Adjacency List": {
                "S2.E1": [
                    null
                ],
                "S2.E2": [
                    "S2.E4"
                ],
                "S2.E3": [
                    "S2.E4"
                ],
                "S2.E4": [
                    null
                ]
            },
            "Accuracy": 0.5789473684210527,
            "Precision": 0.0,
            "Recall": 0.0,
            "F1 Score": 0
        },
        "Article ID: 0907.2959": {
            "Adjacency List": {
                "S3.E1": [
                    null
                ],
                "S3.E2": [
                    null
                ],
                "S3.E3": [
                    "S3.E4"
                ],
                "S3.E4": [
                    null
                ],
                "S3.E5": [
                    null
                ],
                "S3.E6": [
                    null
                ],
                "S3.E7": [
                    null
                ],
                "S3.E8": [
                    null
                ],
                "S3.E9": [
                    null
                ],
                "S3.E10": [
                    null
                ]
            },
            "Accuracy": 0.8623853211009175,
            "Precision": 0.3,
            "Recall": 0.2727272727272727,
            "F1 Score": 0.28571428571428564
        },
        "Article ID: 0907.2994": {
            "Adjacency List": {
                "S2.E1": [
                    null
                ],
                "S2.E2": [
                    null
                ],
                "S2.E3": [
                    null
                ],
                "S2.E4": [
                    null
                ],
                "S3.E5": [
                    null
                ],
                "S3.E6": [
                    null
                ]
            },
            "Accuracy": 0.8095238095238095,
            "Precision": 0.3333333333333333,
            "Recall": 0.3333333333333333,
            "F1 Score": 0.3333333333333333
        },
        "Article ID: 0907.3017": {
            "Adjacency List": {
                "S1.E1": [
                    null
                ],
                "S1.E2": [
                    null
                ],
                "S1.E3": [
                    null
                ],
                "S2.E4": [
                    "S2.E5",
                    "S2.E6"
                ],
                "S2.E5": [
                    "S2.E6"
                ],
                "S2.E6": [
                    null
                ],
                "S2.E7": [
                    null
                ],
                "S2.E8": [
                    null
                ],
                "S2.E9": [
                    "S2.E10",
                    "S3.E11",
                    "S3.E12"
                ],
                "S2.E10": [
                    "S3.E11",
                    "S3.E12"
                ],
                "S3.E11": [
                    "S3.E12"
                ],
                "S3.E12": [
                    null
                ],
                "S3.E13": [
                    null
                ],
                "S3.E14": [
                    null
                ],