{
    "Correctness": {
        "Number of articles used": 10,
        "Overall Correctness": {
            "Overall Accuracy": 0.06367041198501873,
            "Overall Precision": 0.11564625850340136,
            "Overall Recall": 0.12408759124087591,
            "Overall F1 Score": 0.11971830985915494
        },
        "Aggregate Correctness Statistics": {
            "Accuracy": {
                "Mean": 0.06086815483367207,
                "Lowest": 0.0,
                "25th Quartile (Q1)": 0.0,
                "Median": 0.040229885057471264,
                "75th Quartile (Q3)": 0.08173076923076923,
                "Highest": 0.2727272727272727
            },
            "Precision": {
                "Mean": 0.10923529411764706,
                "Lowest": 0.0,
                "25th Quartile (Q1)": 0.0,
                "Median": 0.05735294117647059,
                "75th Quartile (Q3)": 0.21691176470588236,
                "Highest": 0.36
            },
            "Recall": {
                "Mean": 0.12167133520074695,
                "Lowest": 0.0,
                "25th Quartile (Q1)": 0.0,
                "Median": 0.08055555555555555,
                "75th Quartile (Q3)": 0.14047619047619048,
                "Highest": 0.5294117647058824
            },
            "F1 Score": {
                "Mean": 0.10509472995447751,
                "Lowest": 0.0,
                "25th Quartile (Q1)": 0.0,
                "Median": 0.07587976539589444,
                "75th Quartile (Q3)": 0.1510989010989011,
                "Highest": 0.42857142857142855
            }
        }
    },
    "Results": {
        "Article ID: 0907.2648": {
            "Adjacency List": {
                "S0.E1": [
                    "S0.E2",
                    "S0.E3",
                    "S0.E4",
                    "S0.E5",
                    "S0.E6",
                    "S0.E7",
                    "S0.E10"
                ],
                "S0.E2": [
                    "S0.E3",
                    "S0.E10"
                ],
                "S0.E3": [
                    "S0.E10"
                ],
                "S0.E4": [
                    "S0.E10"
                ],
                "S0.E5": [
                    "S0.E6",
                    "S0.E10"
                ],
                "S0.E6": [
                    "S0.E10"
                ],
                "S0.E7": [
                    "S0.E10"
                ],
                "S0.E8": [
                    "S0.E10"
                ],
                "S0.E9": [
                    "S0.E10"
                ],
                "S0.E10": []
            },
            "Accuracy": 0.06896551724137931,
            "Precision": 0.11764705882352941,
            "Recall": 0.14285714285714285,
            "F1 Score": 0.12903225806451615
        },
        "Article ID: 0907.2720": {
            "Adjacency List": {
                "S0.E1": [],
                "S0.E2": [],
                "S0.E3": [],
                "S0.E4": [],
                "S0.E5": [],
                "S0.E6": [],
                "S0.E7": [],
                "S0.E8": [],
                "S0.E9": [],
                "S0.E10": []
            },
            "Accuracy": 0.0,
            "Precision": 0,
            "Recall": 0.0,
            "F1 Score": 0
        },
        "Article ID: 0907.2870": {
            "Adjacency List": {
                "S2.E1": [],
                "S2.E2": [],
                "S2.E3": [
                    "S3.E4",
                    "S3.E5"
                ],
                "S3.E4": [
                    "S3.E5"
                ],
                "S3.E5": [],
                "S3.E6": [],
                "S3.E7": [
                    "S3.E8"
                ],
                "S3.E8": [],
                "S3.E9": [],
                "S3.E10": [],
                "S3.E11": [
                    "S3.E12",
                    "S3.E13",
                    "S3.E14"
                ],
                "S3.E12": [],
                "S3.E13": [
                    "S3.E14"
                ],
                "S3.E14": []
            },
            "Accuracy": 0.09523809523809523,
            "Precision": 0.25,
            "Recall": 0.13333333333333333,
            "F1 Score": 0.1739130434782609
        },
        "Article ID: 0907.2872": {
            "Adjacency List": {
                "S3.E1": [
                    "S3.E3",
                    "S3.E7",
                    "S3.E8",
                    "S3.E9",
                    "S3.E10",
                    "S3.E11",
                    "S3.E12",
                    "S3.E13"
                ],
                "S3.E2": [
                    "S3.E3",
                    "S3.E4",
                    "S3.E7",
                    "S3.E8",
                    "S3.E9",
                    "S3.E10",
                    "S3.E11",
                    "S3.E12",
                    "S3.E13"
                ],
                "S3.E3": [
                    "S3.E4",
                    "S3.E5",
                    "S3.E6",
                    "S3.E7",
                    "S3.E8",
                    "S3.E9",
                    "S3.E10",
                    "S3.E11",
                    "S3.E12",
                    "S3.E13"
                ],
                "S3.E4": [
                    "S3.E7",
                    "S3.E8",
                    "S3.E9",
                    "S3.E10",
                    "S3.E11",
                    "S3.E12",
                    "S3.E13"
                ],
                "S3.E5": [
                    "S3.E8",
                    "S3.E10",
                    "S3.E11"
                ],
                "S3.E6": [
                    "S3.E7",
                    "S3.E8",
                    "S3.E9",
                    "S3.E10",
                    "S3.E11",
                    "S3.E12",
                    "S3.E13"
                ],
                "S3.E7": [
                    "S3.E8",
                    "S3.E9",
                    "S3.E10",
                    "S3.E11",
                    "S3.E12",
                    "S3.E13"
                ],
                "S3.E8": [
                    "S3.E9",
                    "S3.E10",
                    "S3.E11",
                    "S3.E12",
                    "S3.E13"
                ],
                "S3.E9": [
                    "S3.E10",
                    "S3.E11",
                    "S3.E12",
                    "S3.E13"
                ],
                "S3.E10": [
                    "S3.E11",
                    "S3.E12",
                    "S3.E13"
                ],
                "S3.E11": [
                    "S3.E12",
                    "S3.E13"
                ],
                "S3.E12": [
                    "S3.E13"
                ],
                "S3.E13": [],
                "S3.E14": [],
                "S3.E15": [],
                "S3.E16": [
                    "S3.E19"
                ],
                "S3.E17": [
                    "S3.E19"
                ],
                "S3.E18": [
                    "S3.E19"
                ],
                "S3.E19": []
            },
            "Accuracy": 0.011494252873563218,
            "Precision": 0.014705882352941176,
            "Recall": 0.05,
            "F1 Score": 0.022727272727272724
        },
        "Article ID: 0907.2959": {
            "Adjacency List": {
                "S4.E1": [],
                "S4.E2": [
                    "S4.E3",
                    "S5.E4"
                ],
                "S4.E3": [
                    "S5.E4"
                ],
                "S5.E4": [],
                "S5.E5": [],
                "S5.E6": [],
                "S5.E7": [],
                "S6.E8": [],
                "S6.E9": [],
                "S6.E10": [],
                "S6.E11": [],
                "S6.E12": [],
                "S6.E13": [],
                "S6.E14": []
            },