{
    "Correctness": {
        "Number of articles used": 5,
        "Overall Correctness": {
            "Overall Accuracy": 0.0873015873015873,
            "Overall Precision": 0.125,
            "Overall Recall": 0.22448979591836735,
            "Overall F1 Score": 0.16058394160583941
        },
        "Aggregate Correctness Statistics": {
            "Accuracy": {
                "Mean": 0.13122630066870714,
                "Lowest": 0.037037037037037035,
                "25th Quartile (Q1)": 0.0425531914893617,
                "Median": 0.06896551724137931,
                "75th Quartile (Q3)": 0.09090909090909091,
                "Highest": 0.4166666666666667
            },
            "Precision": {
                "Mean": 0.17915376676986583,
                "Lowest": 0.05263157894736842,
                "25th Quartile (Q1)": 0.058823529411764705,
                "Median": 0.11764705882352941,
                "75th Quartile (Q3)": 0.16666666666666666,
                "Highest": 0.5
            },
            "Recall": {
                "Mean": 0.2593073593073593,
                "Lowest": 0.09090909090909091,
                "25th Quartile (Q1)": 0.14285714285714285,
                "Median": 0.16666666666666666,
                "75th Quartile (Q3)": 0.18181818181818182,
                "Highest": 0.7142857142857143
            },
            "F1 Score": {
                "Mean": 0.20739908866772513,
                "Lowest": 0.07142857142857142,
                "25th Quartile (Q1)": 0.08163265306122448,
                "Median": 0.12903225806451615,
                "75th Quartile (Q3)": 0.16666666666666666,
                "Highest": 0.588235294117647
            }
        }
    },
    "Results": {
        "Article ID: 0907.2648": {
            "Adjacency List": {
                "S0.E1": [
                    "S0.E2"
                ],
                "S0.E2": [
                    "S0.E3",
                    "S0.E4"
                ],
                "S0.E3": [
                    "S0.E4",
                    "S0.E5"
                ],
                "S0.E4": [
                    "S0.E5"
                ],
                "S0.E5": [],
                "S0.E6": []
            },
            "Accuracy": 0.09090909090909091,
            "Precision": 0.16666666666666666,
            "Recall": 0.16666666666666666,
            "F1 Score": 0.16666666666666666
        },
        "Article ID: 0907.2720": {
            "Adjacency List": {
                "S4.E1": [
                    "S4.E2",
                    "S4.E3",
                    "S5.E4",
                    "S5.E5"
                ],
                "S4.E2": [
                    "S4.E3",
                    "S5.E4",
                    "S5.E5",
                    "S5.E6"
                ],
                "S4.E3": [
                    "S5.E4",
                    "S5.E5",
                    "S5.E6",
                    "S5.E7"
                ],
                "S5.E4": [
                    "S5.E5",
                    "S5.E6"
                ],
                "S5.E5": [
                    "S5.E6",
                    "S5.E7"
                ],
                "S5.E6": [
                    "S5.E7"
                ],
                "S5.E7": [],
                "S6.E8": [],
                "S6.E9": [],
                "S6.E10": [],
                "S6.E11": [],
                "S6.E12": [],
                "S6.E13": [],
                "S6.E14": []
            },
            "Accuracy": 0.06896551724137931,
            "Precision": 0.11764705882352941,
            "Recall": 0.14285714285714285,
            "F1 Score": 0.12903225806451615
        },
        "Article ID: 0907.2870": {
            "Adjacency List": {
                "S3.E1": [
                    "S3.E3"
                ],
                "S3.E2": [
                    "S3.E1",
                    "S3.E3",
                    "S4.E5"
                ],
                "S3.E3": [
                    "S3.E4",
                    "S4.E5",
                    "S4.E6"
                ],
                "S3.E4": [
                    "S3.E2",
                    "S4.E5"
                ],
                "S4.E5": [
                    "S4.E6"
                ],
                "S4.E6": [],
                "S5.E7": []
            },
            "Accuracy": 0.4166666666666667,
            "Precision": 0.5,
            "Recall": 0.7142857142857143,
            "F1 Score": 0.588235294117647
        },
        "Article ID: 0907.2872": {
            "Adjacency List": {
                "S2.E1": [
                    "S2.E2"
                ],
                "S2.E2": [],
                "S2.E3": [
                    "S2.E1",
                    "S2.E2",
                    "S3.E6"
                ],
                "S3.E4": [
                    "S2.E3"
                ],
                "S3.E5": [
                    "S2.E3",
                    "S3.E6",
                    "S3.E7",
                    "S4.E9"
                ],
                "S3.E6": [
                    "S3.E7",
                    "S3.E8",
                    "S4.E9"
                ],
                "S3.E7": [
                    "S2.E3",
                    "S3.E8",
                    "S4.E9"
                ],
                "S3.E8": [
                    "S4.E9"
                ],
                "S4.E9": [
                    "S4.E10"
                ],
                "S4.E10": [],
                "S5.E11": []
            },
            "Accuracy": 0.037037037037037035,
            "Precision": 0.058823529411764705,
            "Recall": 0.09090909090909091,
            "F1 Score": 0.07142857142857142
        },
        "Article ID: 0907.2959": {
            "Adjacency List": {
                "S2.E1": [
                    "S3.E4",
                    "S3.E5",
                    "S3.E7",
                    "S3.E8"
                ],
                "S2.E2": [
                    "S2.E1",
                    "S3.E7",
                    "S3.E8"
                ],
                "S2.E3": [
                    "S2.E1",
                    "S2.E2",
                    "S3.E7",
                    "S3.E8",
                    "S3.E9",
                    "S4.E10"
                ],
                "S3.E4": [
                    "S2.E2",
                    "S2.E3",
                    "S3.E6",
                    "S3.E7",
                    "S3.E8",
                    "S3.E9"
                ],
                "S3.E5": [
                    "S2.E2",
                    "S2.E3",
                    "S3.E4",
                    "S3.E7",
                    "S3.E8",
                    "S3.E9"
                ],
                "S3.E6": [
                    "S2.E3",
                    "S3.E5",
                    "S3.E7",
                    "S3.E8",
                    "S3.E9"
                ],
                "S3.E7": [
                    "S3.E8",
                    "S3.E9",
                    "S4.E10",
                    "S5.E11"
                ],
                "S3.E8": [
                    "S3.E9",
                    "S4.E10",
                    "S5.E11"
                ],
                "S3.E9": [
                    "S4.E10"
                ],
                "S4.E10": [],
                "S5.E11": []
            },
            "Accuracy": 0.0425531914893617,
            "Precision": 0.05263157894736842,
            "Recall": 0.18181818181818182,
            "F1 Score": 0.08163265306122448
        }
    },