{
    "Correctness": {
        "Number of articles used": 10,
        "Overall Correctness": {
            "Overall Accuracy": 0.08095238095238096,
            "Overall Precision": 0.1297709923664122,
            "Overall Recall": 0.17708333333333334,
            "Overall F1 Score": 0.14977973568281935
        },
        "Aggregate Correctness Statistics": {
            "Accuracy": {
                "Mean": 0.07591771372259178,
                "Lowest": 0.0,
                "25th Quartile (Q1)": 0.0,
                "Median": 0.03535353535353535,
                "75th Quartile (Q3)": 0.0958980044345898,
                "Highest": 0.3333333333333333
            },
            "Precision": {
                "Mean": 0.23554597701149427,
                "Lowest": 0.0,
                "25th Quartile (Q1)": 0.0,
                "Median": 0.040229885057471264,
                "75th Quartile (Q3)": 0.33125000000000004,
                "Highest": 1.0
            },
            "Recall": {
                "Mean": 0.13642446734552,
                "Lowest": 0.0,
                "25th Quartile (Q1)": 0.0,
                "Median": 0.045454545454545456,
                "75th Quartile (Q3)": 0.2863247863247863,
                "Highest": 0.375
            },
            "F1 Score": {
                "Mean": 0.12622342018568433,
                "Lowest": 0.0,
                "25th Quartile (Q1)": 0.0,
                "Median": 0.0660377358490566,
                "75th Quartile (Q3)": 0.17500000000000002,
                "Highest": 0.5
            }
        }
    },
    "Results": {
        "Article ID: 0907.2648": {
            "Adjacency List": {
                "S0.E1": [],
                "S0.E2": [],
                "S0.E3": [
                    "S0.E10",
                    "S0.E11",
                    "S0.E12",
                    "S0.E13",
                    "S0.E14",
                    "S0.E15",
                    "S0.E16",
                    "S0.E17"
                ],
                "S0.E4": [
                    "S0.E5",
                    "S0.E6",
                    "S0.E7",
                    "S0.E8",
                    "S0.E9",
                    "S0.E10",
                    "S0.E11",
                    "S0.E12",
                    "S0.E13",
                    "S0.E14",
                    "S0.E15",
                    "S0.E16",
                    "S0.E17",
                    "S0.E18"
                ],
                "S0.E5": [
                    "S0.E9",
                    "S0.E10",
                    "S0.E11",
                    "S0.E12",
                    "S0.E13",
                    "S0.E14",
                    "S0.E15",
                    "S0.E16",
                    "S0.E17",
                    "S0.E18"
                ],
                "S0.E6": [
                    "S0.E9",
                    "S0.E10",
                    "S0.E11",
                    "S0.E12",
                    "S0.E13",
                    "S0.E14",
                    "S0.E15",
                    "S0.E16",
                    "S0.E17",
                    "S0.E18"
                ],
                "S0.E7": [
                    "S0.E8",
                    "S0.E9",
                    "S0.E10",
                    "S0.E11",
                    "S0.E12",
                    "S0.E13",
                    "S0.E14",
                    "S0.E15",
                    "S0.E16",
                    "S0.E17",
                    "S0.E18"
                ],
                "S0.E8": [
                    "S0.E9",
                    "S0.E10",
                    "S0.E11",
                    "S0.E12",
                    "S0.E13",
                    "S0.E14",
                    "S0.E15",
                    "S0.E16",
                    "S0.E17",
                    "S0.E18"
                ],
                "S0.E9": [
                    "S0.E10",
                    "S0.E11",
                    "S0.E12",
                    "S0.E13",
                    "S0.E14",
                    "S0.E15",
                    "S0.E16",
                    "S0.E17",
                    "S0.E18"
                ],
                "S0.E10": [
                    "S0.E11",
                    "S0.E12",
                    "S0.E13",
                    "S0.E14",
                    "S0.E15",
                    "S0.E16",
                    "S0.E17",
                    "S0.E18"
                ],
                "S0.E11": [
                    "S0.E12",
                    "S0.E13",
                    "S0.E14",
                    "S0.E15",
                    "S0.E16",
                    "S0.E17"
                ],
                "S0.E12": [
                    "S0.E13"
                ],
                "S0.E13": [],
                "S0.E14": [],
                "S0.E15": [],
                "S0.E16": [],
                "S0.E17": [],
                "S0.E18": []
            },
            "Accuracy": 0.0707070707070707,
            "Precision": 0.08045977011494253,
            "Recall": 0.3684210526315789,
            "F1 Score": 0.1320754716981132
        },
        "Article ID: 0907.2720": {
            "Adjacency List": {
                "S0.E1": [],
                "S0.E2": [],
                "S0.E3": [],
                "S0.E4": [],
                "S0.E5": [],
                "S0.E6": []
            },
            "Accuracy": 0.0,
            "Precision": 0,
            "Recall": 0.0,
            "F1 Score": 0
        },
        "Article ID: 0907.2870": {
            "Adjacency List": {
                "S2.E1": [],
                "S2.E2": [],
                "S2.E3": [],
                "S2.E4": [
                    "S2.E5",
                    "S2.E6",
                    "S2.E7",
                    "S2.E8",
                    "S2.E9",
                    "S2.E10",
                    "S3.E11",
                    "S4.E12"
                ],
                "S2.E5": [
                    "S2.E6",
                    "S2.E7",
                    "S2.E8",
                    "S2.E9",
                    "S2.E10",
                    "S3.E11",
                    "S4.E12"
                ],
                "S2.E6": [
                    "S2.E9",
                    "S2.E10",
                    "S3.E11",
                    "S4.E12"
                ],
                "S2.E7": [
                    "S2.E9",
                    "S2.E10",
                    "S3.E11",
                    "S4.E12"
                ],
                "S2.E8": [
                    "S2.E9",
                    "S2.E10",
                    "S3.E11",
                    "S4.E12"
                ],
                "S2.E9": [
                    "S2.E10",
                    "S3.E11",
                    "S4.E12"
                ],
                "S2.E10": [
                    "S3.E11",
                    "S4.E12"
                ],
                "S3.E11": [],
                "S4.E12": [],
                "S4.E13": []
            },
            "Accuracy": 0.0975609756097561,
            "Precision": 0.125,
            "Recall": 0.3076923076923077,
            "F1 Score": 0.17777777777777778
        },
        "Article ID: 0907.2872": {
            "Adjacency List": {
                "S2.E1": [],
                "S2.E2": [],
                "S2.E3": [],
                "S2.E4": [],
                "S2.E5": [],
                "S2.E6": [],
                "S2.E7": [],
                "S2.E8": [],
                "S2.E9": [],
                "S2.E10": [],
                "S2.E11": [],
                "S2.E12": [],
                "S3.E13": [],
                "S3.E14": []
            },
            "Accuracy": 0.0,
            "Precision": 0,
            "Recall": 0.0,
            "F1 Score": 0
        },
        "Article ID: 0907.2959": {
            "Adjacency List": {
                "S0.E1": [],