{
    "Correctness": {
        "Number of articles used": 10,
        "Overall Correctness": {
            "Overall Accuracy": 0.11337209302325581,
            "Overall Precision": 0.14885496183206107,
            "Overall Recall": 0.32231404958677684,
            "Overall F1 Score": 0.20365535248041775
        },
        "Aggregate Correctness Statistics": {
            "Accuracy": {
                "Mean": 0.10625149444508515,
                "Lowest": 0.0,
                "25th Quartile (Q1)": 0.047241379310344826,
                "Median": 0.08477011494252873,
                "75th Quartile (Q3)": 0.15564903846153846,
                "Highest": 0.3
            },
            "Precision": {
                "Mean": 0.14555265076581209,
                "Lowest": 0.0,
                "25th Quartile (Q1)": 0.07380952380952381,
                "Median": 0.13552745041678643,
                "75th Quartile (Q3)": 0.22045454545454546,
                "Highest": 0.36
            },
            "Recall": {
                "Mean": 0.27808213716108454,
                "Lowest": 0.0,
                "25th Quartile (Q1)": 0.09943181818181818,
                "Median": 0.26666666666666666,
                "75th Quartile (Q3)": 0.3892857142857143,
                "Highest": 0.6428571428571429
            },
            "F1 Score": {
                "Mean": 0.18133033423356004,
                "Lowest": 0.0,
                "25th Quartile (Q1)": 0.08995037220843671,
                "Median": 0.1562881562881563,
                "75th Quartile (Q3)": 0.26936936936936934,
                "Highest": 0.4615384615384615
            }
        }
    },
    "Results": {
        "Article ID: 0907.2648": {
            "Adjacency List": {
                "S0.E1": [
                    "S0.E2",
                    "S0.E3"
                ],
                "S0.E2": [
                    "S0.E3",
                    "S0.E6"
                ],
                "S0.E3": [
                    "S0.E6"
                ],
                "S0.E4": [
                    "S0.E5",
                    "S0.E6"
                ],
                "S0.E5": [
                    "S0.E6",
                    "S0.E7",
                    "S0.E8",
                    "S0.E9"
                ],
                "S0.E6": [
                    "S0.E7",
                    "S0.E8",
                    "S0.E9"
                ],
                "S0.E7": [
                    "S0.E8",
                    "S0.E9"
                ],
                "S0.E8": [
                    "S0.E9"
                ],
                "S0.E9": []
            },
            "Accuracy": 0.17391304347826086,
            "Precision": 0.23529411764705882,
            "Recall": 0.4,
            "F1 Score": 0.29629629629629634
        },
        "Article ID: 0907.2720": {
            "Adjacency List": {
                "S2.E1": [
                    "S2.E6",
                    "S2.E7"
                ],
                "S2.E2": [
                    "S2.E1"
                ],
                "S2.E3": [
                    "S2.E1",
                    "S2.E2",
                    "S2.E5",
                    "S2.E6",
                    "S2.E7",
                    "S2.E8",
                    "S2.E9",
                    "S2.E10",
                    "S2.E12"
                ],
                "S2.E4": [
                    "S2.E1",
                    "S2.E2",
                    "S2.E3",
                    "S2.E5",
                    "S2.E6",
                    "S2.E7",
                    "S2.E8",
                    "S2.E9",
                    "S2.E10",
                    "S2.E11",
                    "S2.E12"
                ],
                "S2.E5": [
                    "S2.E2",
                    "S2.E6",
                    "S2.E7"
                ],
                "S2.E6": [
                    "S2.E2",
                    "S2.E7",
                    "S2.E8",
                    "S2.E9",
                    "S2.E10",
                    "S2.E11",
                    "S2.E12"
                ],
                "S2.E7": [
                    "S2.E2",
                    "S2.E8",
                    "S2.E9",
                    "S2.E10",
                    "S2.E11",
                    "S2.E12"
                ],
                "S2.E8": [
                    "S2.E9",
                    "S2.E10",
                    "S2.E11",
                    "S2.E12"
                ],
                "S2.E9": [
                    "S2.E10",
                    "S2.E11",
                    "S2.E12"
                ],
                "S2.E10": [
                    "S2.E11",
                    "S2.E12"
                ],
                "S2.E11": [
                    "S2.E12"
                ],
                "S2.E12": [],
                "S2.E13": [],
                "S3.E14": []
            },
            "Accuracy": 0.08620689655172414,
            "Precision": 0.10204081632653061,
            "Recall": 0.35714285714285715,
            "F1 Score": 0.15873015873015872
        },
        "Article ID: 0907.2870": {
            "Adjacency List": {
                "S4.E1": [
                    "S4.E6",
                    "S4.E7"
                ],
                "S4.E2": [
                    "S4.E3",
                    "S4.E4",
                    "S4.E6",
                    "S4.E7",
                    "S4.E8"
                ],
                "S4.E3": [
                    "S4.E4",
                    "S4.E5",
                    "S4.E6",
                    "S4.E7",
                    "S4.E8",
                    "S4.E9",
                    "S5.E14"
                ],
                "S4.E4": [
                    "S4.E5",
                    "S4.E6",
                    "S4.E7",
                    "S4.E8",
                    "S4.E9",
                    "S4.E10",
                    "S4.E11",
                    "S5.E13",
                    "S5.E14"
                ],
                "S4.E5": [
                    "S4.E6",
                    "S4.E7",
                    "S4.E8",
                    "S4.E9",
                    "S4.E10",
                    "S5.E14"
                ],
                "S4.E6": [
                    "S4.E7",
                    "S4.E8",
                    "S4.E9",
                    "S4.E10",
                    "S4.E11",
                    "S4.E12",
                    "S5.E13",
                    "S5.E14"
                ],
                "S4.E7": [
                    "S4.E8",
                    "S4.E9",
                    "S4.E10",
                    "S4.E11",
                    "S4.E12",
                    "S5.E13",
                    "S5.E14",
                    "S5.E15",
                    "S5.E16"
                ],
                "S4.E8": [
                    "S4.E9",
                    "S4.E10",
                    "S4.E11",
                    "S4.E12",
                    "S5.E13",
                    "S5.E14"
                ],
                "S4.E9": [
                    "S4.E10",
                    "S4.E11",
                    "S5.E13",
                    "S5.E14"
                ],
                "S4.E10": [
                    "S4.E11",
                    "S4.E12",
                    "S5.E13",
                    "S5.E14"
                ],
                "S4.E11": [
                    "S4.E12",
                    "S5.E13",
                    "S5.E14"
                ],
                "S4.E12": [
                    "S5.E13",
                    "S5.E14"
                ],
                "S5.E13": [
                    "S5.E14",
                    "S5.E15",
                    "S5.E16"
                ],
                "S5.E14": [
                    "S5.E15",
                    "S5.E16"
                ],
                "S5.E15": [
                    "S5.E16"
                ],