{
    "Correctness": {
        "Number of articles used": 10,
        "Overall Correctness": {
            "Overall Accuracy": 0.8805078416728902,
            "Overall Precision": 0.3680555555555556,
            "Overall Recall": 0.4344262295081967,
            "Overall F1 Score": 0.3984962406015038
        },
        "Aggregate Correctness Statistics": {
            "Accuracy": {
                "Mean": 0.854267213130074,
                "Lowest": 0.5192307692307693,
                "25th Quartile (Q1)": 0.8619755244755245,
                "Median": 0.8924963924963925,
                "75th Quartile (Q3)": 0.9103975535168196,
                "Highest": 0.9152542372881356
            },
            "Precision": {
                "Mean": 0.39772311022311024,
                "Lowest": 0.09523809523809523,
                "25th Quartile (Q1)": 0.31875,
                "Median": 0.4222222222222222,
                "75th Quartile (Q3)": 0.4903846153846154,
                "Highest": 0.5555555555555556
            },
            "Recall": {
                "Mean": 0.43400623885918,
                "Lowest": 0.25,
                "25th Quartile (Q1)": 0.3584558823529412,
                "Median": 0.4222222222222222,
                "75th Quartile (Q3)": 0.5340909090909091,
                "Highest": 0.6666666666666666
            },
            "F1 Score": {
                "Mean": 0.4034407318055816,
                "Lowest": 0.13793103448275862,
                "25th Quartile (Q1)": 0.3695014662756598,
                "Median": 0.4365079365079365,
                "75th Quartile (Q3)": 0.4861111111111111,
                "Highest": 0.5555555555555556
            }
        }
    },
    "Results": {
        "Article ID: 0907.2648": {
            "Adjacency List": {
                "S3.E1": [
                    null
                ],
                "S3.E2": [
                    null
                ],
                "S3.E3": [
                    null
                ],
                "S3.E4": [
                    null
                ],
                "S3.E5": [
                    null
                ],
                "S3.E6": [
                    null
                ],
                "S3.E7": [
                    null
                ],
                "S6.E8": [
                    null
                ],
                "S6.E9": [
                    null
                ]
            },
            "Accuracy": 0.8888888888888888,
            "Precision": 0.4444444444444444,
            "Recall": 0.4444444444444444,
            "F1 Score": 0.4444444444444444
        },
        "Article ID: 0907.2720": {
            "Adjacency List": {
                "S2.E1": [
                    "S2.E2",
                    "S2.E3"
                ],
                "S2.E2": [
                    "S2.E3"
                ],
                "S2.E3": [
                    null
                ],
                "S2.E4": [
                    null
                ],
                "S2.E5": [
                    null
                ],
                "S2.E6": [
                    null
                ],
                "S2.E7": [
                    null
                ],
                "S2.E8": [
                    null
                ],
                "S2.E9": [
                    null
                ],
                "S2.E10": [
                    null
                ],
                "S2.E11": [
                    null
                ],
                "S2.E12": [
                    null
                ]
            },
            "Accuracy": 0.8961038961038961,
            "Precision": 0.46153846153846156,
            "Recall": 0.4,
            "F1 Score": 0.42857142857142855
        },
        "Article ID: 0907.2870": {
            "Adjacency List": {
                "S2.E1": [
                    "S2.E2",
                    "S2.E3",
                    "S2.E4",
                    "S3.E5",
                    "S3.E6",
                    "S3.E7"
                ],
                "S2.E2": [
                    "S2.E3",
                    "S2.E4",
                    "S3.E5",
                    "S3.E6",
                    "S3.E7"
                ],
                "S2.E3": [
                    "S3.E5",
                    "S3.E6",
                    "S3.E7"
                ],
                "S2.E4": [
                    "S3.E5",
                    "S3.E6",
                    "S3.E7"
                ],
                "S3.E5": [
                    "S3.E6",
                    "S3.E7"
                ],
                "S3.E6": [
                    "S3.E7"
                ],
                "S3.E7": [
                    null
                ]
            },
            "Accuracy": 0.5192307692307693,
            "Precision": 0.09523809523809523,
            "Recall": 0.25,
            "F1 Score": 0.13793103448275862
        },
        "Article ID: 0907.2872": {
            "Adjacency List": {
                "S2.E1": [
                    null
                ],
                "S2.E2": [
                    null
                ],
                "S2.E3": [
                    null
                ],
                "S2.E4": [
                    null
                ],
                "S2.E5": [
                    null
                ],
                "S2.E6": [
                    null
                ],
                "S2.E7": [
                    null
                ],
                "S2.E8": [
                    null
                ],
                "S3.E9": [
                    null
                ]
            },
            "Accuracy": 0.9111111111111111,
            "Precision": 0.5555555555555556,
            "Recall": 0.5555555555555556,
            "F1 Score": 0.5555555555555556
        },
        "Article ID: 0907.2959": {
            "Adjacency List": {
                "S2.E1": [
                    null
                ],
                "S2.E2": [
                    null
                ],
                "S2.E3": [
                    null
                ],
                "S2.E4": [
                    null
                ],
                "S4.E5": [
                    null
                ],
                "S4.E6": [
                    null
                ],
                "S4.E7": [
                    null
                ],
                "S5.E8": [
                    "S5.E9"
                ],
                "S5.E9": [
                    "S5.E10"
                ],
                "S5.E10": [
                    null
                ]
            },
            "Accuracy": 0.908256880733945,
            "Precision": 0.5,
            "Recall": 0.5,
            "F1 Score": 0.5
        },
        "Article ID: 0907.2994": {
            "Adjacency List": {
                "S0.E1": [
                    null
                ],
                "S0.E2": [
                    null
                ],
                "S0.E3": [
                    null
                ],
                "S0.E4": [
                    "S0.E5",
                    "S0.E6",
                    "S0.E7",
                    "S0.E8",
                    "S0.E9"
                ],
                "S0.E5": [
                    "S0.E6",
                    "S0.E7",
                    "S0.E8",
                    "S0.E9"
                ],
                "S0.E6": [
                    "S0.E7",
                    "S0.E8",
                    "S0.E9"
                ],
                "S0.E7": [
                    "S0.E8"
                ],
                "S0.E8": [
                    "S0.E9"
                ],
                "S0.E9": [
                    null
                ],
                "S0.E10": [
                    null
                ],
                "S0.E11": [
                    null
                ]
            },
            "Accuracy": 0.8538461538461538,
            "Precision": 0.3,