{
    "Correctness": {
        "Number of articles used": 5,
        "Overall Correctness": {
            "Overall Accuracy": 0.0547945205479452,
            "Overall Precision": 0.06896551724137931,
            "Overall Recall": 0.21052631578947367,
            "Overall F1 Score": 0.10389610389610389
        },
        "Aggregate Correctness Statistics": {
            "Accuracy": {
                "Mean": 0.04916739862392036,
                "Lowest": 0.0,
                "25th Quartile (Q1)": 0.020833333333333332,
                "Median": 0.045454545454545456,
                "75th Quartile (Q3)": 0.08695652173913043,
                "Highest": 0.09259259259259259
            },
            "Precision": {
                "Mean": 0.059756609756609756,
                "Lowest": 0.0,
                "25th Quartile (Q1)": 0.02702702702702703,
                "Median": 0.05555555555555555,
                "75th Quartile (Q3)": 0.10256410256410256,
                "Highest": 0.11363636363636363
            },
            "Recall": {
                "Mean": 0.19606060606060607,
                "Lowest": 0.0,
                "25th Quartile (Q1)": 0.08333333333333333,
                "Median": 0.2,
                "75th Quartile (Q3)": 0.3333333333333333,
                "Highest": 0.36363636363636365
            },
            "F1 Score": {
                "Mean": 0.0914528747386943,
                "Lowest": 0.0,
                "25th Quartile (Q1)": 0.04081632653061225,
                "Median": 0.08695652173913045,
                "75th Quartile (Q3)": 0.16,
                "Highest": 0.16949152542372878
            }
        }
    },
    "Results": {
        "Article ID: 0907.2648": {
            "Adjacency List": {
                "S2.E1": [
                    "S2.E3",
                    "S2.E10"
                ],
                "S2.E2": [
                    "S2.E1",
                    "S2.E3",
                    "S2.E4",
                    "S2.E8",
                    "S2.E9",
                    "S2.E10"
                ],
                "S2.E3": [
                    "S2.E4",
                    "S2.E6",
                    "S2.E7",
                    "S2.E8",
                    "S2.E9",
                    "S2.E10",
                    "S2.E11"
                ],
                "S2.E4": [
                    "S2.E8",
                    "S2.E9",
                    "S2.E10"
                ],
                "S2.E5": [
                    "S2.E1",
                    "S2.E2",
                    "S2.E3",
                    "S2.E4",
                    "S2.E8",
                    "S2.E9",
                    "S2.E10",
                    "S2.E11"
                ],
                "S2.E6": [
                    "S2.E5",
                    "S2.E7",
                    "S2.E8",
                    "S2.E9",
                    "S2.E10",
                    "S2.E11"
                ],
                "S2.E7": [
                    "S2.E5",
                    "S2.E8",
                    "S2.E9",
                    "S2.E10",
                    "S2.E11"
                ],
                "S2.E8": [
                    "S2.E9",
                    "S2.E10",
                    "S2.E11"
                ],
                "S2.E9": [
                    "S2.E10",
                    "S2.E11"
                ],
                "S2.E10": [
                    "S2.E11",
                    "S3.E13"
                ],
                "S2.E11": [],
                "S2.E12": [],
                "S3.E13": [],
                "S3.E14": []
            },
            "Accuracy": 0.09259259259259259,
            "Precision": 0.11363636363636363,
            "Recall": 0.3333333333333333,
            "F1 Score": 0.16949152542372878
        },
        "Article ID: 0907.2720": {
            "Adjacency List": {
                "S0.E1": [
                    "S0.E2",
                    "S0.E3",
                    "S0.E4",
                    "S0.E5",
                    "S0.E6",
                    "S0.E7",
                    "S0.E8",
                    "S0.E9"
                ],
                "S0.E2": [
                    "S0.E3",
                    "S0.E4",
                    "S0.E5",
                    "S0.E6",
                    "S0.E7",
                    "S0.E8",
                    "S0.E9"
                ],
                "S0.E3": [
                    "S0.E4",
                    "S0.E5",
                    "S0.E6",
                    "S0.E7",
                    "S0.E8",
                    "S0.E9"
                ],
                "S0.E4": [
                    "S0.E5",
                    "S0.E6",
                    "S0.E7",
                    "S0.E8",
                    "S0.E9"
                ],
                "S0.E5": [
                    "S0.E6",
                    "S0.E7",
                    "S0.E8",
                    "S0.E9"
                ],
                "S0.E6": [
                    "S0.E7",
                    "S0.E8",
                    "S0.E9"
                ],
                "S0.E7": [
                    "S0.E8",
                    "S0.E9"
                ],
                "S0.E8": [
                    "S0.E9"
                ],
                "S0.E9": []
            },
            "Accuracy": 0.045454545454545456,
            "Precision": 0.05555555555555555,
            "Recall": 0.2,
            "F1 Score": 0.08695652173913045
        },
        "Article ID: 0907.2870": {
            "Adjacency List": {
                "S2.E1": [
                    "S2.E2",
                    "S2.E3",
                    "S2.E4"
                ],
                "S2.E2": [
                    "S2.E3",
                    "S2.E4",
                    "S2.E5"
                ],
                "S2.E3": [
                    "S2.E4",
                    "S2.E5",
                    "S2.E6",
                    "S2.E7",
                    "S2.E8"
                ],
                "S2.E4": [
                    "S2.E5",
                    "S2.E6",
                    "S2.E7",
                    "S2.E8",
                    "S2.E9"
                ],
                "S2.E5": [
                    "S2.E6",
                    "S2.E7",
                    "S2.E8",
                    "S2.E9",
                    "S2.E10",
                    "S2.E11"
                ],
                "S2.E6": [
                    "S2.E7",
                    "S2.E8",
                    "S2.E9",
                    "S2.E10",
                    "S2.E11"
                ],
                "S2.E7": [
                    "S2.E8",
                    "S2.E9",
                    "S2.E10",
                    "S2.E11"
                ],
                "S2.E8": [
                    "S2.E9",
                    "S2.E10",
                    "S2.E11"
                ],
                "S2.E9": [
                    "S2.E10",
                    "S2.E11"
                ],
                "S2.E10": [
                    "S2.E11"
                ],
                "S2.E11": [],
                "S2.E12": []
            },
            "Accuracy": 0.020833333333333332,
            "Precision": 0.02702702702702703,
            "Recall": 0.08333333333333333,
            "F1 Score": 0.04081632653061225
        },
        "Article ID: 0907.2872": {
            "Adjacency List": {
                "S2.E1": [
                    "S2.E2",
                    "S2.E3",
                    "S3.E4",
                    "S3.E5",
                    "S3.E7",
                    "S3.E8"
                ],
                "S2.E2": [
                    "S3.E4",
                    "S3.E7",
                    "S3.E8"
                ],