{
    "Correctness": {
        "Number of articles used": 10,
        "Overall Correctness": {
            "Overall Accuracy": 0.2081447963800905,
            "Overall Precision": 0.3194444444444444,
            "Overall Recall": 0.37398373983739835,
            "Overall F1 Score": 0.34456928838951306
        },
        "Aggregate Correctness Statistics": {
            "Accuracy": {
                "Mean": 0.2320616399563768,
                "Lowest": 0.08108108108108109,
                "25th Quartile (Q1)": 0.11217948717948717,
                "Median": 0.15587044534412955,
                "75th Quartile (Q3)": 0.26704545454545453,
                "Highest": 0.7142857142857143
            },
            "Precision": {
                "Mean": 0.3350929779865312,
                "Lowest": 0.10344827586206896,
                "25th Quartile (Q1)": 0.20357142857142857,
                "Median": 0.2928571428571428,
                "75th Quartile (Q3)": 0.37040133779264217,
                "Highest": 0.8333333333333334
            },
            "Recall": {
                "Mean": 0.3755935292777398,
                "Lowest": 0.13333333333333333,
                "25th Quartile (Q1)": 0.21250000000000002,
                "Median": 0.26136363636363635,
                "75th Quartile (Q3)": 0.5469924812030075,
                "Highest": 0.8333333333333334
            },
            "F1 Score": {
                "Mean": 0.3463765544800027,
                "Lowest": 0.15,
                "25th Quartile (Q1)": 0.20172413793103453,
                "Median": 0.26969696969696966,
                "75th Quartile (Q3)": 0.42142857142857143,
                "Highest": 0.8333333333333334
            }
        }
    },
    "Results": {
        "Article ID: 0907.2648": {
            "Adjacency List": {
                "S2.E1": [
                    null
                ],
                "S2.E2": [
                    null
                ],
                "S2.E3": [
                    null
                ],
                "S3.E4": [
                    "S4.E6"
                ],
                "S3.E5": [
                    "S4.E6"
                ],
                "S4.E6": [
                    "S4.E8"
                ],
                "S4.E7": [
                    null
                ],
                "S4.E8": [
                    null
                ],
                "S4.E9": [
                    null
                ],
                "S4.E10": [
                    null
                ]
            },
            "Accuracy": 0.1111111111111111,
            "Precision": 0.2,
            "Recall": 0.2,
            "F1 Score": 0.20000000000000004
        },
        "Article ID: 0907.2720": {
            "Adjacency List": {
                "S2.E1": [
                    "S2.E2",
                    "S2.E3",
                    "S2.E4",
                    "S3.E5",
                    "S3.E6",
                    "S3.E7",
                    "S3.E8"
                ],
                "S2.E2": [
                    "S2.E3",
                    "S2.E4",
                    "S3.E5",
                    "S3.E6",
                    "S3.E7",
                    "S3.E8"
                ],
                "S2.E3": [
                    "S2.E4",
                    "S3.E5",
                    "S3.E6",
                    "S3.E7",
                    "S3.E8"
                ],
                "S2.E4": [
                    "S3.E5",
                    "S3.E6",
                    "S3.E7",
                    "S3.E8"
                ],
                "S3.E5": [
                    null
                ],
                "S3.E6": [
                    null
                ],
                "S3.E7": [
                    null
                ],
                "S3.E8": [
                    null
                ],
                "S3.E9": [
                    null
                ],
                "S3.E10": [
                    null
                ],
                "S3.E11": [
                    null
                ]
            },
            "Accuracy": 0.08108108108108109,
            "Precision": 0.10344827586206896,
            "Recall": 0.2727272727272727,
            "F1 Score": 0.15
        },
        "Article ID: 0907.2870": {
            "Adjacency List": {
                "S0.E1": [
                    null
                ],
                "S0.E2": [
                    null
                ],
                "S0.E3": [
                    null
                ],
                "S0.E4": [
                    null
                ],
                "S0.E5": [
                    null
                ],
                "S0.E6": [
                    null
                ],
                "S0.E7": [
                    null
                ]
            },
            "Accuracy": 0.15384615384615385,
            "Precision": 0.2857142857142857,
            "Recall": 0.25,
            "F1 Score": 0.26666666666666666
        },
        "Article ID: 0907.2872": {
            "Adjacency List": {
                "S4.E1": [
                    null
                ],
                "S4.E2": [
                    "S4.E3",
                    "S5.E4"
                ],
                "S4.E3": [
                    "S5.E4"
                ],
                "S5.E4": [
                    null
                ],
                "S5.E5": [
                    null
                ],
                "S5.E6": [
                    null
                ],
                "S5.E7": [
                    null
                ],
                "S6.E8": [
                    null
                ],
                "S6.E9": [
                    null
                ],
                "S6.E10": [
                    null
                ],
                "S6.E11": [
                    null
                ],
                "S6.E12": [
                    null
                ],
                "S6.E13": [
                    null
                ],
                "S6.E14": [
                    null
                ]
            },
            "Accuracy": 0.38095238095238093,
            "Precision": 0.5333333333333333,
            "Recall": 0.5714285714285714,
            "F1 Score": 0.5517241379310344
        },
        "Article ID: 0907.2959": {
            "Adjacency List": {
                "S2.E1": [
                    "S2.E4",
                    "S2.E5",
                    "S2.E7"
                ],
                "S2.E2": [
                    "S2.E4",
                    "S2.E5",
                    "S2.E6",
                    "S2.E7"
                ],
                "S2.E3": [
                    "S2.E4",
                    "S2.E5",
                    "S2.E7"
                ],
                "S2.E4": [
                    null
                ],
                "S2.E5": [
                    null
                ],
                "S2.E6": [
                    null
                ],
                "S2.E7": [
                    null
                ],
                "S2.E8": [
                    null
                ],
                "S2.E9": [
                    null
                ],
                "S2.E10": [
                    "S2.E11"
                ],
                "S2.E11": [
                    "S2.E13",
                    "S2.E14"
                ],
                "S2.E12": [
                    "S2.E14"
                ],
                "S2.E13": [
                    "S2.E14"
                ],
                "S2.E14": [
                    null
                ],
                "S2.E15": [
                    null
                ]
            },
            "Accuracy": 0.2727272727272727,
            "Precision": 0.391304347826087,
            "Recall": 0.47368421052631576,
            "F1 Score": 0.42857142857142855
        },