{
    "Correctness": {
        "Number of articles used": 10,
        "Overall Correctness": {
            "Overall Accuracy": 0.1348314606741573,
            "Overall Precision": 0.16494845360824742,
            "Overall Recall": 0.4247787610619469,
            "Overall F1 Score": 0.2376237623762376
        },
        "Aggregate Correctness Statistics": {
            "Accuracy": {
                "Mean": 0.153918791472865,
                "Lowest": 0.0,
                "25th Quartile (Q1)": 0.1067251461988304,
                "Median": 0.13825757575757575,
                "75th Quartile (Q3)": 0.18641243983709738,
                "Highest": 0.3684210526315789
            },
            "Precision": {
                "Mean": 0.2559427076375878,
                "Lowest": 0.0,
                "25th Quartile (Q1)": 0.1390625,
                "Median": 0.18792401628222524,
                "75th Quartile (Q3)": 0.2184103260869565,
                "Highest": 1.0
            },
            "Recall": {
                "Mean": 0.399938146648673,
                "Lowest": 0.0,
                "25th Quartile (Q1)": 0.2708333333333333,
                "Median": 0.3333333333333333,
                "75th Quartile (Q3)": 0.5336538461538461,
                "Highest": 0.875
            },
            "F1 Score": {
                "Mean": 0.25491109597596745,
                "Lowest": 0.0,
                "25th Quartile (Q1)": 0.19285714285714284,
                "Median": 0.24269005847953212,
                "75th Quartile (Q3)": 0.3142177589852009,
                "Highest": 0.5384615384615385
            }
        }
    },
    "Results": {
        "Article ID: 0907.2648": {
            "Adjacency List": {
                "S1.E1": [],
                "S1.E2": [
                    "S1.E1"
                ],
                "S2.E3": [
                    "S1.E2",
                    "S2.E4",
                    "S3.E6",
                    "S3.E8",
                    "S3.E9"
                ],
                "S2.E4": [
                    "S1.E2",
                    "S3.E6",
                    "S3.E8",
                    "S3.E9"
                ],
                "S2.E5": [
                    "S1.E1",
                    "S1.E2",
                    "S2.E3",
                    "S2.E4",
                    "S3.E6",
                    "S3.E8",
                    "S3.E9"
                ],
                "S3.E6": [
                    "S1.E2",
                    "S3.E8",
                    "S3.E9"
                ],
                "S3.E7": [
                    "S1.E2",
                    "S2.E3",
                    "S2.E4",
                    "S2.E5",
                    "S3.E6",
                    "S3.E8"
                ],
                "S3.E8": [
                    "S3.E9"
                ],
                "S3.E9": [
                    "S1.E2",
                    "S3.E7",
                    "S3.E10"
                ],
                "S3.E10": []
            },
            "Accuracy": 0.10526315789473684,
            "Precision": 0.13333333333333333,
            "Recall": 0.3333333333333333,
            "F1 Score": 0.19047619047619044
        },
        "Article ID: 0907.2720": {
            "Adjacency List": {
                "S0.E1": [
                    "S0.E2",
                    "S0.E3",
                    "S0.E4",
                    "S0.E5",
                    "S0.E7"
                ],
                "S0.E2": [
                    "S0.E3",
                    "S0.E4",
                    "S0.E5",
                    "S0.E6",
                    "S0.E7"
                ],
                "S0.E3": [
                    "S0.E4",
                    "S0.E5",
                    "S0.E6",
                    "S0.E7",
                    "S0.E8",
                    "S0.E9"
                ],
                "S0.E4": [
                    "S0.E5",
                    "S0.E6",
                    "S0.E7",
                    "S0.E8",
                    "S0.E9"
                ],
                "S0.E5": [
                    "S0.E6",
                    "S0.E7",
                    "S0.E8",
                    "S0.E9"
                ],
                "S0.E6": [
                    "S0.E7",
                    "S0.E8",
                    "S0.E9"
                ],
                "S0.E7": [
                    "S0.E8",
                    "S0.E9",
                    "S0.E10"
                ],
                "S0.E8": [
                    "S0.E9"
                ],
                "S0.E9": [],
                "S0.E10": []
            },
            "Accuracy": 0.1891891891891892,
            "Precision": 0.21875,
            "Recall": 0.5833333333333334,
            "F1 Score": 0.31818181818181823
        },
        "Article ID: 0907.2870": {
            "Adjacency List": {
                "S0.E1": [],
                "S0.E2": [],
                "S0.E3": [
                    "S0.E4",
                    "S0.E5",
                    "S0.E6",
                    "S0.E7",
                    "S0.E9"
                ],
                "S0.E4": [
                    "S0.E5",
                    "S0.E6",
                    "S0.E7",
                    "S0.E8",
                    "S0.E9",
                    "S0.E10"
                ],
                "S0.E5": [
                    "S0.E6",
                    "S0.E7",
                    "S0.E8",
                    "S0.E9",
                    "S0.E10"
                ],
                "S0.E6": [
                    "S0.E7",
                    "S0.E8",
                    "S0.E9",
                    "S0.E10",
                    "S0.E13",
                    "S0.E14"
                ],
                "S0.E7": [
                    "S0.E8",
                    "S0.E9",
                    "S0.E10",
                    "S0.E11",
                    "S0.E12",
                    "S0.E13",
                    "S0.E14",
                    "S0.E15",
                    "S0.E16"
                ],
                "S0.E8": [
                    "S0.E9",
                    "S0.E10",
                    "S0.E11",
                    "S0.E12",
                    "S0.E13",
                    "S0.E14"
                ],
                "S0.E9": [
                    "S0.E10",
                    "S0.E11",
                    "S0.E12",
                    "S0.E13",
                    "S0.E14",
                    "S0.E15",
                    "S0.E16",
                    "S0.E18"
                ],
                "S0.E10": [
                    "S0.E11",
                    "S0.E12",
                    "S0.E13",
                    "S0.E14",
                    "S0.E16"
                ],
                "S0.E11": [
                    "S0.E12",
                    "S0.E13",
                    "S0.E14"
                ],
                "S0.E12": [
                    "S0.E13",
                    "S0.E14"
                ],
                "S0.E13": [
                    "S0.E14",
                    "S0.E16"
                ],
                "S0.E14": [
                    "S0.E15",
                    "S0.E16",
                    "S0.E17",
                    "S0.E18"
                ],
                "S0.E15": [
                    "S0.E16",
                    "S0.E17",
                    "S0.E18"
                ],
                "S0.E16": [
                    "S0.E17",
                    "S0.E18"
                ],
                "S0.E17": [
                    "S0.E18"
                ],
                "S0.E18": []
            },
            "Accuracy": 0.1780821917808219,
            "Precision": 0.19402985074626866,
            "Recall": 0.6842105263157895,
            "F1 Score": 0.3023255813953488
        },