{
    "Correctness": {
        "Number of articles used": 15,
        "Overall Correctness": {
            "Overall Accuracy": 0.24738675958188153,
            "Overall Precision": 0.4034090909090909,
            "Overall Recall": 0.3901098901098901,
            "Overall F1 Score": 0.39664804469273746
        },
        "Aggregate Correctness Statistics": {
            "Accuracy": {
                "Mean": 0.2687078592454936,
                "Lowest": 0.07692307692307693,
                "25th Quartile (Q1)": 0.164021164021164,
                "Median": 0.25,
                "75th Quartile (Q3)": 0.38675213675213677,
                "Highest": 0.5555555555555556
            },
            "Precision": {
                "Mean": 0.4157275132275132,
                "Lowest": 0.16666666666666666,
                "25th Quartile (Q1)": 0.31666666666666665,
                "Median": 0.36363636363636365,
                "75th Quartile (Q3)": 0.5777777777777777,
                "Highest": 0.7142857142857143
            },
            "Recall": {
                "Mean": 0.40689463042404217,
                "Lowest": 0.11538461538461539,
                "25th Quartile (Q1)": 0.2542016806722689,
                "Median": 0.46153846153846156,
                "75th Quartile (Q3)": 0.5166666666666666,
                "Highest": 0.7142857142857143
            },
            "F1 Score": {
                "Mean": 0.4061087246087246,
                "Lowest": 0.14285714285714285,
                "25th Quartile (Q1)": 0.28125,
                "Median": 0.4,
                "75th Quartile (Q3)": 0.5577777777777778,
                "Highest": 0.7142857142857143
            }
        }
    },
    "Results": {
        "Article ID: 0907.2648": {
            "Adjacency List": {
                "S0.E1": [
                    "S0.E3",
                    "S0.E4",
                    "S0.E7"
                ],
                "S0.E2": [
                    "S0.E3",
                    "S0.E4",
                    "S0.E7"
                ],
                "S0.E3": [
                    "S0.E4",
                    "S0.E5",
                    "S0.E7",
                    "S0.E8"
                ],
                "S0.E4": [
                    "S0.E7"
                ],
                "S0.E5": [
                    "S0.E7"
                ],
                "S0.E6": [
                    "S0.E7"
                ],
                "S0.E7": [
                    "S0.E8",
                    "S0.E9"
                ],
                "S0.E8": [
                    null
                ],
                "S0.E9": [
                    null
                ],
                "S0.E10": [
                    null
                ]
            },
            "Accuracy": 0.25,
            "Precision": 0.3333333333333333,
            "Recall": 0.5,
            "F1 Score": 0.4
        },
        "Article ID: 0907.2720": {
            "Adjacency List": {
                "S2.E1": [
                    null
                ],
                "S2.E2": [
                    null
                ],
                "S2.E3": [
                    null
                ],
                "S2.E4": [
                    null
                ],
                "S2.E5": [
                    null
                ]
            },
            "Accuracy": 0.42857142857142855,
            "Precision": 0.6,
            "Recall": 0.6,
            "F1 Score": 0.6
        },
        "Article ID: 0907.2870": {
            "Adjacency List": {
                "S0.E1": [
                    null
                ],
                "S0.E2": [
                    "S0.E6"
                ],
                "S0.E3": [
                    "S0.E6"
                ],
                "S0.E4": [
                    "S0.E6"
                ],
                "S0.E5": [
                    "S0.E6"
                ],
                "S0.E6": [
                    null
                ]
            },
            "Accuracy": 0.09090909090909091,
            "Precision": 0.16666666666666666,
            "Recall": 0.16666666666666666,
            "F1 Score": 0.16666666666666666
        },
        "Article ID: 0907.2872": {
            "Adjacency List": {
                "S2.E1": [
                    null
                ],
                "S2.E2": [
                    null
                ],
                "S2.E3": [
                    null
                ],
                "S2.E4": [
                    "S2.E5",
                    "S2.E9"
                ],
                "S2.E5": [
                    "S2.E9"
                ],
                "S2.E6": [
                    "S2.E9"
                ],
                "S2.E7": [
                    "S2.E9"
                ],
                "S2.E8": [
                    "S2.E9"
                ],
                "S2.E9": [
                    null
                ],
                "S2.E10": [
                    null
                ],
                "S3.E11": [
                    null
                ],
                "S4.E12": [
                    null
                ],
                "S4.E13": [
                    null
                ]
            },
            "Accuracy": 0.2857142857142857,
            "Precision": 0.42857142857142855,
            "Recall": 0.46153846153846156,
            "F1 Score": 0.4444444444444445
        },
        "Article ID: 0907.2959": {
            "Adjacency List": {
                "S0.E1": [
                    null
                ],
                "S0.E2": [
                    null
                ],
                "S0.E3": [
                    null
                ],
                "S0.E4": [
                    null
                ],
                "S0.E5": [
                    null
                ],
                "S0.E6": [
                    null
                ],
                "S0.E7": [
                    null
                ],
                "S0.E8": [
                    null
                ],
                "S0.E9": [
                    null
                ],
                "S0.E10": [
                    null
                ]
            },
            "Accuracy": 0.14285714285714285,
            "Precision": 0.3,
            "Recall": 0.21428571428571427,
            "F1 Score": 0.25
        },
        "Article ID: 0907.2994": {
            "Adjacency List": {
                "S2.E1": [
                    null
                ],
                "S2.E2": [
                    null
                ],
                "S2.E3": [
                    null
                ],
                "S2.E4": [
                    null
                ],
                "S2.E5": [
                    null
                ],
                "S3.E6": [
                    null
                ],
                "S3.E7": [
                    null
                ],
                "S3.E8": [
                    null
                ],
                "S3.E9": [
                    null
                ],
                "S3.E10": [
                    null
                ],
                "S4.E11": [
                    null
                ]
            },
            "Accuracy": 0.2222222222222222,
            "Precision": 0.36363636363636365,
            "Recall": 0.36363636363636365,
            "F1 Score": 0.36363636363636365
        },
        "Article ID: 0907.3017": {
            "Adjacency List": {
                "S0.E1": [
                    null
                ],
                "S0.E2": [
                    "S0.E3"
                ],
                "S0.E3": [
                    null
                ],
                "S0.E4": [
                    null
                ],
                "S0.E5": [
                    null
                ],
                "S0.E6": [
                    null
                ],
                "S0.E7": [
                    null
                ],