{
    "Correctness": {
        "Number of articles used": 5,
        "Overall Correctness": {
            "Overall Accuracy": 0.05185185185185185,
            "Overall Precision": 0.0639269406392694,
            "Overall Recall": 0.2153846153846154,
            "Overall F1 Score": 0.09859154929577464
        },
        "Aggregate Correctness Statistics": {
            "Accuracy": {
                "Mean": 0.05118250807905981,
                "Lowest": 0.03571428571428571,
                "25th Quartile (Q1)": 0.045454545454545456,
                "Median": 0.05172413793103448,
                "75th Quartile (Q3)": 0.05405405405405406,
                "Highest": 0.06896551724137931
            },
            "Precision": {
                "Mean": 0.06953797268590924,
                "Lowest": 0.05263157894736842,
                "25th Quartile (Q1)": 0.05555555555555555,
                "Median": 0.06,
                "75th Quartile (Q3)": 0.061855670103092786,
                "Highest": 0.11764705882352941
            },
            "Recall": {
                "Mean": 0.2031168831168831,
                "Lowest": 0.1,
                "25th Quartile (Q1)": 0.14285714285714285,
                "Median": 0.2,
                "75th Quartile (Q3)": 0.2727272727272727,
                "Highest": 0.3
            },
            "F1 Score": {
                "Mean": 0.09717581106936668,
                "Lowest": 0.06896551724137931,
                "25th Quartile (Q1)": 0.08695652173913045,
                "Median": 0.09836065573770492,
                "75th Quartile (Q3)": 0.10256410256410256,
                "Highest": 0.12903225806451615
            }
        }
    },
    "Results": {
        "Article ID: 0907.2648": {
            "Adjacency List": {
                "S1.E1": [],
                "S2.E2": [
                    "S2.E3",
                    "S2.E5"
                ],
                "S2.E3": [
                    "S2.E5",
                    "S2.E6"
                ],
                "S2.E4": [
                    "S2.E5",
                    "S2.E6"
                ],
                "S2.E5": [
                    "S2.E6",
                    "S2.E7",
                    "S2.E8",
                    "S2.E9"
                ],
                "S2.E6": [
                    "S2.E7",
                    "S2.E8",
                    "S2.E9",
                    "S2.E10"
                ],
                "S2.E7": [
                    "S2.E8",
                    "S2.E9"
                ],
                "S2.E8": [
                    "S2.E9",
                    "S2.E10"
                ],
                "S2.E9": [],
                "S2.E10": [
                    "S2.E9"
                ]
            },
            "Accuracy": 0.03571428571428571,
            "Precision": 0.05263157894736842,
            "Recall": 0.1,
            "F1 Score": 0.06896551724137931
        },
        "Article ID: 0907.2720": {
            "Adjacency List": {
                "S3.E1": [
                    "S3.E3"
                ],
                "S3.E2": [
                    "S3.E1",
                    "S3.E3",
                    "S3.E4",
                    "S3.E5",
                    "S3.E7"
                ],
                "S3.E3": [
                    "S3.E4",
                    "S3.E5",
                    "S3.E6",
                    "S3.E7",
                    "S3.E8",
                    "S3.E9",
                    "S3.E10",
                    "S3.E11",
                    "S3.E12",
                    "S3.E13",
                    "S3.E14"
                ],
                "S3.E4": [
                    "S3.E1",
                    "S3.E5",
                    "S3.E6",
                    "S3.E7",
                    "S3.E8",
                    "S3.E9",
                    "S3.E10",
                    "S3.E13"
                ],
                "S3.E5": [
                    "S3.E1",
                    "S3.E6",
                    "S3.E7",
                    "S3.E8",
                    "S3.E9",
                    "S3.E10",
                    "S3.E11",
                    "S3.E12",
                    "S3.E13",
                    "S3.E14"
                ],
                "S3.E6": [
                    "S3.E7",
                    "S3.E8",
                    "S3.E9",
                    "S3.E10",
                    "S3.E11",
                    "S3.E12",
                    "S3.E13",
                    "S3.E14"
                ],
                "S3.E7": [
                    "S3.E8",
                    "S3.E9",
                    "S3.E10",
                    "S3.E11",
                    "S3.E12",
                    "S3.E13",
                    "S3.E14"
                ],
                "S3.E8": [
                    "S3.E9",
                    "S3.E10",
                    "S3.E11",
                    "S3.E12",
                    "S3.E13",
                    "S3.E14"
                ],
                "S3.E9": [
                    "S3.E10",
                    "S3.E11",
                    "S3.E12",
                    "S3.E13",
                    "S3.E14",
                    "S3.E15",
                    "S3.E16"
                ],
                "S3.E10": [
                    "S3.E11",
                    "S3.E12",
                    "S3.E13",
                    "S3.E14",
                    "S3.E15",
                    "S3.E16"
                ],
                "S3.E11": [
                    "S3.E12",
                    "S3.E13",
                    "S3.E14",
                    "S3.E15",
                    "S3.E16"
                ],
                "S3.E12": [
                    "S3.E13",
                    "S3.E14",
                    "S3.E15",
                    "S3.E16"
                ],
                "S3.E13": [
                    "S3.E14",
                    "S3.E15",
                    "S3.E16",
                    "S3.E17",
                    "S3.E19"
                ],
                "S3.E14": [
                    "S3.E15",
                    "S3.E16",
                    "S3.E17",
                    "S3.E18",
                    "S3.E19"
                ],
                "S3.E15": [
                    "S3.E16",
                    "S3.E17",
                    "S3.E18",
                    "S3.E19"
                ],
                "S3.E16": [
                    "S3.E17",
                    "S3.E18",
                    "S3.E19"
                ],
                "S3.E17": [
                    "S3.E19"
                ],
                "S3.E18": [
                    "S3.E19"
                ],
                "S3.E19": []
            },
            "Accuracy": 0.05405405405405406,
            "Precision": 0.061855670103092786,
            "Recall": 0.3,
            "F1 Score": 0.10256410256410256
        },
        "Article ID: 0907.2870": {
            "Adjacency List": {
                "S2.E1": [
                    "S3.E6"
                ],
                "S2.E2": [
                    "S2.E1",
                    "S3.E6",
                    "S3.E8",
                    "S3.E9"
                ],
                "S2.E3": [
                    "S2.E1",
                    "S2.E2",
                    "S3.E6",
                    "S3.E8",
                    "S3.E9",
                    "S3.E10"
                ],
                "S2.E4": [
                    "S2.E1",
                    "S2.E2",
                    "S2.E3",
                    "S3.E6",
                    "S3.E7",
                    "S3.E8",
                    "S3.E9",
                    "S3.E10",
                    "S3.E11"
                ],
                "S3.E5": [
                    "S2.E1",
                    "S2.E2",
                    "S2.E3",
                    "S2.E4",
                    "S3.E6",
                    "S3.E8",
                    "S3.E9"
                ],