{
    "Correctness": {
        "Number of articles used": 15,
        "Overall Correctness": {
            "Overall Accuracy": 0.23809523809523808,
            "Overall Precision": 0.39156626506024095,
            "Overall Recall": 0.37790697674418605,
            "Overall F1 Score": 0.3846153846153846
        },
        "Aggregate Correctness Statistics": {
            "Accuracy": {
                "Mean": 0.25968701660234844,
                "Lowest": 0.0,
                "25th Quartile (Q1)": 0.10117056856187291,
                "Median": 0.2222222222222222,
                "75th Quartile (Q3)": 0.3333333333333333,
                "Highest": 0.9230769230769231
            },
            "Precision": {
                "Mean": 0.3743482443482443,
                "Lowest": 0.0,
                "25th Quartile (Q1)": 0.17857142857142855,
                "Median": 0.36363636363636365,
                "75th Quartile (Q3)": 0.5,
                "Highest": 1.0
            },
            "Recall": {
                "Mean": 0.3620072955367073,
                "Lowest": 0.0,
                "25th Quartile (Q1)": 0.19090909090909092,
                "Median": 0.36363636363636365,
                "75th Quartile (Q3)": 0.4722222222222222,
                "Highest": 0.9230769230769231
            },
            "F1 Score": {
                "Mean": 0.36376358582443774,
                "Lowest": 0.0,
                "25th Quartile (Q1)": 0.18344827586206897,
                "Median": 0.36363636363636365,
                "75th Quartile (Q3)": 0.5,
                "Highest": 0.9600000000000001
            }
        }
    },
    "Results": {
        "Article ID: 0907.2648": {
            "Adjacency List": {
                "S0.E1": [
                    null
                ],
                "S0.E2": [
                    null
                ],
                "S0.E3": [
                    null
                ],
                "S0.E4": [
                    null
                ],
                "S0.E5": [
                    null
                ],
                "S0.E6": [
                    null
                ],
                "S0.E7": [
                    null
                ],
                "S0.E8": [
                    null
                ],
                "S0.E9": [
                    null
                ],
                "S0.E10": [
                    null
                ]
            },
            "Accuracy": 0.3333333333333333,
            "Precision": 0.6,
            "Recall": 0.42857142857142855,
            "F1 Score": 0.5
        },
        "Article ID: 0907.2720": {
            "Adjacency List": {
                "S0.E1": [
                    "S0.E2",
                    "S0.E3"
                ],
                "S0.E2": [
                    "S0.E3"
                ],
                "S0.E3": [
                    null
                ],
                "S0.E4": [
                    null
                ],
                "S0.E5": [
                    "S0.E6"
                ],
                "S0.E6": [
                    null
                ],
                "S0.E7": [
                    null
                ],
                "S0.E8": [
                    null
                ],
                "S0.E9": [
                    null
                ]
            },
            "Accuracy": 0.3333333333333333,
            "Precision": 0.5,
            "Recall": 0.5,
            "F1 Score": 0.5
        },
        "Article ID: 0907.2870": {
            "Adjacency List": {
                "S0.E1": [
                    null
                ],
                "S0.E2": [
                    null
                ],
                "S0.E3": [
                    null
                ],
                "S0.E4": [
                    null
                ],
                "S0.E5": [
                    null
                ],
                "S0.E6": [
                    null
                ],
                "S0.E7": [
                    null
                ],
                "S0.E8": [
                    null
                ],
                "S0.E9": [
                    null
                ]
            },
            "Accuracy": 0.6363636363636364,
            "Precision": 0.7777777777777778,
            "Recall": 0.7777777777777778,
            "F1 Score": 0.7777777777777778
        },
        "Article ID: 0907.2872": {
            "Adjacency List": {
                "S2.E1": [
                    null
                ],
                "S2.E2": [
                    null
                ],
                "S2.E3": [
                    null
                ],
                "S2.E4": [
                    null
                ],
                "S2.E5": [
                    null
                ],
                "S2.E6": [
                    null
                ],
                "S2.E7": [
                    "S2.E8",
                    "S2.E9",
                    "S2.E10"
                ],
                "S2.E8": [
                    null
                ],
                "S2.E9": [
                    "S2.E10"
                ],
                "S2.E10": [
                    null
                ]
            },
            "Accuracy": 0.16,
            "Precision": 0.3333333333333333,
            "Recall": 0.23529411764705882,
            "F1 Score": 0.27586206896551724
        },
        "Article ID: 0907.2959": {
            "Adjacency List": {
                "S2.E1": [
                    null
                ],
                "S2.E2": [
                    null
                ],
                "S2.E3": [
                    null
                ],
                "S2.E4": [
                    null
                ],
                "S2.E5": [
                    null
                ],
                "S3.E6": [
                    null
                ],
                "S3.E7": [
                    null
                ],
                "S3.E8": [
                    null
                ],
                "S3.E9": [
                    null
                ],
                "S3.E10": [
                    null
                ],
                "S4.E11": [
                    null
                ]
            },
            "Accuracy": 0.2222222222222222,
            "Precision": 0.36363636363636365,
            "Recall": 0.36363636363636365,
            "F1 Score": 0.36363636363636365
        },
        "Article ID: 0907.2994": {
            "Adjacency List": {
                "S2.E1": [
                    null
                ],
                "S2.E2": [
                    null
                ],
                "S2.E3": [
                    null
                ],
                "S3.E4": [
                    null
                ],
                "S3.E5": [
                    null
                ],
                "S3.E6": [
                    null
                ],
                "S3.E7": [
                    null
                ],
                "S3.E8": [
                    null
                ],
                "S3.E9": [
                    null
                ],
                "S3.E10": [
                    null
                ],
                "S3.E11": [
                    null
                ],
                "S3.E12": [
                    null
                ],
                "S3.E13": [
                    null
                ],
                "S3.E14": [
                    null
                ]
            },
            "Accuracy": 0.11538461538461539,
            "Precision": 0.21428571428571427,
            "Recall": 0.2,
            "F1 Score": 0.20689655172413796
        },
        "Article ID: 0907.3017": {
            "Adjacency List": {
                "S1.E1": [
                    null
                ],
                "S1.E2": [
                    null
                ],