{
    "Correctness": {
        "Number of articles used": 10,
        "Overall Correctness": {
            "Overall Accuracy": 0.8919112383679313,
            "Overall Precision": 0.3392857142857143,
            "Overall Recall": 0.33043478260869563,
            "Overall F1 Score": 0.33480176211453744
        },
        "Aggregate Correctness Statistics": {
            "Accuracy": {
                "Mean": 0.8884120756246748,
                "Lowest": 0.8028169014084507,
                "25th Quartile (Q1)": 0.8891941391941391,
                "Median": 0.8928571428571428,
                "75th Quartile (Q3)": 0.9100546346309057,
                "Highest": 0.9285714285714286
            },
            "Precision": {
                "Mean": 0.358482905982906,
                "Lowest": 0.125,
                "25th Quartile (Q1)": 0.2184065934065934,
                "Median": 0.32857142857142857,
                "75th Quartile (Q3)": 0.42948717948717946,
                "Highest": 0.7142857142857143
            },
            "Recall": {
                "Mean": 0.34934704184704185,
                "Lowest": 0.125,
                "25th Quartile (Q1)": 0.2184065934065934,
                "Median": 0.3173076923076923,
                "75th Quartile (Q3)": 0.42948717948717946,
                "Highest": 0.7142857142857143
            },
            "F1 Score": {
                "Mean": 0.35348232546508407,
                "Lowest": 0.125,
                "25th Quartile (Q1)": 0.2184065934065934,
                "Median": 0.3215488215488216,
                "75th Quartile (Q3)": 0.42948717948717946,
                "Highest": 0.7142857142857143
            }
        }
    },
    "Results": {
        "Article ID: 0907.2648": {
            "Adjacency List": {
                "S2.E1": [
                    null
                ],
                "S2.E2": [
                    null
                ],
                "S2.E3": [
                    null
                ],
                "S2.E4": [
                    "S2.E5",
                    "S2.E10"
                ],
                "S2.E5": [
                    "S2.E10"
                ],
                "S2.E6": [
                    "S2.E10"
                ],
                "S2.E7": [
                    "S2.E10"
                ],
                "S2.E8": [
                    "S2.E10"
                ],
                "S2.E9": [
                    "S2.E10"
                ],
                "S2.E10": [
                    null
                ],
                "S3.E11": [
                    null
                ],
                "S4.E12": [
                    null
                ],
                "S4.E13": [
                    null
                ]
            },
            "Accuracy": 0.903954802259887,
            "Precision": 0.35714285714285715,
            "Recall": 0.38461538461538464,
            "F1 Score": 0.3703703703703704
        },
        "Article ID: 0907.2720": {
            "Adjacency List": {
                "S2.E1": [
                    null
                ],
                "S2.E2": [
                    null
                ],
                "S2.E3": [
                    null
                ],
                "S2.E4": [
                    null
                ],
                "S2.E5": [
                    null
                ],
                "S3.E6": [
                    null
                ],
                "S3.E7": [
                    null
                ],
                "S3.E8": [
                    null
                ],
                "S3.E9": [
                    null
                ],
                "S3.E10": [
                    null
                ],
                "S3.E11": [
                    null
                ],
                "S3.E12": [
                    null
                ],
                "S3.E13": [
                    null
                ],
                "S4.E14": [
                    null
                ]
            },
            "Accuracy": 0.8952380952380953,
            "Precision": 0.21428571428571427,
            "Recall": 0.21428571428571427,
            "F1 Score": 0.21428571428571427
        },
        "Article ID: 0907.2870": {
            "Adjacency List": {
                "S2.E1": [
                    null
                ],
                "S2.E2": [
                    null
                ],
                "S2.E3": [
                    null
                ],
                "S3.E4": [
                    null
                ],
                "S3.E5": [
                    null
                ],
                "S3.E6": [
                    null
                ],
                "S3.E7": [
                    null
                ],
                "S3.E8": [
                    null
                ],
                "S3.E9": [
                    null
                ],
                "S3.E10": [
                    null
                ],
                "S3.E11": [
                    null
                ],
                "S3.E12": [
                    null
                ],
                "S3.E13": [
                    null
                ],
                "S3.E14": [
                    null
                ]
            },
            "Accuracy": 0.8904761904761904,
            "Precision": 0.21428571428571427,
            "Recall": 0.2,
            "F1 Score": 0.20689655172413796
        },
        "Article ID: 0907.2872": {
            "Adjacency List": {
                "S0.E1": [
                    null
                ],
                "S0.E2": [
                    null
                ],
                "S0.E3": [
                    null
                ],
                "S0.E4": [
                    null
                ],
                "S0.E5": [
                    null
                ],
                "S0.E6": [
                    null
                ],
                "S0.E7": [
                    null
                ]
            },
            "Accuracy": 0.9285714285714286,
            "Precision": 0.7142857142857143,
            "Recall": 0.7142857142857143,
            "F1 Score": 0.7142857142857143
        },
        "Article ID: 0907.2959": {
            "Adjacency List": {
                "S2.E1": [
                    "S2.E2"
                ],
                "S2.E2": [
                    null
                ],
                "S2.E3": [
                    null
                ],
                "S2.E4": [
                    null
                ],
                "S2.E5": [
                    null
                ],
                "S2.E6": [
                    null
                ],
                "S2.E7": [
                    null
                ],
                "S2.E8": [
                    null
                ],
                "S3.E9": [
                    null
                ]
            },
            "Accuracy": 0.8888888888888888,
            "Precision": 0.4444444444444444,
            "Recall": 0.4444444444444444,
            "F1 Score": 0.4444444444444444
        },
        "Article ID: 0907.2994": {
            "Adjacency List": {
                "S2.E1": [
                    "S2.E2"
                ],
                "S2.E2": [
                    null
                ],
                "S2.E3": [
                    null
                ],
                "S2.E4": [
                    null
                ],
                "S2.E5": [
                    null
                ],
                "S2.E6": [
                    null
                ],
                "S2.E7": [
                    null
                ],
                "S2.E8": [
                    null
                ],
                "S3.E9": [
                    null
                ],
                "S3.E10": [
                    null
                ]
            },
            "Accuracy": 0.9174311926605505,