{
    "Correctness": {
        "Number of articles used": 10,
        "Overall Correctness": {
            "Overall Accuracy": 0.19047619047619047,
            "Overall Precision": 0.2318840579710145,
            "Overall Recall": 0.5161290322580645,
            "Overall F1 Score": 0.31999999999999995
        },
        "Aggregate Correctness Statistics": {
            "Accuracy": {
                "Mean": 0.2885687409920539,
                "Lowest": 0.0,
                "25th Quartile (Q1)": 0.13054054054054054,
                "Median": 0.2746153846153846,
                "75th Quartile (Q3)": 0.3333333333333333,
                "Highest": 0.7
            },
            "Precision": {
                "Mean": 0.39146294611262766,
                "Lowest": 0.0,
                "25th Quartile (Q1)": 0.21428571428571427,
                "Median": 0.4,
                "75th Quartile (Q3)": 0.575,
                "Highest": 0.7777777777777778
            },
            "Recall": {
                "Mean": 0.4929863394633216,
                "Lowest": 0.0,
                "25th Quartile (Q1)": 0.40294117647058825,
                "Median": 0.4642857142857143,
                "75th Quartile (Q3)": 0.7001811594202898,
                "Highest": 0.875
            },
            "F1 Score": {
                "Mean": 0.41043583118867516,
                "Lowest": 0.0,
                "25th Quartile (Q1)": 0.23048172757475083,
                "Median": 0.43087121212121204,
                "75th Quartile (Q3)": 0.5,
                "Highest": 0.823529411764706
            }
        }
    },
    "Results": {
        "Article ID: 0907.2648": {
            "Adjacency List": {
                "S0.E1": [
                    null
                ],
                "S0.E2": [
                    null
                ],
                "S0.E3": [
                    null
                ],
                "S0.E4": [
                    null
                ],
                "S0.E5": [
                    null
                ],
                "S0.E6": [
                    null
                ],
                "S0.E7": [
                    null
                ],
                "S0.E8": [
                    null
                ],
                "S0.E9": [
                    null
                ],
                "S0.E10": [
                    null
                ]
            },
            "Accuracy": 0.3333333333333333,
            "Precision": 0.6,
            "Recall": 0.42857142857142855,
            "F1 Score": 0.5
        },
        "Article ID: 0907.2720": {
            "Adjacency List": {
                "S0.E1": [
                    "S0.E3",
                    "S0.E4",
                    "S0.E5",
                    "S0.E7"
                ],
                "S0.E2": [
                    "S0.E3",
                    "S0.E4",
                    "S0.E5",
                    "S0.E6",
                    "S0.E7"
                ],
                "S0.E3": [
                    "S0.E4",
                    "S0.E5",
                    "S0.E6",
                    "S0.E7"
                ],
                "S0.E4": [
                    "S0.E5",
                    "S0.E7"
                ],
                "S0.E5": [
                    null
                ],
                "S0.E6": [
                    null
                ],
                "S0.E7": [
                    null
                ],
                "S0.E8": [
                    null
                ],
                "S0.E9": [
                    null
                ],
                "S0.E10": [
                    null
                ]
            },
            "Accuracy": 0.2692307692307692,
            "Precision": 0.3333333333333333,
            "Recall": 0.5833333333333334,
            "F1 Score": 0.4242424242424242
        },
        "Article ID: 0907.2870": {
            "Adjacency List": {
                "S0.E1": [
                    null
                ],
                "S0.E2": [
                    null
                ],
                "S0.E3": [
                    null
                ],
                "S0.E4": [
                    null
                ],
                "S0.E5": [
                    null
                ],
                "S0.E6": [
                    "S0.E7",
                    "S0.E8"
                ],
                "S0.E7": [
                    "S0.E8"
                ],
                "S0.E8": [
                    null
                ],
                "S0.E9": [
                    null
                ]
            },
            "Accuracy": 0.5833333333333334,
            "Precision": 0.7,
            "Recall": 0.7777777777777778,
            "F1 Score": 0.7368421052631577
        },
        "Article ID: 0907.2872": {
            "Adjacency List": {
                "S2.E1": [
                    null
                ],
                "S2.E2": [
                    null
                ],
                "S2.E3": [
                    null
                ],
                "S2.E4": [
                    null
                ],
                "S2.E5": [
                    null
                ],
                "S2.E6": [
                    null
                ],
                "S2.E7": [
                    null
                ],
                "S2.E8": [
                    null
                ],
                "S2.E9": [
                    null
                ],
                "S2.E10": [
                    null
                ],
                "S3.E11": [
                    null
                ],
                "S3.E12": [
                    null
                ],
                "S3.E13": [
                    null
                ],
                "S3.E14": [
                    null
                ]
            },
            "Accuracy": 0.12,
            "Precision": 0.21428571428571427,
            "Recall": 0.21428571428571427,
            "F1 Score": 0.21428571428571427
        },
        "Article ID: 0907.2959": {
            "Adjacency List": {
                "S1.E1": [
                    null
                ],
                "S1.E2": [
                    null
                ],
                "S1.E3": [
                    "S1.E4"
                ],
                "S1.E4": [
                    null
                ]
            },
            "Accuracy": 0.0,
            "Precision": 0.0,
            "Recall": 0.0,
            "F1 Score": 0
        },
        "Article ID: 0907.2994": {
            "Adjacency List": {
                "S0.E1": [
                    null
                ],
                "S0.E2": [
                    "S0.E5",
                    "S0.E6",
                    "S0.E7",
                    "S0.E8"
                ],
                "S0.E3": [
                    "S0.E5",
                    "S0.E6",
                    "S0.E7",
                    "S0.E8"
                ],
                "S0.E4": [
                    "S0.E5",
                    "S0.E6",
                    "S0.E7",
                    "S0.E8",
                    "S0.E9"
                ],
                "S0.E5": [
                    "S0.E6",
                    "S0.E7",
                    "S0.E8"
                ],
                "S0.E6": [
                    "S0.E7",
                    "S0.E8"
                ],
                "S0.E7": [
                    null
                ],
                "S0.E8": [
                    null
                ],
                "S0.E9": [
                    null
                ],
                "S0.E10": [
                    null
                ],
                "S0.E11": [
                    null
                ],
                "S0.E12": [
                    null
                ],
                "S0.E13": [
                    null
                ],