{
    "Correctness": {
        "Number of articles used": 10,
        "Overall Correctness": {
            "Overall Accuracy": 0.8270893371757925,
            "Overall Precision": 0.21951219512195122,
            "Overall Recall": 0.36,
            "Overall F1 Score": 0.27272727272727276
        },
        "Aggregate Correctness Statistics": {
            "Accuracy": {
                "Mean": 0.8222427483077638,
                "Lowest": 0.5789473684210527,
                "25th Quartile (Q1)": 0.8432539682539683,
                "Median": 0.861096256684492,
                "75th Quartile (Q3)": 0.8856818181818181,
                "Highest": 0.9743589743589743
            },
            "Precision": {
                "Mean": 0.3187038824538825,
                "Lowest": 0.07142857142857142,
                "25th Quartile (Q1)": 0.171875,
                "Median": 0.26111111111111107,
                "75th Quartile (Q3)": 0.3645833333333333,
                "Highest": 0.8333333333333334
            },
            "Recall": {
                "Mean": 0.36916650600861123,
                "Lowest": 0.07142857142857142,
                "25th Quartile (Q1)": 0.22916666666666666,
                "Median": 0.27884615384615385,
                "75th Quartile (Q3)": 0.5119047619047619,
                "Highest": 0.8333333333333334
            },
            "F1 Score": {
                "Mean": 0.3202322905852318,
                "Lowest": 0.07142857142857142,
                "25th Quartile (Q1)": 0.20384615384615384,
                "Median": 0.24747474747474746,
                "75th Quartile (Q3)": 0.3447058823529412,
                "Highest": 0.8333333333333334
            }
        }
    },
    "Results": {
        "Article ID: 0907.2648": {
            "Adjacency List": {
                "S4.E1": [
                    "S4.E2",
                    "S4.E7",
                    "S4.E9",
                    "S4.E10",
                    "S4.E11",
                    "S4.E12",
                    "S5.E13",
                    "S5.E14",
                    "S5.E15",
                    "S5.E16"
                ],
                "S4.E2": [
                    "S4.E4",
                    "S4.E5",
                    "S4.E6",
                    "S4.E7",
                    "S4.E8",
                    "S4.E9",
                    "S4.E10",
                    "S4.E11",
                    "S4.E12",
                    "S5.E13",
                    "S5.E14",
                    "S5.E15",
                    "S5.E16"
                ],
                "S4.E3": [
                    "S4.E7",
                    "S4.E9",
                    "S4.E10",
                    "S4.E11",
                    "S4.E12",
                    "S5.E13",
                    "S5.E14",
                    "S5.E15",
                    "S5.E16"
                ],
                "S4.E4": [
                    "S4.E5",
                    "S4.E6",
                    "S4.E7",
                    "S4.E8",
                    "S4.E9",
                    "S4.E10",
                    "S4.E11",
                    "S4.E12",
                    "S5.E13",
                    "S5.E14",
                    "S5.E15",
                    "S5.E16"
                ],
                "S4.E5": [
                    "S4.E6",
                    "S4.E7",
                    "S4.E8",
                    "S4.E9",
                    "S4.E10",
                    "S4.E11",
                    "S4.E12",
                    "S5.E13",
                    "S5.E14",
                    "S5.E15",
                    "S5.E16"
                ],
                "S4.E6": [
                    "S4.E7",
                    "S4.E8",
                    "S4.E9",
                    "S4.E10",
                    "S4.E11",
                    "S4.E12",
                    "S5.E13",
                    "S5.E14",
                    "S5.E15",
                    "S5.E16"
                ],
                "S4.E7": [
                    "S4.E8",
                    "S4.E9",
                    "S4.E10",
                    "S4.E11",
                    "S4.E12",
                    "S5.E13",
                    "S5.E14",
                    "S5.E15",
                    "S5.E16"
                ],
                "S4.E8": [
                    "S4.E9",
                    "S4.E10",
                    "S4.E11",
                    "S4.E12",
                    "S5.E13",
                    "S5.E14",
                    "S5.E15",
                    "S5.E16"
                ],
                "S4.E9": [
                    "S4.E10",
                    "S4.E11",
                    "S4.E12",
                    "S5.E13",
                    "S5.E14",
                    "S5.E15",
                    "S5.E16"
                ],
                "S4.E10": [
                    "S4.E11",
                    "S4.E12",
                    "S5.E13",
                    "S5.E14",
                    "S5.E15",
                    "S5.E16"
                ],
                "S4.E11": [
                    "S4.E12",
                    "S5.E13",
                    "S5.E14",
                    "S5.E15",
                    "S5.E16"
                ],
                "S4.E12": [
                    "S5.E13",
                    "S5.E14",
                    "S5.E15",
                    "S5.E16"
                ],
                "S5.E13": [
                    "S5.E14",
                    "S5.E15",
                    "S5.E16"
                ],
                "S5.E14": [
                    "S5.E15",
                    "S5.E16"
                ],
                "S5.E15": [
                    "S5.E16"
                ],
                "S5.E16": [
                    null
                ]
            },
            "Accuracy": 0.6076923076923076,
            "Precision": 0.12612612612612611,
            "Recall": 0.7368421052631579,
            "F1 Score": 0.21538461538461537
        },
        "Article ID: 0907.2720": {
            "Adjacency List": {
                "S2.E1": [
                    null
                ],
                "S2.E2": [
                    "S3.E14"
                ],
                "S2.E3": [
                    "S3.E14"
                ],
                "S2.E4": [
                    "S3.E14"
                ],
                "S2.E5": [
                    "S3.E14"
                ],
                "S2.E6": [
                    "S3.E14"
                ],
                "S2.E7": [
                    "S3.E14"
                ],
                "S2.E8": [
                    "S3.E14"
                ],
                "S2.E9": [
                    "S3.E14"
                ],
                "S2.E10": [
                    "S3.E14"
                ],
                "S3.E11": [
                    "S3.E14"
                ],
                "S3.E12": [
                    "S3.E14"
                ],
                "S3.E13": [
                    "S3.E14"
                ],
                "S3.E14": [
                    null
                ]
            },
            "Accuracy": 0.87,
            "Precision": 0.07142857142857142,
            "Recall": 0.07142857142857142,
            "F1 Score": 0.07142857142857142
        },
        "Article ID: 0907.2870": {
            "Adjacency List": {
                "S3.E1": [
                    "S5.E2",
                    "S5.E3",
                    "S6.E4"
                ],
                "S5.E2": [
                    "S6.E4"
                ],
                "S5.E3": [
                    "S6.E4"
                ],
                "S6.E4": [
                    null
                ]
            },
            "Accuracy": 0.5789473684210527,
            "Precision": 0.16666666666666666,
            "Recall": 0.25,
            "F1 Score": 0.2
        },