{
    "Correctness": {
        "Number of articles used": 5,
        "Overall Correctness": {
            "Overall Accuracy": 0.16326530612244897,
            "Overall Precision": 0.2318840579710145,
            "Overall Recall": 0.35555555555555557,
            "Overall F1 Score": 0.28070175438596495
        },
        "Aggregate Correctness Statistics": {
            "Accuracy": {
                "Mean": 0.16753319144623494,
                "Lowest": 0.07692307692307693,
                "25th Quartile (Q1)": 0.08333333333333333,
                "Median": 0.17391304347826086,
                "75th Quartile (Q3)": 0.23076923076923078,
                "Highest": 0.2727272727272727
            },
            "Precision": {
                "Mean": 0.25096859796550197,
                "Lowest": 0.10526315789473684,
                "25th Quartile (Q1)": 0.2,
                "Median": 0.23529411764705882,
                "75th Quartile (Q3)": 0.2857142857142857,
                "Highest": 0.42857142857142855
            },
            "Recall": {
                "Mean": 0.34424963924963925,
                "Lowest": 0.125,
                "25th Quartile (Q1)": 0.2222222222222222,
                "Median": 0.4,
                "75th Quartile (Q3)": 0.42857142857142855,
                "Highest": 0.5454545454545454
            },
            "F1 Score": {
                "Mean": 0.27931420431420434,
                "Lowest": 0.14285714285714285,
                "25th Quartile (Q1)": 0.15384615384615385,
                "Median": 0.29629629629629634,
                "75th Quartile (Q3)": 0.37499999999999994,
                "Highest": 0.42857142857142855
            }
        }
    },
    "Results": {
        "Article ID: 0907.2648": {
            "Adjacency List": {
                "S0.E1": [
                    "S0.E2",
                    "S0.E3"
                ],
                "S0.E2": [
                    "S0.E3",
                    "S0.E6"
                ],
                "S0.E3": [
                    "S0.E6"
                ],
                "S0.E4": [
                    "S0.E5",
                    "S0.E6"
                ],
                "S0.E5": [
                    "S0.E6",
                    "S0.E7",
                    "S0.E8",
                    "S0.E9"
                ],
                "S0.E6": [
                    "S0.E7",
                    "S0.E8",
                    "S0.E9"
                ],
                "S0.E7": [
                    "S0.E8",
                    "S0.E9"
                ],
                "S0.E8": [
                    "S0.E9"
                ],
                "S0.E9": []
            },
            "Accuracy": 0.17391304347826086,
            "Precision": 0.23529411764705882,
            "Recall": 0.4,
            "F1 Score": 0.29629629629629634
        },
        "Article ID: 0907.2720": {
            "Adjacency List": {
                "S1.E1": [],
                "S1.E2": [],
                "S2.E3": [],
                "S2.E4": [
                    "S2.E3",
                    "S2.E6"
                ],
                "S2.E5": [
                    "S2.E3",
                    "S2.E4",
                    "S2.E6"
                ],
                "S2.E6": [],
                "S2.E7": [],
                "S3.E8": []
            },
            "Accuracy": 0.08333333333333333,
            "Precision": 0.2,
            "Recall": 0.125,
            "F1 Score": 0.15384615384615385
        },
        "Article ID: 0907.2870": {
            "Adjacency List": {
                "S0.E1": [
                    "S0.E2",
                    "S0.E3",
                    "S0.E4"
                ],
                "S0.E2": [
                    "S0.E3",
                    "S0.E4"
                ],
                "S0.E3": [
                    "S0.E4",
                    "S0.E6"
                ],
                "S0.E4": [
                    "S0.E5",
                    "S0.E6",
                    "S0.E7",
                    "S0.E8",
                    "S0.E9"
                ],
                "S0.E5": [
                    "S0.E6",
                    "S0.E7",
                    "S0.E8"
                ],
                "S0.E6": [
                    "S0.E7",
                    "S0.E8"
                ],
                "S0.E7": [
                    "S0.E8"
                ],
                "S0.E8": [
                    "S0.E9"
                ],
                "S0.E9": []
            },
            "Accuracy": 0.07692307692307693,
            "Precision": 0.10526315789473684,
            "Recall": 0.2222222222222222,
            "F1 Score": 0.14285714285714285
        },
        "Article ID: 0907.2872": {
            "Adjacency List": {
                "S3.E1": [
                    "S3.E3"
                ],
                "S3.E2": [
                    "S3.E1"
                ],
                "S3.E3": [
                    "S3.E2",
                    "S3.E4",
                    "S4.E5"
                ],
                "S3.E4": [
                    "S3.E2",
                    "S4.E5"
                ],
                "S4.E5": [],
                "S4.E6": [],
                "S5.E7": []
            },
            "Accuracy": 0.2727272727272727,
            "Precision": 0.42857142857142855,
            "Recall": 0.42857142857142855,
            "F1 Score": 0.42857142857142855
        },
        "Article ID: 0907.2959": {
            "Adjacency List": {
                "S0.E1": [],
                "S0.E2": [
                    "S0.E3",
                    "S0.E5"
                ],
                "S0.E3": [
                    "S0.E4",
                    "S0.E5",
                    "S0.E7"
                ],
                "S0.E4": [
                    "S0.E5",
                    "S0.E7"
                ],
                "S0.E5": [
                    "S0.E6",
                    "S0.E7",
                    "S0.E8",
                    "S0.E9"
                ],
                "S0.E6": [
                    "S0.E7",
                    "S0.E8",
                    "S0.E9",
                    "S0.E10"
                ],
                "S0.E7": [
                    "S0.E8",
                    "S0.E9",
                    "S0.E10"
                ],
                "S0.E8": [
                    "S0.E9",
                    "S0.E10"
                ],
                "S0.E9": [
                    "S0.E10"
                ],
                "S0.E10": [],
                "S0.E11": []
            },
            "Accuracy": 0.23076923076923078,
            "Precision": 0.2857142857142857,
            "Recall": 0.5454545454545454,
            "F1 Score": 0.37499999999999994
        }
    },