{
    "Correctness": {
        "Number of articles used": 10,
        "Overall Correctness": {
            "Overall Accuracy": 0.12582781456953643,
            "Overall Precision": 0.1743119266055046,
            "Overall Recall": 0.3114754098360656,
            "Overall F1 Score": 0.2235294117647059
        },
        "Aggregate Correctness Statistics": {
            "Accuracy": {
                "Mean": 0.13509128288470687,
                "Lowest": 0.0,
                "25th Quartile (Q1)": 0.09575471698113208,
                "Median": 0.11239495798319327,
                "75th Quartile (Q3)": 0.2155330882352941,
                "Highest": 0.2857142857142857
            },
            "Precision": {
                "Mean": 0.203621605286232,
                "Lowest": 0.0,
                "25th Quartile (Q1)": 0.1175123326286117,
                "Median": 0.17142857142857143,
                "75th Quartile (Q3)": 0.27904040404040403,
                "Highest": 0.46153846153846156
            },
            "Recall": {
                "Mean": 0.29144300144300145,
                "Lowest": 0.0,
                "25th Quartile (Q1)": 0.24166666666666664,
                "Median": 0.3333333333333333,
                "75th Quartile (Q3)": 0.3560606060606061,
                "Highest": 0.5333333333333333
            },
            "F1 Score": {
                "Mean": 0.22726620034839584,
                "Lowest": 0.0,
                "25th Quartile (Q1)": 0.17476489028213166,
                "Median": 0.20203735144312393,
                "75th Quartile (Q3)": 0.35328185328185324,
                "Highest": 0.4444444444444445
            }
        }
    },
    "Results": {
        "Article ID: 0907.2648": {
            "Adjacency List": {
                "S2.E1": [
                    "S2.E2",
                    "S2.E3",
                    "S2.E10"
                ],
                "S2.E2": [
                    "S2.E3",
                    "S2.E4",
                    "S2.E8",
                    "S2.E10"
                ],
                "S2.E3": [
                    "S2.E4",
                    "S2.E6",
                    "S2.E7",
                    "S2.E8",
                    "S2.E9",
                    "S2.E10",
                    "S2.E11"
                ],
                "S2.E4": [
                    "S2.E8",
                    "S2.E9",
                    "S2.E10"
                ],
                "S2.E5": [
                    "S2.E1",
                    "S2.E2",
                    "S2.E3",
                    "S2.E4",
                    "S2.E8",
                    "S2.E9",
                    "S2.E10",
                    "S2.E11"
                ],
                "S2.E6": [
                    "S2.E5",
                    "S2.E7",
                    "S2.E8",
                    "S2.E9",
                    "S2.E10",
                    "S2.E11"
                ],
                "S2.E7": [
                    "S2.E5",
                    "S2.E8",
                    "S2.E9",
                    "S2.E10",
                    "S2.E11"
                ],
                "S2.E8": [
                    "S2.E9",
                    "S2.E10",
                    "S2.E11"
                ],
                "S2.E9": [
                    "S2.E10",
                    "S2.E11"
                ],
                "S2.E10": [
                    "S2.E11",
                    "S3.E13"
                ],
                "S2.E11": [],
                "S2.E12": [],
                "S3.E13": [],
                "S3.E14": []
            },
            "Accuracy": 0.09433962264150944,
            "Precision": 0.11627906976744186,
            "Recall": 0.3333333333333333,
            "F1 Score": 0.1724137931034483
        },
        "Article ID: 0907.2720": {
            "Adjacency List": {
                "S0.E1": [
                    "S0.E2"
                ],
                "S0.E2": [],
                "S0.E3": [
                    "S0.E4"
                ],
                "S0.E4": [
                    "S0.E5",
                    "S0.E6"
                ],
                "S0.E5": [
                    "S0.E6"
                ],
                "S0.E6": [
                    "S0.E7",
                    "S0.E8",
                    "S0.E9",
                    "S0.E10"
                ],
                "S0.E7": [
                    "S0.E8"
                ],
                "S0.E8": [
                    "S0.E9",
                    "S0.E10"
                ],
                "S0.E9": [
                    "S0.E10"
                ],
                "S0.E10": []
            },
            "Accuracy": 0.2857142857142857,
            "Precision": 0.46153846153846156,
            "Recall": 0.42857142857142855,
            "F1 Score": 0.4444444444444445
        },
        "Article ID: 0907.2870": {
            "Adjacency List": {
                "S2.E1": [
                    "S2.E3",
                    "S2.E4",
                    "S2.E5"
                ],
                "S2.E2": [
                    "S2.E1",
                    "S2.E3",
                    "S2.E4",
                    "S2.E5"
                ],
                "S2.E3": [
                    "S2.E4",
                    "S2.E5",
                    "S3.E6",
                    "S3.E7",
                    "S3.E8",
                    "S3.E9"
                ],
                "S2.E4": [
                    "S2.E5",
                    "S3.E6",
                    "S3.E8",
                    "S3.E9"
                ],
                "S2.E5": [
                    "S3.E6",
                    "S3.E7",
                    "S3.E8",
                    "S3.E9"
                ],
                "S3.E6": [
                    "S3.E7",
                    "S3.E8",
                    "S3.E9"
                ],
                "S3.E7": [
                    "S2.E1",
                    "S2.E2",
                    "S2.E4",
                    "S3.E9",
                    "S3.E10",
                    "S4.E11"
                ],
                "S3.E8": [
                    "S3.E7",
                    "S3.E9"
                ],
                "S3.E9": [
                    "S3.E10"
                ],
                "S3.E10": [],
                "S4.E11": []
            },
            "Accuracy": 0.1,
            "Precision": 0.12121212121212122,
            "Recall": 0.36363636363636365,
            "F1 Score": 0.18181818181818182
        },
        "Article ID: 0907.2872": {
            "Adjacency List": {
                "S2.E1": [],
                "S2.E2": [
                    "S2.E1",
                    "S2.E3"
                ],
                "S2.E3": [],
                "S2.E4": [
                    "S2.E6",
                    "S2.E7",
                    "S2.E8",
                    "S2.E9"
                ],
                "S2.E5": [
                    "S2.E6",
                    "S2.E8",
                    "S2.E9"
                ],
                "S2.E6": [
                    "S2.E8",
                    "S2.E9"
                ],
                "S2.E7": [
                    "S2.E5",
                    "S2.E6",
                    "S2.E8",
                    "S2.E9",
                    "S2.E12"
                ],
                "S2.E8": [
                    "S2.E9",
                    "S2.E10"
                ],
                "S2.E9": [
                    "S2.E10",
                    "S2.E12"
                ],
                "S2.E10": [
                    "S2.E7"
                ],
                "S2.E11": [
                    "S2.E12"
                ],
                "S2.E12": []
            },
            "Accuracy": 0.15625,
            "Precision": 0.22727272727272727,
            "Recall": 0.3333333333333333,
            "F1 Score": 0.27027027027027023
        },