{
    "Correctness": {
        "Number of articles used": 10,
        "Overall Correctness": {
            "Overall Accuracy": 0.09550561797752809,
            "Overall Precision": 0.12274368231046931,
            "Overall Recall": 0.3008849557522124,
            "Overall F1 Score": 0.17435897435897435
        },
        "Aggregate Correctness Statistics": {
            "Accuracy": {
                "Mean": 0.0868132064014417,
                "Lowest": 0.0,
                "25th Quartile (Q1)": 0.048513986013986016,
                "Median": 0.082579185520362,
                "75th Quartile (Q3)": 0.11499999999999999,
                "Highest": 0.19696969696969696
            },
            "Precision": {
                "Mean": 0.1166757935122749,
                "Lowest": 0.0,
                "25th Quartile (Q1)": 0.06875,
                "Median": 0.10347903657448707,
                "75th Quartile (Q3)": 0.1451086956521739,
                "Highest": 0.25
            },
            "Recall": {
                "Mean": 0.26033487044356607,
                "Lowest": 0.0,
                "25th Quartile (Q1)": 0.2,
                "Median": 0.2361111111111111,
                "75th Quartile (Q3)": 0.35625,
                "Highest": 0.5652173913043478
            },
            "F1 Score": {
                "Mean": 0.15532076329269504,
                "Lowest": 0.0,
                "25th Quartile (Q1)": 0.0924901185770751,
                "Median": 0.15250965250965248,
                "75th Quartile (Q3)": 0.20616883116883114,
                "Highest": 0.3291139240506329
            }
        }
    },
    "Results": {
        "Article ID: 0907.2648": {
            "Adjacency List": {
                "S1.E1": [
                    "S1.E2",
                    "S1.E3"
                ],
                "S1.E2": [
                    "S1.E3",
                    "S1.E4"
                ],
                "S1.E3": [],
                "S1.E4": []
            },
            "Accuracy": 0.14285714285714285,
            "Precision": 0.25,
            "Recall": 0.25,
            "F1 Score": 0.25
        },
        "Article ID: 0907.2720": {
            "Adjacency List": {
                "S2.E1": [],
                "S2.E2": [
                    "S2.E1",
                    "S3.E4",
                    "S3.E5",
                    "S4.E7"
                ],
                "S2.E3": [
                    "S3.E4",
                    "S4.E7"
                ],
                "S3.E4": [
                    "S3.E5",
                    "S4.E6",
                    "S4.E7",
                    "S4.E8",
                    "S4.E9",
                    "S4.E10"
                ],
                "S3.E5": [
                    "S4.E6",
                    "S4.E7",
                    "S4.E8",
                    "S4.E9",
                    "S4.E10"
                ],
                "S4.E6": [
                    "S4.E7",
                    "S4.E8"
                ],
                "S4.E7": [
                    "S4.E8",
                    "S4.E9",
                    "S4.E10"
                ],
                "S4.E8": [
                    "S4.E9"
                ],
                "S4.E9": [],
                "S4.E10": []
            },
            "Accuracy": 0.1,
            "Precision": 0.13043478260869565,
            "Recall": 0.3,
            "F1 Score": 0.18181818181818182
        },
        "Article ID: 0907.2870": {
            "Adjacency List": {
                "S0.E1": [
                    "S0.E2",
                    "S0.E3",
                    "S0.E4",
                    "S0.E5",
                    "S0.E6",
                    "S0.E7",
                    "S0.E8",
                    "S0.E9"
                ],
                "S0.E2": [
                    "S0.E3",
                    "S0.E4",
                    "S0.E5",
                    "S0.E6",
                    "S0.E7",
                    "S0.E8",
                    "S0.E9"
                ],
                "S0.E3": [
                    "S0.E4",
                    "S0.E5",
                    "S0.E6",
                    "S0.E7",
                    "S0.E8",
                    "S0.E9"
                ],
                "S0.E4": [
                    "S0.E5",
                    "S0.E6",
                    "S0.E7",
                    "S0.E8",
                    "S0.E9"
                ],
                "S0.E5": [
                    "S0.E6",
                    "S0.E7",
                    "S0.E8",
                    "S0.E9"
                ],
                "S0.E6": [
                    "S0.E7",
                    "S0.E8",
                    "S0.E9"
                ],
                "S0.E7": [
                    "S0.E8",
                    "S0.E9"
                ],
                "S0.E8": [
                    "S0.E9"
                ],
                "S0.E9": []
            },
            "Accuracy": 0.045454545454545456,
            "Precision": 0.05555555555555555,
            "Recall": 0.2,
            "F1 Score": 0.08695652173913045
        },
        "Article ID: 0907.2872": {
            "Adjacency List": {
                "S0.E1": [
                    "S0.E2",
                    "S0.E3",
                    "S0.E4"
                ],
                "S0.E2": [
                    "S0.E3",
                    "S0.E4"
                ],
                "S0.E3": [
                    "S0.E4",
                    "S0.E6"
                ],
                "S0.E4": [
                    "S0.E5",
                    "S0.E6",
                    "S0.E7",
                    "S0.E8",
                    "S0.E9"
                ],
                "S0.E5": [
                    "S0.E6",
                    "S0.E7",
                    "S0.E8"
                ],
                "S0.E6": [
                    "S0.E7",
                    "S0.E8"
                ],
                "S0.E7": [
                    "S0.E8"
                ],
                "S0.E8": [
                    "S0.E9"
                ],
                "S0.E9": []
            },
            "Accuracy": 0.07692307692307693,
            "Precision": 0.10526315789473684,
            "Recall": 0.2222222222222222,
            "F1 Score": 0.14285714285714285
        },
        "Article ID: 0907.2959": {
            "Adjacency List": {
                "S2.E1": [
                    "S2.E2",
                    "S2.E3",
                    "S2.E4",
                    "S3.E5",
                    "S3.E6"
                ],
                "S2.E2": [
                    "S2.E3",
                    "S2.E4",
                    "S3.E5",
                    "S3.E6",
                    "S3.E7"
                ],
                "S2.E3": [
                    "S2.E4",
                    "S3.E5",
                    "S3.E6"
                ],
                "S2.E4": [
                    "S3.E5",
                    "S3.E6"
                ],
                "S3.E5": [
                    "S3.E6"
                ],
                "S3.E6": [],
                "S3.E7": [
                    "S2.E3",
                    "S2.E4",
                    "S3.E5",
                    "S3.E6"
                ]
            },
            "Accuracy": 0.12,
            "Precision": 0.15,
            "Recall": 0.375,
            "F1 Score": 0.21428571428571425
        },
        "Article ID: 0907.2967": {
            "Adjacency List": {
                "S1.E1": [
                    "S2.E6"
                ],
                "S1.E2": [
                    "S2.E6"
                ],
                "S1.E3": [
                    "S2.E4",
                    "S2.E5",
                    "S2.E6",
                    "S2.E7"
                ],
                "S2.E4": [
                    "S2.E6",
                    "S2.E7",
                    "S2.E8",
                    "S2.E9"
                ],