{
    "Correctness": {
        "Number of articles used": 10,
        "Overall Correctness": {
            "Overall Accuracy": 0.05027932960893855,
            "Overall Precision": 0.13043478260869565,
            "Overall Recall": 0.07563025210084033,
            "Overall F1 Score": 0.09574468085106383
        },
        "Aggregate Correctness Statistics": {
            "Accuracy": {
                "Mean": 0.023288220551378448,
                "Lowest": 0.0,
                "25th Quartile (Q1)": 0.0,
                "Median": 0.0,
                "75th Quartile (Q3)": 0.03571428571428571,
                "Highest": 0.10526315789473684
            },
            "Precision": {
                "Mean": 0.05070581592320722,
                "Lowest": 0.0,
                "25th Quartile (Q1)": 0.0,
                "Median": 0.0,
                "75th Quartile (Q3)": 0.06818181818181818,
                "Highest": 0.2857142857142857
            },
            "Recall": {
                "Mean": 0.054385026737967926,
                "Lowest": 0.0,
                "25th Quartile (Q1)": 0.0,
                "Median": 0.0,
                "75th Quartile (Q3)": 0.06818181818181818,
                "Highest": 0.35294117647058826
            },
            "F1 Score": {
                "Mean": 0.04295334295334295,
                "Lowest": 0.0,
                "25th Quartile (Q1)": 0.0,
                "Median": 0.0,
                "75th Quartile (Q3)": 0.06818181818181818,
                "Highest": 0.1904761904761905
            }
        }
    },
    "Results": {
        "Article ID: 0907.2648": {
            "Adjacency List": {
                "S2.E1": [],
                "S2.E2": [],
                "S2.E3": [],
                "S2.E4": [],
                "S2.E5": [],
                "S2.E6": []
            },
            "Accuracy": 0.0,
            "Precision": 0,
            "Recall": 0.0,
            "F1 Score": 0
        },
        "Article ID: 0907.2720": {
            "Adjacency List": {
                "S0.E1": [],
                "S0.E2": [],
                "S0.E3": [],
                "S0.E4": [],
                "S0.E5": [],
                "S0.E6": [
                    "S0.E7"
                ],
                "S0.E7": [],
                "S0.E8": [],
                "S0.E9": []
            },
            "Accuracy": 0.0,
            "Precision": 0.0,
            "Recall": 0.0,
            "F1 Score": 0
        },
        "Article ID: 0907.2870": {
            "Adjacency List": {
                "S2.E1": [],
                "S2.E2": [],
                "S2.E3": [],
                "S3.E4": [],
                "S3.E5": [],
                "S3.E6": [],
                "S3.E7": [],
                "S3.E8": [],
                "S3.E9": [],
                "S3.E10": [],
                "S3.E11": [],
                "S3.E12": [],
                "S3.E13": [],
                "S3.E14": []
            },
            "Accuracy": 0.0,
            "Precision": 0,
            "Recall": 0.0,
            "F1 Score": 0
        },
        "Article ID: 0907.2872": {
            "Adjacency List": {
                "S2.E1": [
                    "S2.E4",
                    "S3.E5"
                ],
                "S2.E2": [
                    "S2.E4"
                ],
                "S2.E3": [
                    "S2.E4",
                    "S3.E5",
                    "S3.E6",
                    "S3.E7"
                ],
                "S2.E4": [
                    "S3.E5",
                    "S3.E6",
                    "S3.E7",
                    "S3.E8"
                ],
                "S3.E5": [],
                "S3.E6": [],
                "S3.E7": [],
                "S3.E8": [],
                "S3.E9": [],
                "S3.E10": [],
                "S3.E11": []
            },
            "Accuracy": 0.047619047619047616,
            "Precision": 0.09090909090909091,
            "Recall": 0.09090909090909091,
            "F1 Score": 0.09090909090909091
        },
        "Article ID: 0907.2959": {
            "Adjacency List": {
                "S1.E1": [
                    "S2.E5"
                ],
                "S2.E2": [
                    "S2.E5"
                ],
                "S2.E3": [
                    "S2.E5"
                ],
                "S2.E4": [
                    "S2.E5"
                ],
                "S2.E5": []
            },
            "Accuracy": 0.0,
            "Precision": 0.0,
            "Recall": 0.0,
            "F1 Score": 0
        },
        "Article ID: 0907.2994": {
            "Adjacency List": {
                "S2.E1": [
                    "S2.E2",
                    "S4.E5"
                ],
                "S2.E2": [
                    "S2.E4",
                    "S4.E5"
                ],
                "S2.E3": [],
                "S2.E4": [],
                "S4.E5": [],
                "S4.E6": [],
                "S5.E7": [],
                "S5.E8": [],
                "S5.E9": [],
                "S5.E10": [],
                "S5.E11": [],
                "S5.E12": [
                    "S5.E13",
                    "S5.E14"
                ],
                "S5.E13": [
                    "S5.E14"
                ],
                "S5.E14": []
            },
            "Accuracy": 0.08,
            "Precision": 0.2857142857142857,
            "Recall": 0.1,
            "F1 Score": 0.14814814814814817
        },
        "Article ID: 0907.3017": {
            "Adjacency List": {
                "S2.E1": [],
                "S2.E2": [],
                "S2.E3": [],
                "S2.E4": [],
                "S2.E5": [],
                "S2.E6": [],
                "S2.E7": [],
                "S2.E8": [],
                "S2.E9": [],
                "S2.E10": [],
                "S2.E11": [],
                "S2.E12": []
            },
            "Accuracy": 0.0,
            "Precision": 0,
            "Recall": 0.0,
            "F1 Score": 0
        },
        "Article ID: 0907.3028": {
            "Adjacency List": {
                "S2.E1": [
                    "S2.E4"
                ],
                "S2.E2": [],
                "S2.E3": [
                    "S2.E4"
                ],
                "S2.E4": [
                    "S2.E5"
                ],
                "S2.E5": [],
                "S2.E6": [],
                "S2.E7": [
                    "S2.E8",
                    "S2.E9",
                    "S2.E10",
                    "S3.E11",
                    "S3.E12",
                    "S3.E13",
                    "S3.E14",
                    "S3.E15",
                    "S3.E16"
                ],
                "S2.E8": [
                    "S2.E9",
                    "S2.E10",
                    "S3.E11",
                    "S3.E12",
                    "S3.E13",
                    "S3.E14",
                    "S3.E15",
                    "S3.E16"
                ],
                "S2.E9": [
                    "S2.E10",
                    "S3.E11",
                    "S3.E12",
                    "S3.E13",
                    "S3.E14",
                    "S3.E15",
                    "S3.E16"
                ],
                "S2.E10": [
                    "S3.E11",
                    "S3.E12",
                    "S3.E13",
                    "S3.E14",
                    "S3.E15",
                    "S3.E16"
                ],
                "S3.E11": [
                    "S3.E12",
                    "S3.E13",
                    "S3.E14",
                    "S3.E15",
                    "S3.E16"
                ],
                "S3.E12": [
                    "S3.E13",
                    "S3.E14",
                    "S3.E15",
                    "S3.E16"
                ],