{
    "Correctness": {
        "Number of articles used": 10,
        "Overall Correctness": {
            "Overall Accuracy": 0.042328042328042326,
            "Overall Precision": 0.12903225806451613,
            "Overall Recall": 0.05925925925925926,
            "Overall F1 Score": 0.08121827411167512
        },
        "Aggregate Correctness Statistics": {
            "Accuracy": {
                "Mean": 0.043099006256900996,
                "Lowest": 0.0,
                "25th Quartile (Q1)": 0.0,
                "Median": 0.0,
                "75th Quartile (Q3)": 0.057692307692307696,
                "Highest": 0.2631578947368421
            },
            "Precision": {
                "Mean": 0.11476190476190476,
                "Lowest": 0.0,
                "25th Quartile (Q1)": 0.0,
                "Median": 0.0,
                "75th Quartile (Q3)": 0.07500000000000001,
                "Highest": 0.7142857142857143
            },
            "Recall": {
                "Mean": 0.06552287581699347,
                "Lowest": 0.0,
                "25th Quartile (Q1)": 0.0,
                "Median": 0.0,
                "75th Quartile (Q3)": 0.08333333333333333,
                "Highest": 0.29411764705882354
            },
            "F1 Score": {
                "Mean": 0.07261904761904762,
                "Lowest": 0.0,
                "25th Quartile (Q1)": 0.0,
                "Median": 0.0,
                "75th Quartile (Q3)": 0.10714285714285715,
                "Highest": 0.4166666666666667
            }
        }
    },
    "Results": {
        "Article ID: 0907.2648": {
            "Adjacency List": {
                "S2.E1": [
                    "S3.E14"
                ],
                "S2.E2": [
                    "S3.E14"
                ],
                "S2.E3": [
                    "S3.E14"
                ],
                "S2.E4": [
                    "S3.E14"
                ],
                "S2.E5": [
                    "S3.E14"
                ],
                "S2.E6": [
                    "S3.E14"
                ],
                "S2.E7": [
                    "S3.E14"
                ],
                "S2.E8": [
                    "S3.E14"
                ],
                "S2.E9": [
                    "S3.E14"
                ],
                "S2.E10": [
                    "S3.E14"
                ],
                "S3.E11": [
                    "S3.E14"
                ],
                "S3.E12": [
                    "S3.E14"
                ],
                "S3.E13": [
                    "S3.E14"
                ],
                "S3.E14": []
            },
            "Accuracy": 0.0,
            "Precision": 0.0,
            "Recall": 0.0,
            "F1 Score": 0
        },
        "Article ID: 0907.2720": {
            "Adjacency List": {
                "S0.E1": [],
                "S0.E2": [],
                "S0.E3": [],
                "S0.E4": [
                    "S0.E5",
                    "S0.E6",
                    "S0.E7",
                    "S0.E8"
                ],
                "S0.E5": [
                    "S0.E6",
                    "S0.E7",
                    "S0.E8"
                ],
                "S0.E6": [
                    "S0.E7",
                    "S0.E8"
                ],
                "S0.E7": [],
                "S0.E8": [],
                "S0.E9": [],
                "S0.E10": [],
                "S0.E11": [],
                "S0.E12": [],
                "S0.E13": [],
                "S0.E14": [],
                "S0.E15": []
            },
            "Accuracy": 0.0,
            "Precision": 0.0,
            "Recall": 0.0,
            "F1 Score": 0
        },
        "Article ID: 0907.2870": {
            "Adjacency List": {
                "S2.E1": [
                    "S2.E2"
                ],
                "S2.E2": [],
                "S2.E3": [],
                "S2.E4": [],
                "S2.E5": [],
                "S3.E6": [
                    "S3.E7"
                ],
                "S3.E7": [
                    "S3.E8"
                ],
                "S3.E8": []
            },
            "Accuracy": 0.09090909090909091,
            "Precision": 0.3333333333333333,
            "Recall": 0.1111111111111111,
            "F1 Score": 0.16666666666666666
        },
        "Article ID: 0907.2872": {
            "Adjacency List": {
                "S2.E1": [
                    "S2.E2",
                    "S2.E3",
                    "S2.E4",
                    "S3.E5",
                    "S3.E6",
                    "S3.E7"
                ],
                "S2.E2": [
                    "S2.E3",
                    "S2.E4",
                    "S3.E5",
                    "S3.E6",
                    "S3.E7"
                ],
                "S2.E3": [
                    "S3.E5",
                    "S3.E6",
                    "S3.E7"
                ],
                "S2.E4": [
                    "S3.E5",
                    "S3.E6",
                    "S3.E7"
                ],
                "S3.E5": [
                    "S3.E6",
                    "S3.E7"
                ],
                "S3.E6": [
                    "S3.E7"
                ],
                "S3.E7": []
            },
            "Accuracy": 0.07692307692307693,
            "Precision": 0.1,
            "Recall": 0.25,
            "F1 Score": 0.14285714285714288
        },
        "Article ID: 0907.2959": {
            "Adjacency List": {
                "S3.E1": [
                    "S5.E2",
                    "S6.E4"
                ],
                "S5.E2": [
                    "S6.E4"
                ],
                "S5.E3": [
                    "S6.E4"
                ],
                "S6.E4": []
            },
            "Accuracy": 0.0,
            "Precision": 0.0,
            "Recall": 0.0,
            "F1 Score": 0
        },
        "Article ID: 0907.2994": {
            "Adjacency List": {
                "S2.E1": [],
                "S2.E2": [],
                "S2.E3": [],
                "S2.E4": [],
                "S2.E5": [],
                "S2.E6": [],
                "S2.E7": [],
                "S2.E8": [],
                "S2.E9": [],
                "S2.E10": [],
                "S2.E11": [],
                "S2.E12": [],
                "S2.E13": [],
                "S2.E14": [],
                "S2.E15": []
            },
            "Accuracy": 0.0,
            "Precision": 0,
            "Recall": 0.0,
            "F1 Score": 0
        },
        "Article ID: 0907.3017": {
            "Adjacency List": {
                "S2.E1": [],
                "S2.E2": [
                    "S2.E4",
                    "S2.E5"
                ],
                "S2.E3": [],
                "S2.E4": [
                    "S2.E5",
                    "S3.E6"
                ],
                "S2.E5": [
                    "S3.E6"
                ],
                "S3.E6": [],
                "S3.E7": [],
                "S3.E8": [
                    "S3.E9"
                ],
                "S3.E9": [],
                "S3.E10": [],
                "S3.E11": [],
                "S3.E12": [],
                "S3.E13": [],
                "S3.E14": [],
                "S3.E15": [
                    "S3.E16"
                ],
                "S3.E16": []
            },
            "Accuracy": 0.2631578947368421,
            "Precision": 0.7142857142857143,
            "Recall": 0.29411764705882354,
            "F1 Score": 0.4166666666666667
        },
        "Article ID: 0907.3028": {
            "Adjacency List": {
                "S2.E1": [],
                "S2.E2": [],
                "S2.E3": [],
                "S2.E4": [],
                "S2.E5": [],
                "S2.E6": [],
                "S2.E7": [],
                "S2.E8": [],
                "S3.E9": [],