{
    "Correctness": {
        "Number of articles used": 20,
        "Overall Correctness": {
            "Overall Accuracy": 0.07958477508650519,
            "Overall Precision": 0.2987012987012987,
            "Overall Recall": 0.09787234042553192,
            "Overall F1 Score": 0.1474358974358974
        },
        "Aggregate Correctness Statistics": {
            "Accuracy": {
                "Mean": 0.07788320475820476,
                "Lowest": 0.0,
                "25th Quartile (Q1)": 0.0,
                "Median": 0.06458333333333333,
                "75th Quartile (Q3)": 0.09090909090909091,
                "Highest": 0.3333333333333333
            },
            "Precision": {
                "Mean": 0.300756882006882,
                "Lowest": 0.0,
                "25th Quartile (Q1)": 0.0,
                "Median": 0.14835164835164835,
                "75th Quartile (Q3)": 0.4659090909090909,
                "Highest": 1.0
            },
            "Recall": {
                "Mean": 0.10655885780885781,
                "Lowest": 0.0,
                "25th Quartile (Q1)": 0.0,
                "Median": 0.08391608391608392,
                "75th Quartile (Q3)": 0.11666666666666667,
                "Highest": 0.5555555555555556
            },
            "F1 Score": {
                "Mean": 0.13182007376453303,
                "Lowest": 0.0,
                "25th Quartile (Q1)": 0.0,
                "Median": 0.1213235294117647,
                "75th Quartile (Q3)": 0.16666666666666666,
                "Highest": 0.5
            }
        }
    },
    "Results": {
        "Article ID: 0907.2648": {
            "Adjacency List": {
                "S0.E1": [],
                "S0.E2": [],
                "S0.E3": [],
                "S0.E4": [],
                "S0.E5": [],
                "S0.E6": [],
                "S0.E7": [
                    "S0.E8",
                    "S0.E9"
                ],
                "S0.E8": [
                    "S0.E9"
                ],
                "S0.E9": []
            },
            "Accuracy": 0.0,
            "Precision": 0.0,
            "Recall": 0.0,
            "F1 Score": 0
        },
        "Article ID: 0907.2720": {
            "Adjacency List": {
                "S2.E1": [],
                "S2.E2": [],
                "S2.E3": [],
                "S2.E4": [],
                "S2.E5": [],
                "S2.E6": [],
                "S2.E7": [],
                "S2.E8": [],
                "S2.E9": [],
                "S2.E10": [],
                "S2.E11": [],
                "S2.E12": [],
                "S3.E13": [],
                "S3.E14": []
            },
            "Accuracy": 0.0,
            "Precision": 0,
            "Recall": 0.0,
            "F1 Score": 0
        },
        "Article ID: 0907.2870": {
            "Adjacency List": {
                "S2.E1": [],
                "S2.E2": [],
                "S2.E3": [],
                "S2.E4": [],
                "S2.E5": [],
                "S3.E6": [],
                "S3.E7": [],
                "S3.E8": [],
                "S3.E9": [],
                "S3.E10": [],
                "S4.E11": []
            },
            "Accuracy": 0.0,
            "Precision": 0,
            "Recall": 0.0,
            "F1 Score": 0
        },
        "Article ID: 0907.2872": {
            "Adjacency List": {
                "S2.E1": [
                    "S2.E2"
                ],
                "S2.E2": [],
                "S2.E3": [],
                "S3.E4": [
                    "S3.E5",
                    "S4.E6",
                    "S4.E8"
                ],
                "S3.E5": [
                    "S4.E6",
                    "S4.E8"
                ],
                "S4.E6": [
                    "S4.E8"
                ],
                "S4.E7": [],
                "S4.E8": [],
                "S4.E9": [],
                "S4.E10": []
            },
            "Accuracy": 0.0625,
            "Precision": 0.14285714285714285,
            "Recall": 0.1,
            "F1 Score": 0.11764705882352941
        },
        "Article ID: 0907.2959": {
            "Adjacency List": {
                "S0.E1": [],
                "S0.E2": [],
                "S0.E3": [],
                "S0.E4": [],
                "S0.E5": [
                    "S0.E6"
                ],
                "S0.E6": [],
                "S0.E7": [],
                "S0.E8": [],
                "S0.E9": [],
                "S0.E10": [],
                "S0.E11": [],
                "S0.E12": [],
                "S0.E13": []
            },
            "Accuracy": 0.07692307692307693,
            "Precision": 1.0,
            "Recall": 0.07692307692307693,
            "F1 Score": 0.14285714285714288
        },
        "Article ID: 0907.2994": {
            "Adjacency List": {
                "S4.E1": [],
                "S4.E2": [
                    "S4.E3",
                    "S5.E4"
                ],
                "S4.E3": [
                    "S5.E4"
                ],
                "S5.E4": [],
                "S5.E5": [],
                "S5.E6": [],
                "S5.E7": [],
                "S6.E8": [],
                "S6.E9": [],
                "S6.E10": [],
                "S6.E11": [],
                "S6.E12": [],
                "S6.E13": [],
                "S6.E14": []
            },
            "Accuracy": 0.0,
            "Precision": 0.0,
            "Recall": 0.0,
            "F1 Score": 0
        },
        "Article ID: 0907.3017": {
            "Adjacency List": {
                "S2.E1": [],
                "S2.E2": [
                    "S2.E3",
                    "S2.E4"
                ],
                "S2.E3": [
                    "S2.E4"
                ],
                "S2.E4": [],
                "S2.E5": [],
                "S2.E6": [
                    "S2.E8",
                    "S3.E9"
                ],
                "S2.E7": [],
                "S2.E8": [
                    "S3.E9"
                ],
                "S3.E9": []
            },
            "Accuracy": 0.14285714285714285,
            "Precision": 0.3333333333333333,
            "Recall": 0.2,
            "F1 Score": 0.25
        },
        "Article ID: 0907.3028": {
            "Adjacency List": {
                "S2.E1": [
                    "S2.E2",
                    "S2.E3",
                    "S2.E4"
                ],
                "S2.E2": [
                    "S2.E3",
                    "S2.E4"
                ],
                "S2.E3": [
                    "S2.E4",
                    "S2.E5"
                ],
                "S2.E4": [
                    "S2.E5"
                ],
                "S2.E5": [],
                "S2.E6": [],
                "S2.E7": [],
                "S2.E8": [],
                "S3.E9": [],
                "S3.E10": []
            },
            "Accuracy": 0.05555555555555555,
            "Precision": 0.125,
            "Recall": 0.09090909090909091,
            "F1 Score": 0.10526315789473685
        },
        "Article ID: 0907.3040": {
            "Adjacency List": {
                "S0.E1": [
                    "S0.E5"
                ],
                "S0.E2": [
                    "S0.E5"
                ],
                "S0.E3": [
                    "S0.E4",
                    "S0.E5"
                ],
                "S0.E4": [
                    "S0.E5"
                ],
                "S0.E5": [],
                "S0.E6": [],
                "S0.E7": [
                    "S0.E8"
                ],
                "S0.E8": []
            },
            "Accuracy": 0.2727272727272727,
            "Precision": 0.5,
            "Recall": 0.375,
            "F1 Score": 0.42857142857142855
        },
        "Article ID: 0907.3145": {
            "Adjacency List": {
                "S0.E1": [],
                "S0.E2": [],
                "S0.E3": [],