{
    "Correctness": {
        "Number of articles used": 10,
        "Overall Correctness": {
            "Overall Accuracy": 0.029197080291970802,
            "Overall Precision": 0.17391304347826086,
            "Overall Recall": 0.03389830508474576,
            "Overall F1 Score": 0.056737588652482275
        },
        "Aggregate Correctness Statistics": {
            "Accuracy": {
                "Mean": 0.022786561264822137,
                "Lowest": 0.0,
                "25th Quartile (Q1)": 0.0,
                "Median": 0.0,
                "75th Quartile (Q3)": 0.037500000000000006,
                "Highest": 0.09090909090909091
            },
            "Precision": {
                "Mean": 0.095,
                "Lowest": 0.0,
                "25th Quartile (Q1)": 0.0,
                "Median": 0.0,
                "75th Quartile (Q3)": 0.15000000000000002,
                "Highest": 0.5
            },
            "Recall": {
                "Mean": 0.029215686274509805,
                "Lowest": 0.0,
                "25th Quartile (Q1)": 0.0,
                "Median": 0.0,
                "75th Quartile (Q3)": 0.044117647058823525,
                "Highest": 0.13333333333333333
            },
            "F1 Score": {
                "Mean": 0.04219047619047619,
                "Lowest": 0.0,
                "25th Quartile (Q1)": 0.0,
                "Median": 0.0,
                "75th Quartile (Q3)": 0.07142857142857142,
                "Highest": 0.16666666666666669
            }
        }
    },
    "Results": {
        "Article ID: 0907.2648": {
            "Adjacency List": {
                "S0.E1": [],
                "S0.E2": [],
                "S0.E3": [],
                "S0.E4": [],
                "S0.E5": [],
                "S0.E6": [],
                "S0.E7": [],
                "S0.E8": [],
                "S0.E9": []
            },
            "Accuracy": 0.0,
            "Precision": 0,
            "Recall": 0.0,
            "F1 Score": 0
        },
        "Article ID: 0907.2720": {
            "Adjacency List": {
                "S2.E1": [],
                "S2.E2": [],
                "S2.E3": [],
                "S2.E4": [],
                "S2.E5": [],
                "S2.E6": [],
                "S2.E7": [],
                "S2.E8": [],
                "S2.E9": [],
                "S2.E10": [],
                "S2.E11": [],
                "S2.E12": [],
                "S2.E13": [],
                "S3.E14": []
            },
            "Accuracy": 0.0,
            "Precision": 0,
            "Recall": 0.0,
            "F1 Score": 0
        },
        "Article ID: 0907.2870": {
            "Adjacency List": {
                "S2.E1": [],
                "S2.E2": [],
                "S2.E3": [],
                "S2.E4": [],
                "S2.E5": [],
                "S2.E6": [],
                "S2.E7": [
                    "S2.E8",
                    "S2.E9",
                    "S2.E10"
                ],
                "S2.E8": [],
                "S2.E9": [
                    "S2.E10"
                ],
                "S2.E10": []
            },
            "Accuracy": 0.05,
            "Precision": 0.25,
            "Recall": 0.058823529411764705,
            "F1 Score": 0.09523809523809523
        },
        "Article ID: 0907.2872": {
            "Adjacency List": {
                "S2.E1": [],
                "S2.E2": [],
                "S2.E3": [],
                "S3.E4": [],
                "S3.E5": [],
                "S3.E6": [],
                "S3.E7": [],
                "S3.E8": [],
                "S3.E9": [],
                "S3.E10": [],
                "S3.E11": [],
                "S3.E12": [],
                "S3.E13": [],
                "S3.E14": []
            },
            "Accuracy": 0.0,
            "Precision": 0,
            "Recall": 0.0,
            "F1 Score": 0
        },
        "Article ID: 0907.2959": {
            "Adjacency List": {
                "S2.E1": [],
                "S2.E2": [],
                "S2.E3": [],
                "S3.E4": [
                    "S4.E6"
                ],
                "S3.E5": [
                    "S4.E6"
                ],
                "S4.E6": [
                    "S4.E8"
                ],
                "S4.E7": [],
                "S4.E8": [],
                "S4.E9": [],
                "S4.E10": []
            },
            "Accuracy": 0.0,
            "Precision": 0.0,
            "Recall": 0.0,
            "F1 Score": 0
        },
        "Article ID: 0907.2994": {
            "Adjacency List": {
                "S0.E1": [],
                "S0.E2": [
                    "S0.E3"
                ],
                "S0.E3": [],
                "S0.E4": [
                    "S0.E3"
                ],
                "S0.E5": [],
                "S0.E6": [],
                "S0.E7": [],
                "S0.E8": [],
                "S0.E9": []
            },
            "Accuracy": 0.0,
            "Precision": 0.0,
            "Recall": 0.0,
            "F1 Score": 0
        },
        "Article ID: 0907.3017": {
            "Adjacency List": {
                "S2.E1": [
                    "S2.E2"
                ],
                "S2.E2": [],
                "S2.E3": [],
                "S2.E4": [],
                "S2.E5": [],
                "S2.E6": [],
                "S2.E7": [],
                "S2.E8": [],
                "S3.E9": [],
                "S3.E10": []
            },
            "Accuracy": 0.0,
            "Precision": 0.0,
            "Recall": 0.0,
            "F1 Score": 0
        },
        "Article ID: 0907.3028": {
            "Adjacency List": {
                "S2.E1": [
                    "S2.E2"
                ],
                "S2.E2": [],
                "S2.E3": [],
                "S2.E4": [],
                "S4.E5": [],
                "S4.E6": [],
                "S4.E7": [],
                "S5.E8": [],
                "S5.E9": [
                    "S5.E10"
                ],
                "S5.E10": []
            },
            "Accuracy": 0.09090909090909091,
            "Precision": 0.5,
            "Recall": 0.1,
            "F1 Score": 0.16666666666666669
        },
        "Article ID: 0907.3040": {
            "Adjacency List": {
                "S1.E1": [],
                "S1.E2": [],
                "S1.E3": [],
                "S2.E4": [
                    "S2.E5",
                    "S2.E6",
                    "S2.E7"
                ],
                "S2.E5": [
                    "S2.E6"
                ],
                "S2.E6": [],
                "S2.E7": [],
                "S2.E8": [],
                "S2.E9": [
                    "S2.E10",
                    "S3.E11",
                    "S3.E12"
                ],
                "S2.E10": [
                    "S3.E11",
                    "S3.E12"
                ],
                "S3.E11": [
                    "S3.E12"
                ],
                "S3.E12": [],
                "S3.E13": [],
                "S3.E14": [],
                "S3.E15": []
            },
            "Accuracy": 0.08695652173913043,
            "Precision": 0.2,
            "Recall": 0.13333333333333333,
            "F1 Score": 0.16
        },
        "Article ID: 0907.3145": {
            "Adjacency List": {
                "S0.E1": [],
                "S0.E2": [],
                "S0.E3": [
                    "S0.E2"
                ],
                "S0.E4": [],
                "S0.E5": [],
                "S0.E6": [],
                "S0.E7": []
            },
            "Accuracy": 0.0,
            "Precision": 0.0,
            "Recall": 0.0,
            "F1 Score": 0
        }
    },