{
    "Correctness": {
        "Number of articles used": 5,
        "Overall Correctness": {
            "Overall Accuracy": 0.09876543209876543,
            "Overall Precision": 0.13793103448275862,
            "Overall Recall": 0.25806451612903225,
            "Overall F1 Score": 0.1797752808988764
        },
        "Aggregate Correctness Statistics": {
            "Accuracy": {
                "Mean": 0.06574500768049155,
                "Lowest": 0.0,
                "25th Quartile (Q1)": 0.0,
                "Median": 0.03571428571428571,
                "75th Quartile (Q3)": 0.08333333333333333,
                "Highest": 0.20967741935483872
            },
            "Precision": {
                "Mean": 0.08781732205077153,
                "Lowest": 0.0,
                "25th Quartile (Q1)": 0.0,
                "Median": 0.04878048780487805,
                "75th Quartile (Q3)": 0.125,
                "Highest": 0.2653061224489796
            },
            "Recall": {
                "Mean": 0.16352941176470587,
                "Lowest": 0.0,
                "25th Quartile (Q1)": 0.0,
                "Median": 0.11764705882352941,
                "75th Quartile (Q3)": 0.2,
                "Highest": 0.5
            },
            "F1 Score": {
                "Mean": 0.11389566755083998,
                "Lowest": 0.0,
                "25th Quartile (Q1)": 0.0,
                "Median": 0.06896551724137931,
                "75th Quartile (Q3)": 0.15384615384615385,
                "Highest": 0.3466666666666667
            }
        }
    },
    "Results": {
        "Article ID: 0907.2648": {
            "Adjacency List": {
                "S0.E1": [
                    "S0.E2",
                    "S0.E3",
                    "S0.E4",
                    "S0.E7"
                ],
                "S0.E2": [
                    "S0.E7"
                ],
                "S0.E3": [
                    "S0.E2",
                    "S0.E5",
                    "S0.E6",
                    "S0.E7",
                    "S0.E8"
                ],
                "S0.E4": [
                    "S0.E2",
                    "S0.E3",
                    "S0.E5",
                    "S0.E6",
                    "S0.E8"
                ],
                "S0.E5": [
                    "S0.E6",
                    "S0.E7",
                    "S0.E8"
                ],
                "S0.E6": [
                    "S0.E7",
                    "S0.E8"
                ],
                "S0.E7": [
                    "S0.E4",
                    "S0.E8",
                    "S0.E9",
                    "S0.E10",
                    "S0.E11",
                    "S0.E12"
                ],
                "S0.E8": [
                    "S0.E9",
                    "S0.E10",
                    "S0.E11",
                    "S0.E12"
                ],
                "S0.E9": [
                    "S0.E10",
                    "S0.E11",
                    "S0.E12"
                ],
                "S0.E10": [
                    "S0.E11",
                    "S0.E12"
                ],
                "S0.E11": [
                    "S0.E12",
                    "S0.E14"
                ],
                "S0.E12": [
                    "S0.E13",
                    "S0.E14"
                ],
                "S0.E13": [
                    "S0.E11",
                    "S0.E14"
                ],
                "S0.E14": [],
                "S0.E15": [],
                "S0.E16": [],
                "S0.E17": []
            },
            "Accuracy": 0.03571428571428571,
            "Precision": 0.04878048780487805,
            "Recall": 0.11764705882352941,
            "F1 Score": 0.06896551724137931
        },
        "Article ID: 0907.2720": {
            "Adjacency List": {
                "S2.E1": [],
                "S2.E2": [
                    "S2.E1"
                ],
                "S2.E3": [
                    "S2.E1",
                    "S2.E2",
                    "S2.E5"
                ],
                "S2.E4": [
                    "S2.E1",
                    "S2.E2",
                    "S2.E3",
                    "S2.E5"
                ],
                "S2.E5": []
            },
            "Accuracy": 0.08333333333333333,
            "Precision": 0.125,
            "Recall": 0.2,
            "F1 Score": 0.15384615384615385
        },
        "Article ID: 0907.2870": {
            "Adjacency List": {
                "S1.E1": [],
                "S2.E2": [],
                "S2.E3": [],
                "S2.E4": [],
                "S2.E5": []
            },
            "Accuracy": 0.0,
            "Precision": 0,
            "Recall": 0.0,
            "F1 Score": 0
        },
        "Article ID: 0907.2872": {
            "Adjacency List": {
                "S2.E1": [],
                "S2.E2": [
                    "S2.E1"
                ],
                "S2.E3": [
                    "S2.E1",
                    "S2.E2",
                    "S3.E8"
                ],
                "S2.E4": [
                    "S2.E1",
                    "S2.E2",
                    "S2.E3",
                    "S3.E8"
                ],
                "S2.E5": [
                    "S2.E3",
                    "S2.E4"
                ],
                "S3.E6": [
                    "S2.E3",
                    "S2.E4",
                    "S3.E8"
                ],
                "S3.E7": [
                    "S2.E3",
                    "S2.E4",
                    "S2.E5",
                    "S3.E6",
                    "S3.E8"
                ],
                "S3.E8": []
            },
            "Accuracy": 0.0,
            "Precision": 0.0,
            "Recall": 0.0,
            "F1 Score": 0
        },
        "Article ID: 0907.2959": {
            "Adjacency List": {
                "S0.E1": [
                    "S0.E3"
                ],
                "S0.E2": [
                    "S0.E1",
                    "S0.E5"
                ],
                "S0.E3": [
                    "S0.E2",
                    "S0.E5",
                    "S0.E6",
                    "S0.E7",
                    "S0.E8",
                    "S0.E9"
                ],
                "S0.E4": [
                    "S0.E2",
                    "S0.E3",
                    "S0.E5",
                    "S0.E6",
                    "S0.E7",
                    "S0.E8",
                    "S0.E9"
                ],
                "S0.E5": [
                    "S0.E6",
                    "S0.E7",
                    "S0.E8",
                    "S0.E9",
                    "S0.E12",
                    "S0.E14"
                ],
                "S0.E6": [
                    "S0.E7",
                    "S0.E8",
                    "S0.E9"
                ],
                "S0.E7": [
                    "S0.E8",
                    "S0.E9"
                ],
                "S0.E8": [
                    "S0.E9",
                    "S0.E10",
                    "S0.E11",
                    "S0.E12",
                    "S0.E13",
                    "S0.E14"
                ],
                "S0.E9": [
                    "S0.E10",
                    "S0.E11",
                    "S0.E12",
                    "S0.E13",
                    "S0.E14"
                ],
                "S0.E10": [
                    "S0.E12",
                    "S0.E14"
                ],
                "S0.E11": [
                    "S0.E10",
                    "S0.E12",
                    "S0.E14"
                ],
                "S0.E12": [
                    "S0.E13",
                    "S0.E14"
                ],
                "S0.E13": [
                    "S0.E11",
                    "S0.E14"
                ],
                "S0.E14": [
                    "S0.E15",
                    "S0.E16"
                ],