{
    "Correctness": {
        "Number of articles used": 15,
        "Overall Correctness": {
            "Overall Accuracy": 0.21782178217821782,
            "Overall Precision": 0.38372093023255816,
            "Overall Recall": 0.3350253807106599,
            "Overall F1 Score": 0.3577235772357723
        },
        "Aggregate Correctness Statistics": {
            "Accuracy": {
                "Mean": 0.2617115430531323,
                "Lowest": 0.07407407407407407,
                "25th Quartile (Q1)": 0.15037593984962405,
                "Median": 0.2222222222222222,
                "75th Quartile (Q3)": 0.3,
                "Highest": 0.8181818181818182
            },
            "Precision": {
                "Mean": 0.40831669190802317,
                "Lowest": 0.14285714285714285,
                "25th Quartile (Q1)": 0.3,
                "Median": 0.4,
                "75th Quartile (Q3)": 0.48684210526315785,
                "Highest": 0.9
            },
            "Recall": {
                "Mean": 0.3722996379838485,
                "Lowest": 0.12,
                "25th Quartile (Q1)": 0.23214285714285715,
                "Median": 0.3333333333333333,
                "75th Quartile (Q3)": 0.4472222222222222,
                "Highest": 0.9
            },
            "F1 Score": {
                "Mean": 0.3883563676154223,
                "Lowest": 0.1379310344827586,
                "25th Quartile (Q1)": 0.26136363636363635,
                "Median": 0.3636363636363636,
                "75th Quartile (Q3)": 0.46153846153846156,
                "Highest": 0.9
            }
        }
    },
    "Results": {
        "Article ID: 0907.2648": {
            "Adjacency List": {
                "S0.E1": [
                    "S0.E3"
                ],
                "S0.E2": [
                    "S0.E3"
                ],
                "S0.E3": [
                    null
                ],
                "S0.E4": [
                    null
                ],
                "S0.E5": [
                    "S0.E6"
                ],
                "S0.E6": [
                    null
                ],
                "S0.E7": [
                    null
                ],
                "S0.E8": [
                    null
                ],
                "S0.E9": [
                    null
                ]
            },
            "Accuracy": 0.35714285714285715,
            "Precision": 0.5555555555555556,
            "Recall": 0.5,
            "F1 Score": 0.5263157894736842
        },
        "Article ID: 0907.2720": {
            "Adjacency List": {
                "S2.E1": [
                    null
                ],
                "S2.E2": [
                    null
                ],
                "S2.E3": [
                    null
                ],
                "S2.E4": [
                    null
                ],
                "S2.E5": [
                    null
                ],
                "S2.E6": [
                    null
                ]
            },
            "Accuracy": 0.3,
            "Precision": 0.5,
            "Recall": 0.42857142857142855,
            "F1 Score": 0.4615384615384615
        },
        "Article ID: 0907.2870": {
            "Adjacency List": {
                "S1.E1": [
                    null
                ],
                "S2.E2": [
                    null
                ],
                "S2.E3": [
                    null
                ],
                "S2.E4": [
                    null
                ],
                "S2.E5": [
                    null
                ],
                "S2.E6": [
                    null
                ],
                "S2.E7": [
                    null
                ],
                "S2.E8": [
                    null
                ],
                "S2.E9": [
                    null
                ],
                "S2.E10": [
                    null
                ]
            },
            "Accuracy": 0.8181818181818182,
            "Precision": 0.9,
            "Recall": 0.9,
            "F1 Score": 0.9
        },
        "Article ID: 0907.2872": {
            "Adjacency List": {
                "S2.E1": [
                    null
                ],
                "S2.E2": [
                    null
                ],
                "S2.E3": [
                    null
                ],
                "S2.E4": [
                    null
                ],
                "S2.E5": [
                    null
                ],
                "S2.E6": [
                    null
                ],
                "S2.E7": [
                    null
                ],
                "S2.E8": [
                    null
                ],
                "S2.E9": [
                    null
                ],
                "S2.E10": [
                    null
                ],
                "S2.E11": [
                    null
                ],
                "S2.E12": [
                    null
                ],
                "S3.E13": [
                    null
                ],
                "S3.E14": [
                    null
                ]
            },
            "Accuracy": 0.07407407407407407,
            "Precision": 0.14285714285714285,
            "Recall": 0.13333333333333333,
            "F1 Score": 0.1379310344827586
        },
        "Article ID: 0907.2959": {
            "Adjacency List": {
                "S0.E1": [
                    null
                ],
                "S0.E2": [
                    null
                ],
                "S0.E3": [
                    null
                ],
                "S0.E4": [
                    null
                ],
                "S0.E5": [
                    null
                ],
                "S0.E6": [
                    null
                ],
                "S0.E7": [
                    null
                ],
                "S0.E8": [
                    null
                ],
                "S0.E9": [
                    null
                ],
                "S0.E10": [
                    null
                ]
            },
            "Accuracy": 0.14285714285714285,
            "Precision": 0.3,
            "Recall": 0.21428571428571427,
            "F1 Score": 0.25
        },
        "Article ID: 0907.2994": {
            "Adjacency List": {
                "S2.E1": [
                    "S2.E3"
                ],
                "S2.E2": [
                    "S2.E3"
                ],
                "S2.E3": [
                    null
                ],
                "S2.E4": [
                    null
                ],
                "S2.E5": [
                    "S2.E6"
                ],
                "S2.E6": [
                    null
                ],
                "S3.E7": [
                    null
                ],
                "S3.E8": [
                    "S3.E9"
                ],
                "S3.E9": [
                    "S3.E10"
                ],
                "S3.E10": [
                    null
                ],
                "S3.E11": [
                    null
                ]
            },
            "Accuracy": 0.2777777777777778,
            "Precision": 0.45454545454545453,
            "Recall": 0.4166666666666667,
            "F1 Score": 0.43478260869565216
        },
        "Article ID: 0907.3017": {
            "Adjacency List": {
                "S3.E1": [
                    null
                ],
                "S3.E2": [
                    null
                ],
                "S3.E3": [
                    null
                ],
                "S3.E4": [
                    null
                ],
                "S3.E5": [
                    null
                ],
                "S3.E6": [
                    null
                ],
                "S3.E7": [
                    null
                ],