{
    "Correctness": {
        "Number of articles used": 15,
        "Overall Correctness": {
            "Overall Accuracy": 0.8746478873239436,
            "Overall Precision": 0.41496598639455784,
            "Overall Recall": 0.39869281045751637,
            "Overall F1 Score": 0.4066666666666667
        },
        "Aggregate Correctness Statistics": {
            "Accuracy": {
                "Mean": 0.8627013114094054,
                "Lowest": 0.7857142857142857,
                "25th Quartile (Q1)": 0.8138528138528138,
                "Median": 0.8548387096774194,
                "75th Quartile (Q3)": 0.9038834951456312,
                "Highest": 0.9444444444444444
            },
            "Precision": {
                "Mean": 0.4220722162827426,
                "Lowest": 0.09090909090909091,
                "25th Quartile (Q1)": 0.3333333333333333,
                "Median": 0.4,
                "75th Quartile (Q3)": 0.554945054945055,
                "Highest": 0.7777777777777778
            },
            "Recall": {
                "Mean": 0.4143145743145743,
                "Lowest": 0.09090909090909091,
                "25th Quartile (Q1)": 0.29166666666666663,
                "Median": 0.4,
                "75th Quartile (Q3)": 0.5357142857142857,
                "Highest": 0.75
            },
            "F1 Score": {
                "Mean": 0.41584259145662655,
                "Lowest": 0.09090909090909091,
                "25th Quartile (Q1)": 0.30952380952380953,
                "Median": 0.4,
                "75th Quartile (Q3)": 0.544973544973545,
                "Highest": 0.75
            }
        }
    },
    "Results": {
        "Article ID: 0907.2648": {
            "Adjacency List": {
                "S0.E1": [
                    null
                ],
                "S0.E2": [
                    null
                ],
                "S0.E3": [
                    null
                ],
                "S0.E4": [
                    null
                ],
                "S0.E5": [
                    null
                ],
                "S0.E6": [
                    null
                ],
                "S0.E7": [
                    null
                ],
                "S0.E8": [
                    null
                ],
                "S0.E9": [
                    null
                ],
                "S0.E10": [
                    null
                ],
                "S0.E11": [
                    null
                ],
                "S0.E12": [
                    null
                ],
                "S0.E13": [
                    null
                ]
            },
            "Accuracy": 0.9285714285714286,
            "Precision": 0.5384615384615384,
            "Recall": 0.5,
            "F1 Score": 0.5185185185185186
        },
        "Article ID: 0907.2720": {
            "Adjacency List": {
                "S0.E1": [
                    null
                ],
                "S0.E2": [
                    null
                ],
                "S0.E3": [
                    null
                ],
                "S0.E4": [
                    null
                ],
                "S0.E5": [
                    null
                ],
                "S0.E6": [
                    null
                ],
                "S0.E7": [
                    null
                ],
                "S0.E8": [
                    null
                ],
                "S0.E9": [
                    "S0.E10"
                ],
                "S0.E10": [
                    null
                ]
            },
            "Accuracy": 0.8181818181818182,
            "Precision": 0.2,
            "Recall": 0.14285714285714285,
            "F1 Score": 0.16666666666666666
        },
        "Article ID: 0907.2870": {
            "Adjacency List": {
                "S2.E1": [
                    "S2.E3"
                ],
                "S2.E2": [
                    "S2.E3"
                ],
                "S2.E3": [
                    "S2.E4",
                    "S2.E5",
                    "S2.E6",
                    "S3.E9"
                ],
                "S2.E4": [
                    null
                ],
                "S2.E5": [
                    "S2.E6",
                    "S3.E9"
                ],
                "S2.E6": [
                    "S3.E9"
                ],
                "S3.E7": [
                    "S3.E9"
                ],
                "S3.E8": [
                    "S3.E9",
                    "S3.E10",
                    "S3.E11"
                ],
                "S3.E9": [
                    "S3.E10",
                    "S3.E11"
                ],
                "S3.E10": [
                    "S3.E11"
                ],
                "S3.E11": [
                    null
                ]
            },
            "Accuracy": 0.8548387096774194,
            "Precision": 0.3333333333333333,
            "Recall": 0.5,
            "F1 Score": 0.4
        },
        "Article ID: 0907.2872": {
            "Adjacency List": {
                "S2.E1": [
                    null
                ],
                "S2.E2": [
                    null
                ],
                "S2.E3": [
                    null
                ],
                "S2.E4": [
                    null
                ],
                "S2.E5": [
                    null
                ],
                "S2.E6": [
                    null
                ]
            },
            "Accuracy": 0.8095238095238095,
            "Precision": 0.3333333333333333,
            "Recall": 0.3333333333333333,
            "F1 Score": 0.3333333333333333
        },
        "Article ID: 0907.2959": {
            "Adjacency List": {
                "S2.E1": [
                    null
                ],
                "S2.E2": [
                    null
                ],
                "S2.E3": [
                    null
                ],
                "S2.E4": [
                    null
                ],
                "S2.E5": [
                    null
                ]
            },
            "Accuracy": 0.8,
            "Precision": 0.4,
            "Recall": 0.4,
            "F1 Score": 0.4000000000000001
        },
        "Article ID: 0907.2994": {
            "Adjacency List": {
                "S0.E1": [
                    null
                ],
                "S0.E2": [
                    null
                ],
                "S0.E3": [
                    null
                ],
                "S0.E4": [
                    null
                ],
                "S0.E5": [
                    null
                ],
                "S0.E6": [
                    null
                ]
            },
            "Accuracy": 0.8095238095238095,
            "Precision": 0.3333333333333333,
            "Recall": 0.3333333333333333,
            "F1 Score": 0.3333333333333333
        },
        "Article ID: 0907.3017": {
            "Adjacency List": {
                "S0.E1": [
                    null
                ],
                "S0.E2": [
                    "S0.E3"
                ],
                "S0.E3": [
                    null
                ],
                "S0.E4": [
                    "S0.E2",
                    "S0.E3"
                ],
                "S0.E5": [
                    null
                ],
                "S0.E6": [
                    null
                ],
                "S0.E7": [
                    null
                ],
                "S0.E8": [
                    null
                ],
                "S0.E9": [
                    null
                ]
            },
            "Accuracy": 0.9213483146067416,
            "Precision": 0.6,
            "Recall": 0.6666666666666666,
            "F1 Score": 0.631578947368421
        },