{
    "Correctness": {
        "Number of articles used": 10,
        "Overall Correctness": {
            "Overall Accuracy": 0.08333333333333333,
            "Overall Precision": 0.14,
            "Overall Recall": 0.17073170731707318,
            "Overall F1 Score": 0.15384615384615385
        },
        "Aggregate Correctness Statistics": {
            "Accuracy": {
                "Mean": 0.05596532771184075,
                "Lowest": 0.0,
                "25th Quartile (Q1)": 0.0,
                "Median": 0.023809523809523808,
                "75th Quartile (Q3)": 0.09304123711340206,
                "Highest": 0.2222222222222222
            },
            "Precision": {
                "Mean": 0.16864199268224037,
                "Lowest": 0.0,
                "25th Quartile (Q1)": 0.0,
                "Median": 0.041176470588235294,
                "75th Quartile (Q3)": 0.21022727272727273,
                "Highest": 1.0
            },
            "Recall": {
                "Mean": 0.13293836194764988,
                "Lowest": 0.0,
                "25th Quartile (Q1)": 0.0,
                "Median": 0.045454545454545456,
                "75th Quartile (Q3)": 0.16136363636363638,
                "Highest": 0.5882352941176471
            },
            "F1 Score": {
                "Mean": 0.09815053367684946,
                "Lowest": 0.0,
                "25th Quartile (Q1)": 0.0,
                "Median": 0.045454545454545456,
                "75th Quartile (Q3)": 0.17001748251748253,
                "Highest": 0.3636363636363636
            }
        }
    },
    "Results": {
        "Article ID: 0907.2648": {
            "Adjacency List": {
                "S0.E1": [
                    "S0.E11",
                    "S0.E13"
                ],
                "S0.E2": [],
                "S0.E3": [
                    "S0.E9",
                    "S0.E10",
                    "S0.E11",
                    "S0.E12",
                    "S0.E13",
                    "S0.E14",
                    "S0.E15",
                    "S0.E16"
                ],
                "S0.E4": [
                    "S0.E5",
                    "S0.E6",
                    "S0.E7",
                    "S0.E8",
                    "S0.E9",
                    "S0.E10",
                    "S0.E11",
                    "S0.E12",
                    "S0.E13",
                    "S0.E14",
                    "S0.E15",
                    "S0.E16",
                    "S0.E17",
                    "S0.E18"
                ],
                "S0.E5": [
                    "S0.E7",
                    "S0.E8",
                    "S0.E9",
                    "S0.E10",
                    "S0.E11",
                    "S0.E12",
                    "S0.E13",
                    "S0.E14",
                    "S0.E15",
                    "S0.E16",
                    "S0.E17",
                    "S0.E18"
                ],
                "S0.E6": [
                    "S0.E9",
                    "S0.E10",
                    "S0.E11",
                    "S0.E12",
                    "S0.E13",
                    "S0.E14",
                    "S0.E15",
                    "S0.E16",
                    "S0.E17"
                ],
                "S0.E7": [
                    "S0.E8",
                    "S0.E9",
                    "S0.E10",
                    "S0.E11",
                    "S0.E12",
                    "S0.E13",
                    "S0.E14",
                    "S0.E15",
                    "S0.E16",
                    "S0.E17",
                    "S0.E18"
                ],
                "S0.E8": [
                    "S0.E9",
                    "S0.E10",
                    "S0.E11",
                    "S0.E12",
                    "S0.E13",
                    "S0.E14",
                    "S0.E15",
                    "S0.E16",
                    "S0.E17",
                    "S0.E18"
                ],
                "S0.E9": [
                    "S0.E10",
                    "S0.E11",
                    "S0.E12",
                    "S0.E13",
                    "S0.E14",
                    "S0.E15",
                    "S0.E16",
                    "S0.E17",
                    "S0.E18"
                ],
                "S0.E10": [
                    "S0.E11",
                    "S0.E12",
                    "S0.E13",
                    "S0.E14",
                    "S0.E15",
                    "S0.E16"
                ],
                "S0.E11": [
                    "S0.E12",
                    "S0.E13",
                    "S0.E14",
                    "S0.E15"
                ],
                "S0.E12": [],
                "S0.E13": [],
                "S0.E14": [],
                "S0.E15": [],
                "S0.E16": [],
                "S0.E17": [],
                "S0.E18": []
            },
            "Accuracy": 0.07216494845360824,
            "Precision": 0.08235294117647059,
            "Recall": 0.3684210526315789,
            "F1 Score": 0.1346153846153846
        },
        "Article ID: 0907.2720": {
            "Adjacency List": {
                "S0.E1": [],
                "S0.E2": [],
                "S0.E3": [],
                "S0.E4": [],
                "S0.E5": [],
                "S0.E6": [],
                "S0.E7": [],
                "S0.E8": [],
                "S0.E9": [],
                "S0.E10": []
            },
            "Accuracy": 0.0,
            "Precision": 0,
            "Recall": 0.0,
            "F1 Score": 0
        },
        "Article ID: 0907.2870": {
            "Adjacency List": {
                "S2.E1": [],
                "S2.E2": [],
                "S2.E3": [],
                "S3.E4": [],
                "S3.E5": [],
                "S3.E6": [],
                "S3.E7": []
            },
            "Accuracy": 0.0,
            "Precision": 0,
            "Recall": 0.0,
            "F1 Score": 0
        },
        "Article ID: 0907.2872": {
            "Adjacency List": {
                "S0.E1": [],
                "S0.E2": [],
                "S0.E3": [],
                "S0.E4": [],
                "S0.E5": [],
                "S0.E6": []
            },
            "Accuracy": 0.0,
            "Precision": 0,
            "Recall": 0.0,
            "F1 Score": 0
        },
        "Article ID: 0907.2959": {
            "Adjacency List": {
                "S1.E1": [],
                "S4.E2": [
                    "S4.E3"
                ],
                "S4.E3": [
                    "S4.E4",
                    "S4.E5",
                    "S4.E6"
                ],
                "S4.E4": [],
                "S4.E5": [],
                "S4.E6": [],
                "S4.E7": [],
                "S4.E8": [],
                "S4.E9": [],
                "S5.E10": [
                    "S5.E11",
                    "S5.E12"
                ],
                "S5.E11": [
                    "S5.E12"
                ],
                "S5.E12": []
            },
            "Accuracy": 0.0,
            "Precision": 0.0,
            "Recall": 0.0,
            "F1 Score": 0
        },
        "Article ID: 0907.2994": {
            "Adjacency List": {
                "S3.E1": [
                    "S3.E2",
                    "S3.E3",
                    "S3.E4",
                    "S3.E5",
                    "S3.E6",
                    "S3.E7"
                ],
                "S3.E2": [
                    "S3.E4"
                ],
                "S3.E3": [
                    "S3.E4"
                ],
                "S3.E4": [],
                "S3.E5": [],
                "S3.E6": [],
                "S3.E7": [],
                "S3.E8": [],
                "S3.E9": [],
                "S3.E10": []
            },
            "Accuracy": 0.11764705882352941,
            "Precision": 0.25,
            "Recall": 0.18181818181818182,