{
    "Correctness": {
        "Number of articles used": 10,
        "Overall Correctness": {
            "Overall Accuracy": 0.2583732057416268,
            "Overall Precision": 0.4,
            "Overall Recall": 0.421875,
            "Overall F1 Score": 0.41064638783269963
        },
        "Aggregate Correctness Statistics": {
            "Accuracy": {
                "Mean": 0.28135538925012604,
                "Lowest": 0.07407407407407407,
                "25th Quartile (Q1)": 0.1719924812030075,
                "Median": 0.25396825396825395,
                "75th Quartile (Q3)": 0.3560606060606061,
                "Highest": 0.6666666666666666
            },
            "Precision": {
                "Mean": 0.4242277167277167,
                "Lowest": 0.09523809523809523,
                "25th Quartile (Q1)": 0.30833333333333335,
                "Median": 0.37797619047619047,
                "75th Quartile (Q3)": 0.5674603174603174,
                "Highest": 0.8
            },
            "Recall": {
                "Mean": 0.4227264239028945,
                "Lowest": 0.17647058823529413,
                "25th Quartile (Q1)": 0.2708333333333333,
                "Median": 0.41428571428571426,
                "75th Quartile (Q3)": 0.525,
                "Highest": 0.8
            },
            "F1 Score": {
                "Mean": 0.41605691806503164,
                "Lowest": 0.13793103448275862,
                "25th Quartile (Q1)": 0.2927807486631016,
                "Median": 0.404040404040404,
                "75th Quartile (Q3)": 0.525,
                "Highest": 0.8000000000000002
            }
        }
    },
    "Results": {
        "Article ID: 0907.2648": {
            "Adjacency List": {
                "S0.E1": [
                    null
                ],
                "S0.E2": [
                    null
                ],
                "S0.E3": [
                    null
                ],
                "S0.E4": [
                    null
                ],
                "S0.E5": [
                    null
                ],
                "S0.E6": [
                    null
                ],
                "S0.E7": [
                    null
                ],
                "S0.E8": [
                    null
                ],
                "S0.E9": [
                    null
                ],
                "S0.E10": [
                    null
                ]
            },
            "Accuracy": 0.3333333333333333,
            "Precision": 0.6,
            "Recall": 0.42857142857142855,
            "F1 Score": 0.5
        },
        "Article ID: 0907.2720": {
            "Adjacency List": {
                "S1.E1": [
                    "S2.E2"
                ],
                "S2.E2": [
                    null
                ],
                "S2.E3": [
                    null
                ],
                "S2.E4": [
                    null
                ],
                "S2.E5": [
                    null
                ],
                "S2.E6": [
                    null
                ],
                "S2.E7": [
                    null
                ],
                "S2.E8": [
                    null
                ],
                "S2.E9": [
                    null
                ],
                "S2.E10": [
                    null
                ]
            },
            "Accuracy": 0.6666666666666666,
            "Precision": 0.8,
            "Recall": 0.8,
            "F1 Score": 0.8000000000000002
        },
        "Article ID: 0907.2870": {
            "Adjacency List": {
                "S0.E1": [
                    null
                ],
                "S0.E2": [
                    null
                ],
                "S0.E3": [
                    null
                ],
                "S0.E4": [
                    null
                ],
                "S0.E5": [
                    null
                ],
                "S0.E6": [
                    null
                ],
                "S0.E7": [
                    "S0.E9"
                ],
                "S0.E8": [
                    "S0.E9"
                ],
                "S0.E9": [
                    null
                ]
            },
            "Accuracy": 0.38461538461538464,
            "Precision": 0.5555555555555556,
            "Recall": 0.5555555555555556,
            "F1 Score": 0.5555555555555556
        },
        "Article ID: 0907.2872": {
            "Adjacency List": {
                "S2.E1": [
                    null
                ],
                "S2.E2": [
                    null
                ],
                "S2.E3": [
                    null
                ],
                "S2.E4": [
                    null
                ],
                "S2.E5": [
                    null
                ],
                "S2.E6": [
                    null
                ],
                "S2.E7": [
                    "S2.E8",
                    "S2.E9",
                    "S2.E10"
                ],
                "S2.E8": [
                    "S2.E9",
                    "S2.E10"
                ],
                "S2.E9": [
                    "S2.E10"
                ],
                "S2.E10": [
                    null
                ]
            },
            "Accuracy": 0.1111111111111111,
            "Precision": 0.23076923076923078,
            "Recall": 0.17647058823529413,
            "F1 Score": 0.20000000000000004
        },
        "Article ID: 0907.2959": {
            "Adjacency List": {
                "S0.E1": [
                    null
                ],
                "S0.E2": [
                    null
                ],
                "S0.E3": [
                    null
                ],
                "S0.E4": [
                    "S0.E5",
                    "S0.E6",
                    "S0.E7",
                    "S0.E8"
                ],
                "S0.E5": [
                    "S0.E6",
                    "S0.E7",
                    "S0.E8"
                ],
                "S0.E6": [
                    "S0.E7",
                    "S0.E8"
                ],
                "S0.E7": [
                    "S0.E8"
                ],
                "S0.E8": [
                    null
                ],
                "S0.E9": [
                    null
                ],
                "S0.E10": [
                    null
                ],
                "S0.E11": [
                    null
                ],
                "S0.E12": [
                    null
                ],
                "S0.E13": [
                    null
                ],
                "S0.E14": [
                    null
                ],
                "S0.E15": [
                    null
                ]
            },
            "Accuracy": 0.2857142857142857,
            "Precision": 0.38095238095238093,
            "Recall": 0.5333333333333333,
            "F1 Score": 0.4444444444444444
        },
        "Article ID: 0907.2994": {
            "Adjacency List": {
                "S2.E1": [
                    "S2.E2",
                    "S2.E3",
                    "S2.E4",
                    "S3.E5",
                    "S3.E6",
                    "S3.E7"
                ],
                "S2.E2": [
                    "S2.E3",
                    "S2.E4",
                    "S3.E5",
                    "S3.E6",
                    "S3.E7"
                ],
                "S2.E3": [
                    "S3.E5",
                    "S3.E6",
                    "S3.E7"
                ],
                "S2.E4": [
                    "S3.E5",
                    "S3.E6",
                    "S3.E7"
                ],
                "S3.E5": [
                    "S3.E6",
                    "S3.E7"
                ],