{
    "Correctness": {
        "Number of articles used": 10,
        "Overall Correctness": {
            "Overall Accuracy": 0.05128205128205128,
            "Overall Precision": 0.21428571428571427,
            "Overall Recall": 0.06315789473684211,
            "Overall F1 Score": 0.0975609756097561
        },
        "Aggregate Correctness Statistics": {
            "Accuracy": {
                "Mean": 0.052900432900432906,
                "Lowest": 0.0,
                "25th Quartile (Q1)": 0.0,
                "Median": 0.0,
                "75th Quartile (Q3)": 0.09415584415584416,
                "Highest": 0.2
            },
            "Precision": {
                "Mean": 0.2,
                "Lowest": 0.0,
                "25th Quartile (Q1)": 0.0,
                "Median": 0.0,
                "75th Quartile (Q3)": 0.29166666666666663,
                "Highest": 1.0
            },
            "Recall": {
                "Mean": 0.06595959595959597,
                "Lowest": 0.0,
                "25th Quartile (Q1)": 0.0,
                "Median": 0.0,
                "75th Quartile (Q3)": 0.15277777777777776,
                "Highest": 0.2
            },
            "F1 Score": {
                "Mean": 0.09239130434782608,
                "Lowest": 0.0,
                "25th Quartile (Q1)": 0.0,
                "Median": 0.0,
                "75th Quartile (Q3)": 0.1721014492753623,
                "Highest": 0.33333333333333337
            }
        }
    },
    "Results": {
        "Article ID: 0907.2648": {
            "Adjacency List": {
                "S2.E1": [],
                "S2.E2": [],
                "S2.E3": [],
                "S2.E4": [],
                "S2.E5": [],
                "S2.E6": [],
                "S2.E7": [],
                "S2.E8": [],
                "S2.E9": [],
                "S2.E10": [],
                "S3.E11": [
                    "S3.E14"
                ],
                "S3.E12": [
                    "S3.E14"
                ],
                "S3.E13": [
                    "S3.E14"
                ],
                "S3.E14": []
            },
            "Accuracy": 0.0,
            "Precision": 0.0,
            "Recall": 0.0,
            "F1 Score": 0
        },
        "Article ID: 0907.2720": {
            "Adjacency List": {
                "S2.E1": [],
                "S2.E2": [],
                "S2.E3": [],
                "S2.E4": [],
                "S2.E5": [],
                "S2.E6": [],
                "S3.E7": [],
                "S3.E8": [
                    "S3.E9",
                    "S3.E10"
                ],
                "S3.E9": [
                    "S3.E10",
                    "S3.E11"
                ],
                "S3.E10": [],
                "S3.E11": []
            },
            "Accuracy": 0.14285714285714285,
            "Precision": 0.5,
            "Recall": 0.16666666666666666,
            "F1 Score": 0.25
        },
        "Article ID: 0907.2870": {
            "Adjacency List": {
                "S0.E1": [],
                "S0.E2": [],
                "S0.E3": [],
                "S0.E4": [],
                "S0.E5": [],
                "S0.E6": []
            },
            "Accuracy": 0.0,
            "Precision": 0,
            "Recall": 0.0,
            "F1 Score": 0
        },
        "Article ID: 0907.2872": {
            "Adjacency List": {
                "S1.E1": [],
                "S1.E2": [
                    "S1.E4"
                ],
                "S1.E3": [
                    "S1.E4"
                ],
                "S1.E4": []
            },
            "Accuracy": 0.0,
            "Precision": 0.0,
            "Recall": 0.0,
            "F1 Score": 0
        },
        "Article ID: 0907.2959": {
            "Adjacency List": {
                "S0.E1": [],
                "S0.E2": [],
                "S0.E3": [],
                "S0.E4": [],
                "S0.E5": [],
                "S0.E6": [],
                "S0.E7": [],
                "S0.E8": [],
                "S0.E9": [],
                "S0.E10": [],
                "S0.E11": [],
                "S0.E12": [],
                "S0.E13": []
            },
            "Accuracy": 0.0,
            "Precision": 0,
            "Recall": 0.0,
            "F1 Score": 0
        },
        "Article ID: 0907.2994": {
            "Adjacency List": {
                "S2.E1": [],
                "S2.E2": [],
                "S2.E3": [],
                "S2.E4": [],
                "S2.E5": [],
                "S3.E6": [
                    "S3.E7"
                ],
                "S3.E7": [],
                "S3.E8": []
            },
            "Accuracy": 0.0,
            "Precision": 0.0,
            "Recall": 0.0,
            "F1 Score": 0
        },
        "Article ID: 0907.3017": {
            "Adjacency List": {
                "S2.E1": [],
                "S2.E2": [],
                "S2.E3": [
                    "S2.E2"
                ],
                "S2.E4": [],
                "S2.E5": [],
                "S2.E6": [
                    "S2.E5"
                ],
                "S2.E7": [],
                "S2.E8": [],
                "S2.E9": [],
                "S2.E10": []
            },
            "Accuracy": 0.0,
            "Precision": 0.0,
            "Recall": 0.0,
            "F1 Score": 0
        },
        "Article ID: 0907.3028": {
            "Adjacency List": {
                "S0.E1": [],
                "S0.E2": [],
                "S0.E3": [],
                "S0.E4": [
                    "S0.E5",
                    "S0.E6",
                    "S0.E7",
                    "S0.E8",
                    "S0.E9"
                ],
                "S0.E5": [
                    "S0.E6",
                    "S0.E7",
                    "S0.E8",
                    "S0.E9"
                ],
                "S0.E6": [
                    "S0.E7",
                    "S0.E8"
                ],
                "S0.E7": [
                    "S0.E8"
                ],
                "S0.E8": [],
                "S0.E9": [],
                "S0.E10": [],
                "S0.E11": []
            },
            "Accuracy": 0.09523809523809523,
            "Precision": 0.16666666666666666,
            "Recall": 0.18181818181818182,
            "F1 Score": 0.17391304347826086
        },
        "Article ID: 0907.3040": {
            "Adjacency List": {
                "S0.E1": [],
                "S0.E2": [],
                "S0.E3": [],
                "S0.E4": [
                    "S0.E3"
                ],
                "S0.E5": [],
                "S0.E6": [],
                "S0.E7": [
                    "S0.E6"
                ],
                "S0.E8": [
                    "S0.E6"
                ]
            },
            "Accuracy": 0.09090909090909091,
            "Precision": 0.3333333333333333,
            "Recall": 0.1111111111111111,
            "F1 Score": 0.16666666666666666
        },
        "Article ID: 0907.3145": {
            "Adjacency List": {
                "S0.E1": [
                    "S0.E2"
                ],
                "S0.E2": [],
                "S0.E3": [],
                "S0.E4": [],
                "S0.E5": []
            },
            "Accuracy": 0.2,
            "Precision": 1.0,
            "Recall": 0.2,
            "F1 Score": 0.33333333333333337
        }
    },