{
    "Correctness": {
        "Number of articles used": 5,
        "Overall Correctness": {
            "Overall Accuracy": 0.12315270935960591,
            "Overall Precision": 0.16129032258064516,
            "Overall Recall": 0.3424657534246575,
            "Overall F1 Score": 0.21929824561403508
        },
        "Aggregate Correctness Statistics": {
            "Accuracy": {
                "Mean": 0.13336173282981795,
                "Lowest": 0.05555555555555555,
                "25th Quartile (Q1)": 0.10638297872340426,
                "Median": 0.10714285714285714,
                "75th Quartile (Q3)": 0.125,
                "Highest": 0.2727272727272727
            },
            "Precision": {
                "Mean": 0.19862706737706737,
                "Lowest": 0.1111111111111111,
                "25th Quartile (Q1)": 0.11538461538461539,
                "Median": 0.15625,
                "75th Quartile (Q3)": 0.18181818181818182,
                "Highest": 0.42857142857142855
            },
            "Recall": {
                "Mean": 0.33285714285714285,
                "Lowest": 0.1,
                "25th Quartile (Q1)": 0.25,
                "Median": 0.2857142857142857,
                "75th Quartile (Q3)": 0.42857142857142855,
                "Highest": 0.6
            },
            "F1 Score": {
                "Mean": 0.22838257761857084,
                "Lowest": 0.10526315789473685,
                "25th Quartile (Q1)": 0.19230769230769232,
                "Median": 0.1935483870967742,
                "75th Quartile (Q3)": 0.2222222222222222,
                "Highest": 0.42857142857142855
            }
        }
    },
    "Results": {
        "Article ID: 0907.2648": {
            "Adjacency List": {
                "S0.E1": [
                    "S0.E2"
                ],
                "S0.E2": [],
                "S0.E3": [
                    "S0.E4"
                ],
                "S0.E4": [
                    "S0.E5",
                    "S0.E6"
                ],
                "S0.E5": [
                    "S0.E6"
                ],
                "S0.E6": [
                    "S0.E7",
                    "S0.E8",
                    "S0.E9",
                    "S0.E10"
                ],
                "S0.E7": [
                    "S0.E8",
                    "S0.E10"
                ],
                "S0.E8": [
                    "S0.E9",
                    "S0.E10"
                ],
                "S0.E9": [
                    "S0.E10"
                ],
                "S0.E10": []
            },
            "Accuracy": 0.2727272727272727,
            "Precision": 0.42857142857142855,
            "Recall": 0.42857142857142855,
            "F1 Score": 0.42857142857142855
        },
        "Article ID: 0907.2720": {
            "Adjacency List": {
                "S0.E1": [
                    "S0.E2"
                ],
                "S0.E2": [
                    "S0.E3",
                    "S0.E4",
                    "S0.E5",
                    "S0.E6",
                    "S0.E7",
                    "S0.E8",
                    "S0.E9",
                    "S0.E10",
                    "S0.E11",
                    "S0.E12",
                    "S0.E13",
                    "S0.E14"
                ],
                "S0.E3": [
                    "S0.E4",
                    "S0.E5",
                    "S0.E6",
                    "S0.E7",
                    "S0.E8",
                    "S0.E9",
                    "S0.E10",
                    "S0.E11",
                    "S0.E12",
                    "S0.E13",
                    "S0.E14"
                ],
                "S0.E4": [
                    "S0.E5",
                    "S0.E6",
                    "S0.E7",
                    "S0.E8",
                    "S0.E9",
                    "S0.E10",
                    "S0.E12",
                    "S0.E13",
                    "S0.E14"
                ],
                "S0.E5": [
                    "S0.E6",
                    "S0.E7",
                    "S0.E8",
                    "S0.E9",
                    "S0.E10",
                    "S0.E11",
                    "S0.E12",
                    "S0.E13",
                    "S0.E14"
                ],
                "S0.E6": [
                    "S0.E7",
                    "S0.E8",
                    "S0.E9",
                    "S0.E10",
                    "S0.E11",
                    "S0.E12",
                    "S0.E13",
                    "S0.E14"
                ],
                "S0.E7": [
                    "S0.E8",
                    "S0.E9",
                    "S0.E10",
                    "S0.E11",
                    "S0.E12",
                    "S0.E13",
                    "S0.E14"
                ],
                "S0.E8": [
                    "S0.E9",
                    "S0.E10",
                    "S0.E11",
                    "S0.E12",
                    "S0.E13",
                    "S0.E14"
                ],
                "S0.E9": [
                    "S0.E10",
                    "S0.E11",
                    "S0.E12",
                    "S0.E13",
                    "S0.E14"
                ],
                "S0.E10": [
                    "S0.E11",
                    "S0.E12",
                    "S0.E13",
                    "S0.E14"
                ],
                "S0.E11": [
                    "S0.E12",
                    "S0.E13",
                    "S0.E14"
                ],
                "S0.E12": [
                    "S0.E13",
                    "S0.E14"
                ],
                "S0.E13": [
                    "S0.E14"
                ],
                "S0.E14": []
            },
            "Accuracy": 0.10714285714285714,
            "Precision": 0.11538461538461539,
            "Recall": 0.6,
            "F1 Score": 0.1935483870967742
        },
        "Article ID: 0907.2870": {
            "Adjacency List": {
                "S2.E1": [
                    "S2.E2",
                    "S2.E3"
                ],
                "S2.E2": [
                    "S2.E3"
                ],
                "S2.E3": [],
                "S2.E4": [
                    "S4.E5"
                ],
                "S4.E5": [
                    "S4.E6",
                    "S4.E7"
                ],
                "S4.E6": [
                    "S4.E7"
                ],
                "S4.E7": [],
                "S5.E8": [
                    "S5.E9"
                ],
                "S5.E9": [
                    "S5.E10"
                ],
                "S5.E10": []
            },
            "Accuracy": 0.05555555555555555,
            "Precision": 0.1111111111111111,
            "Recall": 0.1,
            "F1 Score": 0.10526315789473685
        },
        "Article ID: 0907.2872": {
            "Adjacency List": {
                "S2.E1": [
                    "S2.E2",
                    "S4.E5",
                    "S4.E6"
                ],
                "S2.E2": [
                    "S4.E5",
                    "S4.E6",
                    "S5.E7"
                ],
                "S2.E3": [
                    "S2.E1",
                    "S2.E2",
                    "S4.E5",
                    "S4.E6",
                    "S5.E7"
                ],
                "S2.E4": [
                    "S2.E1",
                    "S2.E2",
                    "S2.E3",
                    "S4.E5",
                    "S4.E6",
                    "S5.E7"
                ],
                "S4.E5": [
                    "S4.E6",
                    "S5.E7"
                ],
                "S4.E6": [
                    "S5.E7"
                ],
                "S5.E7": [],
                "S5.E8": [],