{
    "Correctness": {
        "Number of articles used": 5,
        "Overall Correctness": {
            "Overall Accuracy": 0.08860759493670886,
            "Overall Precision": 0.11864406779661017,
            "Overall Recall": 0.25925925925925924,
            "Overall F1 Score": 0.1627906976744186
        },
        "Aggregate Correctness Statistics": {
            "Accuracy": {
                "Mean": 0.0737844842202146,
                "Lowest": 0.0,
                "25th Quartile (Q1)": 0.05263157894736842,
                "Median": 0.09433962264150944,
                "75th Quartile (Q3)": 0.1,
                "Highest": 0.12195121951219512
            },
            "Precision": {
                "Mean": 0.10325581395348837,
                "Lowest": 0.0,
                "25th Quartile (Q1)": 0.06666666666666667,
                "Median": 0.11627906976744186,
                "75th Quartile (Q3)": 0.15151515151515152,
                "Highest": 0.18181818181818182
            },
            "Recall": {
                "Mean": 0.21995337995338,
                "Lowest": 0.0,
                "25th Quartile (Q1)": 0.18181818181818182,
                "Median": 0.2,
                "75th Quartile (Q3)": 0.3333333333333333,
                "Highest": 0.38461538461538464
            },
            "F1 Score": {
                "Mean": 0.13432465585389125,
                "Lowest": 0.0,
                "25th Quartile (Q1)": 0.1,
                "Median": 0.1724137931034483,
                "75th Quartile (Q3)": 0.18181818181818182,
                "Highest": 0.21739130434782608
            }
        }
    },
    "Results": {
        "Article ID: 0907.2648": {
            "Adjacency List": {
                "S2.E1": [
                    "S2.E2"
                ],
                "S2.E2": [],
                "S2.E3": [],
                "S2.E4": [],
                "S2.E5": []
            },
            "Accuracy": 0.0,
            "Precision": 0.0,
            "Recall": 0.0,
            "F1 Score": 0
        },
        "Article ID: 0907.2720": {
            "Adjacency List": {
                "S2.E1": [
                    "S2.E3",
                    "S2.E10"
                ],
                "S2.E2": [
                    "S2.E1",
                    "S2.E4",
                    "S2.E8",
                    "S2.E10"
                ],
                "S2.E3": [
                    "S2.E2",
                    "S2.E4",
                    "S2.E6",
                    "S2.E7",
                    "S2.E8",
                    "S2.E9",
                    "S2.E10",
                    "S2.E11"
                ],
                "S2.E4": [
                    "S2.E8",
                    "S2.E9",
                    "S2.E10"
                ],
                "S2.E5": [
                    "S2.E1",
                    "S2.E2",
                    "S2.E3",
                    "S2.E4",
                    "S2.E8",
                    "S2.E9",
                    "S2.E10",
                    "S2.E11"
                ],
                "S2.E6": [
                    "S2.E5",
                    "S2.E7",
                    "S2.E8",
                    "S2.E9",
                    "S2.E10",
                    "S2.E11"
                ],
                "S2.E7": [
                    "S2.E5",
                    "S2.E8",
                    "S2.E9",
                    "S2.E10",
                    "S2.E11"
                ],
                "S2.E8": [
                    "S2.E9",
                    "S2.E10",
                    "S2.E11"
                ],
                "S2.E9": [
                    "S2.E10",
                    "S2.E11"
                ],
                "S2.E10": [
                    "S2.E11",
                    "S3.E13"
                ],
                "S2.E11": [],
                "S2.E12": [],
                "S3.E13": [],
                "S3.E14": []
            },
            "Accuracy": 0.09433962264150944,
            "Precision": 0.11627906976744186,
            "Recall": 0.3333333333333333,
            "F1 Score": 0.1724137931034483
        },
        "Article ID: 0907.2870": {
            "Adjacency List": {
                "S0.E1": [
                    "S0.E2",
                    "S0.E3",
                    "S0.E4",
                    "S0.E5",
                    "S0.E7"
                ],
                "S0.E2": [
                    "S0.E3",
                    "S0.E4",
                    "S0.E5",
                    "S0.E7"
                ],
                "S0.E3": [
                    "S0.E4",
                    "S0.E5",
                    "S0.E6",
                    "S0.E7",
                    "S0.E8"
                ],
                "S0.E4": [
                    "S0.E5",
                    "S0.E6",
                    "S0.E7",
                    "S0.E8"
                ],
                "S0.E5": [
                    "S0.E6",
                    "S0.E7",
                    "S0.E8",
                    "S0.E9",
                    "S0.E10"
                ],
                "S0.E6": [
                    "S0.E7",
                    "S0.E8"
                ],
                "S0.E7": [
                    "S0.E8",
                    "S0.E9",
                    "S0.E10"
                ],
                "S0.E8": [
                    "S0.E9",
                    "S0.E10"
                ],
                "S0.E9": [
                    "S0.E10",
                    "S0.E11"
                ],
                "S0.E10": [
                    "S0.E11"
                ],
                "S0.E11": [],
                "S0.E12": [],
                "S0.E13": []
            },
            "Accuracy": 0.12195121951219512,
            "Precision": 0.15151515151515152,
            "Recall": 0.38461538461538464,
            "F1 Score": 0.21739130434782608
        },
        "Article ID: 0907.2872": {
            "Adjacency List": {
                "S2.E1": [
                    "S2.E3"
                ],
                "S2.E2": [
                    "S2.E1",
                    "S2.E5",
                    "S2.E6",
                    "S2.E8",
                    "S3.E9"
                ],
                "S2.E3": [
                    "S2.E2",
                    "S2.E5",
                    "S2.E6",
                    "S2.E7",
                    "S2.E8",
                    "S3.E9"
                ],
                "S2.E4": [
                    "S2.E1",
                    "S2.E2",
                    "S2.E3",
                    "S2.E6",
                    "S2.E8",
                    "S3.E9"
                ],
                "S2.E5": [
                    "S2.E4",
                    "S2.E6",
                    "S2.E8",
                    "S3.E9"
                ],
                "S2.E6": [
                    "S2.E7",
                    "S2.E8",
                    "S3.E9"
                ],
                "S2.E7": [
                    "S2.E4",
                    "S2.E5",
                    "S2.E8",
                    "S3.E9"
                ],
                "S2.E8": [
                    "S3.E9"
                ],
                "S3.E9": []
            },
            "Accuracy": 0.05263157894736842,
            "Precision": 0.06666666666666667,
            "Recall": 0.2,
            "F1 Score": 0.1
        },
        "Article ID: 0907.2959": {
            "Adjacency List": {
                "S2.E1": [
                    "S2.E4"
                ],
                "S2.E2": [
                    "S2.E1",
                    "S2.E3",
                    "S2.E4"
                ],
                "S2.E3": [
                    "S2.E1",
                    "S2.E5"
                ],
                "S2.E4": [
                    "S2.E3",
                    "S2.E5"
                ],
                "S2.E5": [],
                "S2.E6": [],