{
    "Correctness": {
        "Number of articles used": 10,
        "Overall Correctness": {
            "Overall Accuracy": 0.28342245989304815,
            "Overall Precision": 0.4140625,
            "Overall Recall": 0.4732142857142857,
            "Overall F1 Score": 0.44166666666666665
        },
        "Aggregate Correctness Statistics": {
            "Accuracy": {
                "Mean": 0.29420238095238094,
                "Lowest": 0.1,
                "25th Quartile (Q1)": 0.21250000000000002,
                "Median": 0.27248677248677244,
                "75th Quartile (Q3)": 0.3892857142857143,
                "Highest": 0.5625
            },
            "Precision": {
                "Mean": 0.413484877695404,
                "Lowest": 0.2,
                "25th Quartile (Q1)": 0.3201754385964912,
                "Median": 0.4064327485380117,
                "75th Quartile (Q3)": 0.5064935064935066,
                "Highest": 0.6923076923076923
            },
            "Recall": {
                "Mean": 0.475005305152364,
                "Lowest": 0.16666666666666666,
                "25th Quartile (Q1)": 0.3611111111111111,
                "Median": 0.5060606060606061,
                "75th Quartile (Q3)": 0.6116071428571428,
                "Highest": 0.75
            },
            "F1 Score": {
                "Mean": 0.4382338109087335,
                "Lowest": 0.1818181818181818,
                "25th Quartile (Q1)": 0.35,
                "Median": 0.42810457516339867,
                "75th Quartile (Q3)": 0.5601503759398496,
                "Highest": 0.7199999999999999
            }
        }
    },
    "Results": {
        "Article ID: 0907.2648": {
            "Adjacency List": {
                "S0.E1": [
                    "S0.E2",
                    "S0.E3",
                    "S0.E4",
                    "S0.E5",
                    "S0.E6"
                ],
                "S0.E2": [
                    "S0.E4"
                ],
                "S0.E3": [
                    null
                ],
                "S0.E4": [
                    "S0.E5"
                ],
                "S0.E5": [
                    null
                ],
                "S0.E6": [
                    null
                ],
                "S0.E7": [
                    null
                ],
                "S0.E8": [
                    null
                ],
                "S0.E9": [
                    null
                ],
                "S0.E10": [
                    null
                ],
                "S0.E11": [
                    null
                ],
                "S0.E12": [
                    null
                ],
                "S0.E13": [
                    "S0.E14"
                ],
                "S0.E14": [
                    null
                ],
                "S0.E15": [
                    null
                ],
                "S0.E16": [
                    null
                ],
                "S0.E17": [
                    null
                ]
            },
            "Accuracy": 0.4074074074074074,
            "Precision": 0.5238095238095238,
            "Recall": 0.6470588235294118,
            "F1 Score": 0.5789473684210527
        },
        "Article ID: 0907.2720": {
            "Adjacency List": {
                "S0.E1": [
                    null
                ],
                "S0.E2": [
                    null
                ],
                "S0.E3": [
                    null
                ],
                "S0.E4": [
                    null
                ],
                "S0.E5": [
                    null
                ],
                "S0.E6": [
                    null
                ]
            },
            "Accuracy": 0.2,
            "Precision": 0.3333333333333333,
            "Recall": 0.3333333333333333,
            "F1 Score": 0.3333333333333333
        },
        "Article ID: 0907.2870": {
            "Adjacency List": {
                "S2.E1": [
                    null
                ],
                "S2.E2": [
                    null
                ],
                "S2.E3": [
                    null
                ],
                "S3.E4": [
                    null
                ],
                "S3.E5": [
                    null
                ],
                "S3.E6": [
                    null
                ],
                "S3.E7": [
                    null
                ]
            },
            "Accuracy": 0.4,
            "Precision": 0.5714285714285714,
            "Recall": 0.5714285714285714,
            "F1 Score": 0.5714285714285714
        },
        "Article ID: 0907.2872": {
            "Adjacency List": {
                "S3.E1": [
                    null
                ],
                "S3.E2": [
                    null
                ],
                "S3.E3": [
                    null
                ],
                "S3.E4": [
                    null
                ],
                "S3.E5": [
                    null
                ],
                "S3.E6": [
                    null
                ],
                "S3.E7": [
                    null
                ],
                "S6.E8": [
                    null
                ],
                "S6.E9": [
                    null
                ]
            },
            "Accuracy": 0.2857142857142857,
            "Precision": 0.4444444444444444,
            "Recall": 0.4444444444444444,
            "F1 Score": 0.4444444444444444
        },
        "Article ID: 0907.2959": {
            "Adjacency List": {
                "S0.E1": [
                    "S0.E3",
                    "S0.E4",
                    "S0.E5"
                ],
                "S0.E2": [
                    "S0.E5"
                ],
                "S0.E3": [
                    "S0.E4",
                    "S0.E5"
                ],
                "S0.E4": [
                    "S0.E5"
                ],
                "S0.E5": [
                    null
                ],
                "S0.E6": [
                    null
                ],
                "S0.E7": [
                    "S0.E8"
                ],
                "S0.E8": [
                    null
                ]
            },
            "Accuracy": 0.35714285714285715,
            "Precision": 0.45454545454545453,
            "Recall": 0.625,
            "F1 Score": 0.5263157894736842
        },
        "Article ID: 0907.2994": {
            "Adjacency List": {
                "S2.E1": [
                    null
                ],
                "S2.E2": [
                    null
                ],
                "S2.E3": [
                    "S2.E2"
                ],
                "S2.E4": [
                    null
                ],
                "S2.E5": [
                    null
                ],
                "S2.E6": [
                    "S2.E5"
                ],
                "S2.E7": [
                    null
                ],
                "S2.E8": [
                    null
                ],
                "S2.E9": [
                    null
                ],
                "S2.E10": [
                    null
                ]
            },
            "Accuracy": 0.1,
            "Precision": 0.2,
            "Recall": 0.16666666666666666,
            "F1 Score": 0.1818181818181818
        },
        "Article ID: 0907.3017": {
            "Adjacency List": {
                "S1.E1": [
                    null
                ],
                "S1.E2": [
                    null
                ],
                "S1.E3": [
                    null
                ],
                "S2.E4": [
                    "S2.E5",
                    "S2.E6"
                ],
                "S2.E5": [
                    "S2.E6"
                ],