{
    "Correctness": {
        "Number of articles used": 10,
        "Overall Correctness": {
            "Overall Accuracy": 0.2849740932642487,
            "Overall Precision": 0.4296875,
            "Overall Recall": 0.4583333333333333,
            "Overall F1 Score": 0.4435483870967742
        },
        "Aggregate Correctness Statistics": {
            "Accuracy": {
                "Mean": 0.3007390279970925,
                "Lowest": 0.0,
                "25th Quartile (Q1)": 0.19191919191919193,
                "Median": 0.2653846153846154,
                "75th Quartile (Q3)": 0.45564516129032256,
                "Highest": 0.7142857142857143
            },
            "Precision": {
                "Mean": 0.4166316140000351,
                "Lowest": 0.0,
                "25th Quartile (Q1)": 0.3097165991902834,
                "Median": 0.39015151515151514,
                "75th Quartile (Q3)": 0.5986842105263157,
                "Highest": 0.8333333333333334
            },
            "Recall": {
                "Mean": 0.43727130712424833,
                "Lowest": 0.0,
                "25th Quartile (Q1)": 0.32167832167832167,
                "Median": 0.44505494505494503,
                "75th Quartile (Q3)": 0.6158088235294118,
                "Highest": 0.8333333333333334
            },
            "F1 Score": {
                "Mean": 0.42313041948239594,
                "Lowest": 0.0,
                "25th Quartile (Q1)": 0.32167832167832167,
                "Median": 0.4182692307692307,
                "75th Quartile (Q3)": 0.6219512195121951,
                "Highest": 0.8333333333333334
            }
        }
    },
    "Results": {
        "Article ID: 0907.2648": {
            "Adjacency List": {
                "S0.E1": [
                    "S0.E2",
                    "S0.E4",
                    "S0.E5"
                ],
                "S0.E2": [
                    null
                ],
                "S0.E3": [
                    null
                ],
                "S0.E4": [
                    null
                ],
                "S0.E5": [
                    null
                ],
                "S0.E6": [
                    null
                ],
                "S0.E7": [
                    null
                ],
                "S0.E8": [
                    null
                ],
                "S0.E9": [
                    null
                ],
                "S0.E10": [
                    null
                ],
                "S0.E11": [
                    null
                ],
                "S0.E12": [
                    null
                ],
                "S0.E13": [
                    null
                ],
                "S0.E14": [
                    null
                ],
                "S0.E15": [
                    null
                ],
                "S0.E16": [
                    null
                ],
                "S0.E17": [
                    null
                ]
            },
            "Accuracy": 0.5,
            "Precision": 0.631578947368421,
            "Recall": 0.7058823529411765,
            "F1 Score": 0.6666666666666667
        },
        "Article ID: 0907.2720": {
            "Adjacency List": {
                "S2.E1": [
                    null
                ],
                "S2.E2": [
                    null
                ],
                "S2.E3": [
                    null
                ],
                "S2.E4": [
                    null
                ],
                "S2.E5": [
                    null
                ],
                "S2.E6": [
                    null
                ]
            },
            "Accuracy": 0.3,
            "Precision": 0.5,
            "Recall": 0.42857142857142855,
            "F1 Score": 0.4615384615384615
        },
        "Article ID: 0907.2870": {
            "Adjacency List": {
                "S2.E1": [
                    null
                ],
                "S2.E2": [
                    null
                ],
                "S2.E3": [
                    null
                ],
                "S2.E4": [
                    "S2.E5",
                    "S2.E6",
                    "S2.E7",
                    "S2.E8",
                    "S2.E10",
                    "S3.E11"
                ],
                "S2.E5": [
                    "S2.E8",
                    "S2.E10"
                ],
                "S2.E6": [
                    "S2.E10"
                ],
                "S2.E7": [
                    "S2.E10"
                ],
                "S2.E8": [
                    "S2.E10"
                ],
                "S2.E9": [
                    "S2.E10"
                ],
                "S2.E10": [
                    null
                ],
                "S3.E11": [
                    null
                ],
                "S4.E12": [
                    null
                ],
                "S4.E13": [
                    null
                ]
            },
            "Accuracy": 0.23076923076923078,
            "Precision": 0.3157894736842105,
            "Recall": 0.46153846153846156,
            "F1 Score": 0.37499999999999994
        },
        "Article ID: 0907.2872": {
            "Adjacency List": {
                "S2.E1": [
                    null
                ],
                "S2.E2": [
                    null
                ],
                "S2.E3": [
                    null
                ],
                "S2.E4": [
                    null
                ],
                "S2.E5": [
                    null
                ],
                "S2.E6": [
                    null
                ],
                "S2.E7": [
                    null
                ],
                "S2.E8": [
                    null
                ],
                "S2.E9": [
                    null
                ],
                "S2.E10": [
                    null
                ],
                "S2.E11": [
                    null
                ],
                "S2.E12": [
                    null
                ]
            },
            "Accuracy": 0.03571428571428571,
            "Precision": 0.08333333333333333,
            "Recall": 0.058823529411764705,
            "F1 Score": 0.06896551724137931
        },
        "Article ID: 0907.2959": {
            "Adjacency List": {
                "S1.E1": [
                    "S2.E5"
                ],
                "S2.E2": [
                    "S2.E5"
                ],
                "S2.E3": [
                    "S2.E5"
                ],
                "S2.E4": [
                    "S2.E5"
                ],
                "S2.E5": [
                    null
                ]
            },
            "Accuracy": 0.0,
            "Precision": 0.0,
            "Recall": 0.0,
            "F1 Score": 0
        },
        "Article ID: 0907.2994": {
            "Adjacency List": {
                "S1.E1": [
                    null
                ],
                "S2.E2": [
                    null
                ],
                "S2.E3": [
                    null
                ],
                "S2.E4": [
                    null
                ],
                "S2.E5": [
                    null
                ],
                "S3.E6": [
                    "S3.E7"
                ],
                "S3.E7": [
                    null
                ],
                "S3.E8": [
                    null
                ],
                "S3.E9": [
                    null
                ],
                "S4.E10": [
                    null
                ],
                "S4.E11": [
                    null
                ],
                "S4.E12": [
                    null
                ],
                "S4.E13": [
                    null
                ]
            },