{
    "Correctness": {
        "Number of articles used": 5,
        "Overall Correctness": {
            "Overall Accuracy": 0.03902439024390244,
            "Overall Precision": 0.05442176870748299,
            "Overall Recall": 0.12121212121212122,
            "Overall F1 Score": 0.07511737089201877
        },
        "Aggregate Correctness Statistics": {
            "Accuracy": {
                "Mean": 0.04918666174480128,
                "Lowest": 0.0,
                "25th Quartile (Q1)": 0.015873015873015872,
                "Median": 0.037037037037037035,
                "75th Quartile (Q3)": 0.09302325581395349,
                "Highest": 0.1
            },
            "Precision": {
                "Mean": 0.07704991087344029,
                "Lowest": 0.0,
                "25th Quartile (Q1)": 0.0196078431372549,
                "Median": 0.058823529411764705,
                "75th Quartile (Q3)": 0.125,
                "Highest": 0.18181818181818182
            },
            "Recall": {
                "Mean": 0.12326340326340327,
                "Lowest": 0.0,
                "25th Quartile (Q1)": 0.07692307692307693,
                "Median": 0.09090909090909091,
                "75th Quartile (Q3)": 0.18181818181818182,
                "Highest": 0.26666666666666666
            },
            "F1 Score": {
                "Mean": 0.09094190384084001,
                "Lowest": 0.0,
                "25th Quartile (Q1)": 0.03125,
                "Median": 0.07142857142857142,
                "75th Quartile (Q3)": 0.1702127659574468,
                "Highest": 0.18181818181818182
            }
        }
    },
    "Results": {
        "Article ID: 0907.2648": {
            "Adjacency List": {
                "S2.E1": [],
                "S2.E2": [
                    "S2.E1",
                    "S3.E9"
                ],
                "S2.E3": [],
                "S3.E4": [
                    "S2.E2"
                ],
                "S3.E5": [
                    "S2.E2",
                    "S3.E4",
                    "S3.E9"
                ],
                "S3.E6": [
                    "S3.E9"
                ],
                "S3.E7": [
                    "S3.E8",
                    "S3.E9",
                    "S3.E10",
                    "S3.E12",
                    "S3.E13"
                ],
                "S3.E8": [
                    "S3.E9",
                    "S3.E10",
                    "S3.E11",
                    "S3.E13"
                ],
                "S3.E9": [
                    "S3.E10",
                    "S3.E11",
                    "S3.E12",
                    "S3.E13",
                    "S3.E14"
                ],
                "S3.E10": [
                    "S3.E11",
                    "S3.E12",
                    "S3.E13",
                    "S3.E14"
                ],
                "S3.E11": [
                    "S3.E7",
                    "S3.E12",
                    "S3.E13",
                    "S3.E14"
                ],
                "S3.E12": [
                    "S3.E13",
                    "S3.E14"
                ],
                "S3.E13": [
                    "S3.E14"
                ],
                "S3.E14": []
            },
            "Accuracy": 0.09302325581395349,
            "Precision": 0.125,
            "Recall": 0.26666666666666666,
            "F1 Score": 0.1702127659574468
        },
        "Article ID: 0907.2720": {
            "Adjacency List": {
                "S1.E1": [],
                "S4.E2": [
                    "S4.E3",
                    "S4.E4",
                    "S4.E7",
                    "S4.E9",
                    "S5.E10",
                    "S5.E12"
                ],
                "S4.E3": [
                    "S4.E4",
                    "S4.E5",
                    "S4.E6",
                    "S4.E7",
                    "S4.E8",
                    "S4.E9",
                    "S5.E10",
                    "S5.E11",
                    "S5.E12"
                ],
                "S4.E4": [
                    "S4.E5",
                    "S4.E6",
                    "S4.E7",
                    "S4.E8",
                    "S4.E9",
                    "S5.E10",
                    "S5.E11",
                    "S5.E12"
                ],
                "S4.E5": [
                    "S4.E6",
                    "S4.E7",
                    "S4.E8",
                    "S4.E9",
                    "S5.E10",
                    "S5.E11",
                    "S5.E12"
                ],
                "S4.E6": [
                    "S4.E7",
                    "S4.E8",
                    "S4.E9",
                    "S5.E10",
                    "S5.E11",
                    "S5.E12"
                ],
                "S4.E7": [
                    "S4.E8",
                    "S4.E9",
                    "S5.E10",
                    "S5.E11",
                    "S5.E12"
                ],
                "S4.E8": [
                    "S4.E9",
                    "S5.E10",
                    "S5.E11",
                    "S5.E12"
                ],
                "S4.E9": [
                    "S5.E10",
                    "S5.E11",
                    "S5.E12"
                ],
                "S5.E10": [
                    "S5.E11",
                    "S5.E12"
                ],
                "S5.E11": [
                    "S5.E12"
                ],
                "S5.E12": []
            },
            "Accuracy": 0.015873015873015872,
            "Precision": 0.0196078431372549,
            "Recall": 0.07692307692307693,
            "F1 Score": 0.03125
        },
        "Article ID: 0907.2870": {
            "Adjacency List": {
                "S2.E1": [
                    "S2.E4"
                ],
                "S2.E2": [
                    "S2.E1",
                    "S2.E4"
                ],
                "S2.E3": [
                    "S2.E1",
                    "S2.E2"
                ],
                "S2.E4": [
                    "S2.E3",
                    "S2.E5"
                ],
                "S2.E5": [
                    "S2.E3"
                ],
                "S2.E6": [],
                "S2.E7": [
                    "S2.E8",
                    "S3.E9"
                ],
                "S2.E8": [
                    "S3.E9"
                ],
                "S3.E9": [],
                "S3.E10": []
            },
            "Accuracy": 0.1,
            "Precision": 0.18181818181818182,
            "Recall": 0.18181818181818182,
            "F1 Score": 0.18181818181818182
        },
        "Article ID: 0907.2872": {
            "Adjacency List": {
                "S2.E1": [],
                "S2.E2": [
                    "S2.E1"
                ],
                "S2.E3": [
                    "S2.E1",
                    "S2.E2"
                ],
                "S3.E4": [
                    "S2.E3"
                ],
                "S3.E5": [
                    "S2.E3",
                    "S3.E6",
                    "S3.E7",
                    "S4.E9"
                ],
                "S3.E6": [
                    "S2.E3",
                    "S3.E7",
                    "S3.E8",
                    "S4.E9"
                ],
                "S3.E7": [
                    "S2.E3",
                    "S3.E8",
                    "S4.E9"
                ],
                "S3.E8": [
                    "S4.E9"
                ],
                "S4.E9": [
                    "S4.E10"
                ],
                "S4.E10": [],
                "S5.E11": []
            },
            "Accuracy": 0.037037037037037035,
            "Precision": 0.058823529411764705,
            "Recall": 0.09090909090909091,
            "F1 Score": 0.07142857142857142
        },