{
    "Correctness": {
        "Number of articles used": 10,
        "Overall Correctness": {
            "Overall Accuracy": 0.17083333333333334,
            "Overall Precision": 0.23563218390804597,
            "Overall Recall": 0.38317757009345793,
            "Overall F1 Score": 0.2918149466192171
        },
        "Aggregate Correctness Statistics": {
            "Accuracy": {
                "Mean": 0.18481139891854176,
                "Lowest": 0.061224489795918366,
                "25th Quartile (Q1)": 0.10972222222222222,
                "Median": 0.16666666666666666,
                "75th Quartile (Q3)": 0.24879807692307693,
                "Highest": 0.3888888888888889
            },
            "Precision": {
                "Mean": 0.2651237395355043,
                "Lowest": 0.08108108108108109,
                "25th Quartile (Q1)": 0.18444055944055945,
                "Median": 0.23636363636363636,
                "75th Quartile (Q3)": 0.3458333333333333,
                "Highest": 0.46153846153846156
            },
            "Recall": {
                "Mean": 0.38250416250416247,
                "Lowest": 0.14285714285714285,
                "25th Quartile (Q1)": 0.21250000000000002,
                "Median": 0.35416666666666663,
                "75th Quartile (Q3)": 0.48214285714285715,
                "Highest": 0.875
            },
            "F1 Score": {
                "Mean": 0.3010856303872992,
                "Lowest": 0.11538461538461539,
                "25th Quartile (Q1)": 0.1973392461197339,
                "Median": 0.28571428571428575,
                "75th Quartile (Q3)": 0.3971291866028708,
                "Highest": 0.56
            }
        }
    },
    "Results": {
        "Article ID: 0907.2648": {
            "Adjacency List": {
                "S0.E1": [
                    "S0.E3"
                ],
                "S0.E2": [
                    "S0.E3",
                    "S0.E4"
                ],
                "S0.E3": [
                    "S0.E4",
                    "S0.E5",
                    "S0.E6",
                    "S0.E7"
                ],
                "S0.E4": [
                    "S0.E5",
                    "S0.E6",
                    "S0.E7"
                ],
                "S0.E5": [
                    "S0.E6",
                    "S0.E7",
                    "S0.E8",
                    "S0.E9"
                ],
                "S0.E6": [
                    "S0.E7",
                    "S0.E8",
                    "S0.E9"
                ],
                "S0.E7": [
                    "S0.E8",
                    "S0.E9"
                ],
                "S0.E8": [
                    "S0.E9"
                ],
                "S0.E9": [],
                "S0.E10": []
            },
            "Accuracy": 0.2692307692307692,
            "Precision": 0.35,
            "Recall": 0.5384615384615384,
            "F1 Score": 0.4242424242424242
        },
        "Article ID: 0907.2720": {
            "Adjacency List": {
                "S0.E1": [
                    "S0.E3",
                    "S0.E4",
                    "S0.E5"
                ],
                "S0.E2": [
                    "S0.E3",
                    "S0.E4",
                    "S0.E5",
                    "S0.E6",
                    "S0.E7"
                ],
                "S0.E3": [
                    "S0.E4",
                    "S0.E5",
                    "S0.E6",
                    "S0.E7",
                    "S0.E8",
                    "S0.E9"
                ],
                "S0.E4": [
                    "S0.E5",
                    "S0.E6",
                    "S0.E7",
                    "S0.E8",
                    "S0.E9"
                ],
                "S0.E5": [
                    "S0.E6",
                    "S0.E7",
                    "S0.E8",
                    "S0.E9"
                ],
                "S0.E6": [
                    "S0.E7",
                    "S0.E8",
                    "S0.E9"
                ],
                "S0.E7": [
                    "S0.E8",
                    "S0.E9",
                    "S0.E10"
                ],
                "S0.E8": [
                    "S0.E9"
                ],
                "S0.E9": [],
                "S0.E10": []
            },
            "Accuracy": 0.16666666666666666,
            "Precision": 0.2,
            "Recall": 0.5,
            "F1 Score": 0.28571428571428575
        },
        "Article ID: 0907.2870": {
            "Adjacency List": {
                "S0.E1": [
                    "S0.E2"
                ],
                "S0.E2": [],
                "S0.E3": [
                    "S0.E4"
                ],
                "S0.E4": [
                    "S0.E5",
                    "S0.E6"
                ],
                "S0.E5": [
                    "S0.E6"
                ],
                "S0.E6": [
                    "S0.E7",
                    "S0.E8",
                    "S0.E9",
                    "S0.E10"
                ],
                "S0.E7": [
                    "S0.E8"
                ],
                "S0.E8": [
                    "S0.E9",
                    "S0.E10"
                ],
                "S0.E9": [
                    "S0.E10"
                ],
                "S0.E10": []
            },
            "Accuracy": 0.2857142857142857,
            "Precision": 0.46153846153846156,
            "Recall": 0.42857142857142855,
            "F1 Score": 0.4444444444444445
        },
        "Article ID: 0907.2872": {
            "Adjacency List": {
                "S0.E1": [
                    "S0.E2",
                    "S0.E3"
                ],
                "S0.E2": [
                    "S0.E3",
                    "S0.E4",
                    "S0.E5"
                ],
                "S0.E3": [
                    "S0.E4",
                    "S0.E5",
                    "S0.E6"
                ],
                "S0.E4": [
                    "S0.E6"
                ],
                "S0.E5": [
                    "S0.E4",
                    "S0.E6"
                ],
                "S0.E6": []
            },
            "Accuracy": 0.1875,
            "Precision": 0.2727272727272727,
            "Recall": 0.375,
            "F1 Score": 0.3157894736842105
        },
        "Article ID: 0907.2959": {
            "Adjacency List": {
                "S1.E1": [
                    "S1.E2",
                    "S1.E3"
                ],
                "S1.E2": [
                    "S1.E3"
                ],
                "S1.E3": [],
                "S1.E4": []
            },
            "Accuracy": 0.16666666666666666,
            "Precision": 0.3333333333333333,
            "Recall": 0.25,
            "F1 Score": 0.28571428571428575
        },
        "Article ID: 0907.2967": {
            "Adjacency List": {
                "S0.E1": [],
                "S0.E2": [
                    "S0.E3"
                ],
                "S0.E3": [
                    "S0.E4",
                    "S0.E5"
                ],
                "S0.E4": [
                    "S0.E5",
                    "S0.E6"
                ],
                "S0.E5": [
                    "S0.E6"
                ],
                "S0.E6": [],
                "S0.E7": []
            },
            "Accuracy": 0.08333333333333333,
            "Precision": 0.16666666666666666,
            "Recall": 0.14285714285714285,
            "F1 Score": 0.15384615384615383
        },
        "Article ID: 0907.2994": {
            "Adjacency List": {
                "S2.E1": [
                    "S2.E4"
                ],
                "S2.E2": [
                    "S2.E1",
                    "S2.E4"
                ],
                "S2.E3": [
                    "S2.E1",
                    "S2.E2",
                    "S2.E5"
                ],