{
    "Correctness": {
        "Number of articles used": 15,
        "Overall Correctness": {
            "Overall Accuracy": 0.8930107526881721,
            "Overall Precision": 0.4276315789473684,
            "Overall Recall": 0.3672316384180791,
            "Overall F1 Score": 0.39513677811550146
        },
        "Aggregate Correctness Statistics": {
            "Accuracy": {
                "Mean": 0.8662897432172992,
                "Lowest": 0.7586206896551724,
                "25th Quartile (Q1)": 0.8348484848484848,
                "Median": 0.8727272727272727,
                "75th Quartile (Q3)": 0.8932900432900432,
                "Highest": 0.9543478260869566
            },
            "Precision": {
                "Mean": 0.42496836496836493,
                "Lowest": 0.18181818181818182,
                "25th Quartile (Q1)": 0.31666666666666665,
                "Median": 0.4444444444444444,
                "75th Quartile (Q3)": 0.5584415584415584,
                "Highest": 0.6666666666666666
            },
            "Recall": {
                "Mean": 0.3723015873015873,
                "Lowest": 0.13333333333333333,
                "25th Quartile (Q1)": 0.2777777777777778,
                "Median": 0.4,
                "75th Quartile (Q3)": 0.4722222222222222,
                "Highest": 0.6
            },
            "F1 Score": {
                "Mean": 0.3948524145075869,
                "Lowest": 0.15384615384615383,
                "25th Quartile (Q1)": 0.29166666666666663,
                "Median": 0.42857142857142855,
                "75th Quartile (Q3)": 0.49743589743589745,
                "Highest": 0.6
            }
        }
    },
    "Results": {
        "Article ID: 0907.2648": {
            "Adjacency List": {
                "S1.E1": [
                    null
                ],
                "S1.E2": [
                    null
                ],
                "S2.E3": [
                    null
                ],
                "S2.E4": [
                    null
                ],
                "S2.E5": [
                    null
                ],
                "S3.E6": [
                    null
                ],
                "S3.E7": [
                    null
                ],
                "S3.E8": [
                    null
                ],
                "S3.E9": [
                    null
                ],
                "S3.E10": [
                    null
                ]
            },
            "Accuracy": 0.9090909090909091,
            "Precision": 0.6,
            "Recall": 0.5,
            "F1 Score": 0.5454545454545454
        },
        "Article ID: 0907.2720": {
            "Adjacency List": {
                "S2.E1": [
                    null
                ],
                "S2.E2": [
                    null
                ],
                "S2.E3": [
                    null
                ],
                "S2.E4": [
                    null
                ],
                "S2.E5": [
                    null
                ],
                "S2.E6": [
                    null
                ]
            },
            "Accuracy": 0.8333333333333334,
            "Precision": 0.5,
            "Recall": 0.42857142857142855,
            "F1 Score": 0.4615384615384615
        },
        "Article ID: 0907.2870": {
            "Adjacency List": {
                "S0.E1": [
                    null
                ],
                "S0.E2": [
                    null
                ],
                "S0.E3": [
                    null
                ],
                "S0.E4": [
                    null
                ],
                "S0.E5": [
                    null
                ],
                "S0.E6": [
                    null
                ],
                "S0.E7": [
                    null
                ],
                "S0.E8": [
                    null
                ],
                "S0.E9": [
                    null
                ],
                "S0.E10": [
                    null
                ]
            },
            "Accuracy": 0.8363636363636363,
            "Precision": 0.3,
            "Recall": 0.21428571428571427,
            "F1 Score": 0.25
        },
        "Article ID: 0907.2872": {
            "Adjacency List": {
                "S2.E1": [
                    null
                ],
                "S2.E2": [
                    null
                ],
                "S2.E3": [
                    null
                ],
                "S2.E4": [
                    null
                ],
                "S2.E5": [
                    null
                ],
                "S2.E6": [
                    null
                ]
            },
            "Accuracy": 0.8095238095238095,
            "Precision": 0.3333333333333333,
            "Recall": 0.3333333333333333,
            "F1 Score": 0.3333333333333333
        },
        "Article ID: 0907.2959": {
            "Adjacency List": {
                "S3.E1": [
                    null
                ],
                "S3.E2": [
                    null
                ],
                "S3.E3": [
                    null
                ],
                "S3.E4": [
                    null
                ],
                "S3.E5": [
                    null
                ],
                "S3.E6": [
                    null
                ],
                "S3.E7": [
                    null
                ],
                "S6.E8": [
                    null
                ],
                "S6.E9": [
                    null
                ]
            },
            "Accuracy": 0.8888888888888888,
            "Precision": 0.4444444444444444,
            "Recall": 0.4444444444444444,
            "F1 Score": 0.4444444444444444
        },
        "Article ID: 0907.2994": {
            "Adjacency List": {
                "S2.E1": [
                    null
                ],
                "S2.E2": [
                    null
                ],
                "S2.E3": [
                    null
                ],
                "S3.E4": [
                    null
                ],
                "S3.E5": [
                    null
                ],
                "S3.E6": [
                    null
                ],
                "S3.E7": [
                    null
                ],
                "S3.E8": [
                    null
                ],
                "S3.E9": [
                    null
                ],
                "S3.E10": [
                    null
                ],
                "S3.E11": [
                    null
                ],
                "S3.E12": [
                    null
                ],
                "S3.E13": [
                    null
                ],
                "S3.E14": [
                    null
                ]
            },
            "Accuracy": 0.8904761904761904,
            "Precision": 0.21428571428571427,
            "Recall": 0.2,
            "F1 Score": 0.20689655172413796
        },
        "Article ID: 0907.3017": {
            "Adjacency List": {
                "S2.E1": [
                    "S2.E2",
                    "S2.E3"
                ],
                "S2.E2": [
                    "S2.E3"
                ],
                "S2.E3": [
                    null
                ],
                "S2.E4": [
                    null
                ],
                "S2.E5": [
                    null
                ],
                "S2.E6": [
                    null
                ],
                "S2.E7": [
                    null
                ],
                "S2.E8": [
                    null
                ],
                "S2.E9": [
                    null
                ],
                "S2.E10": [
                    null
                ],