{
    "Correctness": {
        "Number of articles used": 10,
        "Overall Correctness": {
            "Overall Accuracy": 0.2857142857142857,
            "Overall Precision": 0.44660194174757284,
            "Overall Recall": 0.4423076923076923,
            "Overall F1 Score": 0.4444444444444444
        },
        "Aggregate Correctness Statistics": {
            "Accuracy": {
                "Mean": 0.2890903540903541,
                "Lowest": 0.1,
                "25th Quartile (Q1)": 0.20952380952380953,
                "Median": 0.26785714285714285,
                "75th Quartile (Q3)": 0.3666666666666667,
                "Highest": 0.4666666666666667
            },
            "Precision": {
                "Mean": 0.44356199356199355,
                "Lowest": 0.18181818181818182,
                "25th Quartile (Q1)": 0.3392857142857143,
                "Median": 0.4145299145299145,
                "75th Quartile (Q3)": 0.5926573426573427,
                "Highest": 0.6666666666666666
            },
            "Recall": {
                "Mean": 0.43299922299922294,
                "Lowest": 0.18181818181818182,
                "25th Quartile (Q1)": 0.34615384615384615,
                "Median": 0.4494949494949495,
                "75th Quartile (Q3)": 0.4903846153846154,
                "Highest": 0.6363636363636364
            },
            "F1 Score": {
                "Mean": 0.4367025722815196,
                "Lowest": 0.18181818181818182,
                "25th Quartile (Q1)": 0.34615384615384615,
                "Median": 0.4222222222222222,
                "75th Quartile (Q3)": 0.5353846153846155,
                "Highest": 0.6363636363636364
            }
        }
    },
    "Results": {
        "Article ID: 0907.2648": {
            "Adjacency List": {
                "S0.E1": [
                    null
                ],
                "S0.E2": [
                    null
                ],
                "S0.E3": [
                    null
                ],
                "S0.E4": [
                    null
                ],
                "S0.E5": [
                    null
                ],
                "S0.E6": [
                    null
                ],
                "S0.E7": [
                    null
                ],
                "S0.E8": [
                    null
                ],
                "S0.E9": [
                    null
                ]
            },
            "Accuracy": 0.46153846153846156,
            "Precision": 0.6666666666666666,
            "Recall": 0.6,
            "F1 Score": 0.631578947368421
        },
        "Article ID: 0907.2720": {
            "Adjacency List": {
                "S0.E1": [
                    null
                ],
                "S0.E2": [
                    null
                ],
                "S0.E3": [
                    null
                ],
                "S0.E4": [
                    null
                ],
                "S0.E5": [
                    "S0.E6"
                ],
                "S0.E6": [
                    null
                ]
            },
            "Accuracy": 0.2,
            "Precision": 0.3333333333333333,
            "Recall": 0.3333333333333333,
            "F1 Score": 0.3333333333333333
        },
        "Article ID: 0907.2870": {
            "Adjacency List": {
                "S2.E1": [
                    "S2.E4"
                ],
                "S2.E2": [
                    null
                ],
                "S2.E3": [
                    "S2.E4"
                ],
                "S2.E4": [
                    null
                ],
                "S3.E5": [
                    null
                ],
                "S3.E6": [
                    null
                ],
                "S3.E7": [
                    null
                ],
                "S3.E8": [
                    null
                ],
                "S3.E9": [
                    null
                ],
                "S3.E10": [
                    null
                ],
                "S3.E11": [
                    null
                ]
            },
            "Accuracy": 0.1,
            "Precision": 0.18181818181818182,
            "Recall": 0.18181818181818182,
            "F1 Score": 0.18181818181818182
        },
        "Article ID: 0907.2872": {
            "Adjacency List": {
                "S2.E1": [
                    null
                ],
                "S2.E2": [
                    null
                ],
                "S2.E3": [
                    "S2.E4",
                    "S2.E5",
                    "S2.E6"
                ],
                "S2.E4": [
                    "S2.E5",
                    "S2.E6",
                    "S2.E7"
                ],
                "S2.E5": [
                    null
                ],
                "S2.E6": [
                    null
                ],
                "S2.E7": [
                    null
                ],
                "S2.E8": [
                    null
                ],
                "S2.E9": [
                    null
                ],
                "S3.E10": [
                    null
                ]
            },
            "Accuracy": 0.25,
            "Precision": 0.35714285714285715,
            "Recall": 0.45454545454545453,
            "F1 Score": 0.4
        },
        "Article ID: 0907.2959": {
            "Adjacency List": {
                "S2.E1": [
                    "S2.E2"
                ],
                "S2.E2": [
                    null
                ],
                "S2.E3": [
                    null
                ],
                "S2.E4": [
                    null
                ],
                "S2.E5": [
                    null
                ],
                "S2.E6": [
                    null
                ],
                "S2.E7": [
                    null
                ],
                "S2.E8": [
                    null
                ],
                "S3.E9": [
                    null
                ]
            },
            "Accuracy": 0.2857142857142857,
            "Precision": 0.4444444444444444,
            "Recall": 0.4444444444444444,
            "F1 Score": 0.4444444444444444
        },
        "Article ID: 0907.2994": {
            "Adjacency List": {
                "S1.E1": [
                    null
                ],
                "S2.E2": [
                    null
                ],
                "S2.E3": [
                    null
                ],
                "S2.E4": [
                    null
                ],
                "S2.E5": [
                    null
                ],
                "S3.E6": [
                    "S3.E7"
                ],
                "S3.E7": [
                    "S3.E8"
                ],
                "S3.E8": [
                    null
                ],
                "S3.E9": [
                    null
                ],
                "S4.E10": [
                    "S4.E11"
                ],
                "S4.E11": [
                    null
                ],
                "S4.E12": [
                    null
                ],
                "S4.E13": [
                    null
                ]
            },
            "Accuracy": 0.3,
            "Precision": 0.46153846153846156,
            "Recall": 0.46153846153846156,
            "F1 Score": 0.46153846153846156
        },
        "Article ID: 0907.3017": {
            "Adjacency List": {
                "S2.E1": [
                    null
                ],
                "S2.E2": [
                    null
                ],
                "S2.E3": [
                    null
                ],
                "S2.E4": [
                    null
                ],
                "S3.E5": [
                    null
                ],