{
    "Correctness": {
        "Number of articles used": 10,
        "Overall Correctness": {
            "Overall Accuracy": 0.8805513016845329,
            "Overall Precision": 0.3381294964028777,
            "Overall Recall": 0.42342342342342343,
            "Overall F1 Score": 0.376
        },
        "Aggregate Correctness Statistics": {
            "Accuracy": {
                "Mean": 0.8673487665976392,
                "Lowest": 0.78,
                "25th Quartile (Q1)": 0.8486935028248588,
                "Median": 0.8664203194019708,
                "75th Quartile (Q3)": 0.9,
                "Highest": 0.9380952380952381
            },
            "Precision": {
                "Mean": 0.3456017316017316,
                "Lowest": 0.1875,
                "25th Quartile (Q1)": 0.25142857142857145,
                "Median": 0.3484848484848485,
                "75th Quartile (Q3)": 0.421875,
                "Highest": 0.5333333333333333
            },
            "Recall": {
                "Mean": 0.4258941058941059,
                "Lowest": 0.2,
                "25th Quartile (Q1)": 0.28787878787878785,
                "Median": 0.4307692307692308,
                "75th Quartile (Q3)": 0.5649350649350648,
                "Highest": 0.6363636363636364
            },
            "F1 Score": {
                "Mean": 0.37608017407582023,
                "Lowest": 0.20000000000000004,
                "25th Quartile (Q1)": 0.2858439201451905,
                "Median": 0.3669467787114846,
                "75th Quartile (Q3)": 0.49415204678362573,
                "Highest": 0.5517241379310344
            }
        }
    },
    "Results": {
        "Article ID: 0907.2648": {
            "Adjacency List": {
                "S2.E1": [
                    null
                ],
                "S2.E2": [
                    null
                ],
                "S2.E3": [
                    null
                ],
                "S2.E4": [
                    "S2.E5",
                    "S2.E9",
                    "S2.E10",
                    "S3.E11"
                ],
                "S2.E5": [
                    "S2.E9",
                    "S2.E10",
                    "S3.E11"
                ],
                "S2.E6": [
                    "S2.E9",
                    "S2.E10",
                    "S3.E11"
                ],
                "S2.E7": [
                    "S2.E9",
                    "S2.E10",
                    "S3.E11"
                ],
                "S2.E8": [
                    "S2.E9",
                    "S2.E10",
                    "S3.E11"
                ],
                "S2.E9": [
                    "S2.E10",
                    "S3.E11"
                ],
                "S2.E10": [
                    "S3.E11"
                ],
                "S3.E11": [
                    null
                ],
                "S4.E12": [
                    null
                ],
                "S4.E13": [
                    null
                ]
            },
            "Accuracy": 0.8531073446327684,
            "Precision": 0.24,
            "Recall": 0.46153846153846156,
            "F1 Score": 0.3157894736842105
        },
        "Article ID: 0907.2720": {
            "Adjacency List": {
                "S2.E1": [
                    null
                ],
                "S2.E2": [
                    null
                ],
                "S2.E3": [
                    null
                ],
                "S3.E4": [
                    "S4.E6"
                ],
                "S3.E5": [
                    "S4.E6"
                ],
                "S4.E6": [
                    "S4.E8"
                ],
                "S4.E7": [
                    null
                ],
                "S4.E8": [
                    null
                ],
                "S4.E9": [
                    null
                ],
                "S4.E10": [
                    null
                ]
            },
            "Accuracy": 0.8532110091743119,
            "Precision": 0.2,
            "Recall": 0.2,
            "F1 Score": 0.20000000000000004
        },
        "Article ID: 0907.2870": {
            "Adjacency List": {
                "S4.E1": [
                    null
                ],
                "S4.E2": [
                    "S4.E3",
                    "S5.E4"
                ],
                "S4.E3": [
                    "S5.E4"
                ],
                "S5.E4": [
                    null
                ],
                "S5.E5": [
                    null
                ],
                "S5.E6": [
                    null
                ],
                "S5.E7": [
                    null
                ],
                "S6.E8": [
                    null
                ],
                "S6.E9": [
                    null
                ],
                "S6.E10": [
                    null
                ],
                "S6.E11": [
                    null
                ],
                "S6.E12": [
                    null
                ],
                "S6.E13": [
                    null
                ],
                "S6.E14": [
                    null
                ]
            },
            "Accuracy": 0.9380952380952381,
            "Precision": 0.5333333333333333,
            "Recall": 0.5714285714285714,
            "F1 Score": 0.5517241379310344
        },
        "Article ID: 0907.2872": {
            "Adjacency List": {
                "S2.E1": [
                    null
                ],
                "S2.E2": [
                    null
                ],
                "S2.E3": [
                    null
                ],
                "S2.E4": [
                    null
                ],
                "S2.E5": [
                    null
                ],
                "S3.E6": [
                    "S3.E7"
                ],
                "S3.E7": [
                    null
                ],
                "S3.E8": [
                    null
                ]
            },
            "Accuracy": 0.8472222222222222,
            "Precision": 0.375,
            "Recall": 0.3333333333333333,
            "F1 Score": 0.35294117647058826
        },
        "Article ID: 0907.2959": {
            "Adjacency List": {
                "S2.E1": [
                    "S2.E2",
                    "S2.E3",
                    "S2.E4"
                ],
                "S2.E2": [
                    "S2.E3",
                    "S2.E4"
                ],
                "S2.E3": [
                    "S2.E4",
                    "S2.E6"
                ],
                "S2.E4": [
                    "S2.E5",
                    "S2.E6"
                ],
                "S2.E5": [
                    null
                ],
                "S2.E6": [
                    null
                ],
                "S2.E7": [
                    null
                ],
                "S2.E8": [
                    "S3.E9",
                    "S3.E10"
                ],
                "S3.E9": [
                    "S3.E10"
                ],
                "S3.E10": [
                    null
                ]
            },
            "Accuracy": 0.8055555555555556,
            "Precision": 0.1875,
            "Recall": 0.2727272727272727,
            "F1 Score": 0.2222222222222222
        },
        "Article ID: 0907.2994": {
            "Adjacency List": {
                "S0.E1": [
                    null
                ],
                "S0.E2": [
                    null
                ],
                "S0.E3": [
                    null
                ],
                "S0.E4": [
                    null
                ],
                "S0.E5": [
                    null
                ],
                "S0.E6": [
                    null
                ],