{
    "Correctness": {
        "Number of articles used": 15,
        "Overall Correctness": {
            "Overall Accuracy": 0.07446808510638298,
            "Overall Precision": 0.30434782608695654,
            "Overall Recall": 0.08974358974358974,
            "Overall F1 Score": 0.1386138613861386
        },
        "Aggregate Correctness Statistics": {
            "Accuracy": {
                "Mean": 0.051760239760239767,
                "Lowest": 0.0,
                "25th Quartile (Q1)": 0.0,
                "Median": 0.0,
                "75th Quartile (Q3)": 0.08545454545454545,
                "Highest": 0.22857142857142856
            },
            "Precision": {
                "Mean": 0.20844932844932845,
                "Lowest": 0.0,
                "25th Quartile (Q1)": 0.0,
                "Median": 0.0,
                "75th Quartile (Q3)": 0.2967032967032967,
                "Highest": 1.0
            },
            "Recall": {
                "Mean": 0.07285403050108934,
                "Lowest": 0.0,
                "25th Quartile (Q1)": 0.0,
                "Median": 0.0,
                "75th Quartile (Q3)": 0.10555555555555556,
                "Highest": 0.47058823529411764
            },
            "F1 Score": {
                "Mean": 0.08966109973861913,
                "Lowest": 0.0,
                "25th Quartile (Q1)": 0.0,
                "Median": 0.0,
                "75th Quartile (Q3)": 0.1574074074074074,
                "Highest": 0.372093023255814
            }
        }
    },
    "Results": {
        "Article ID: 0907.2648": {
            "Adjacency List": {
                "S2.E1": [
                    "S2.E2",
                    "S2.E3"
                ],
                "S2.E2": [],
                "S2.E3": [],
                "S2.E4": [],
                "S2.E5": [
                    "S2.E6"
                ],
                "S2.E6": [],
                "S2.E7": [],
                "S2.E8": [],
                "S2.E9": [],
                "S2.E10": [],
                "S3.E11": [],
                "S3.E12": []
            },
            "Accuracy": 0.0,
            "Precision": 0.0,
            "Recall": 0.0,
            "F1 Score": 0
        },
        "Article ID: 0907.2720": {
            "Adjacency List": {
                "S0.E1": [],
                "S0.E2": [],
                "S0.E3": [],
                "S0.E4": [],
                "S0.E5": [],
                "S0.E6": [],
                "S0.E7": [],
                "S0.E8": [],
                "S0.E9": [],
                "S0.E10": [],
                "S0.E11": [],
                "S0.E12": [],
                "S0.E13": []
            },
            "Accuracy": 0.0,
            "Precision": 0,
            "Recall": 0.0,
            "F1 Score": 0
        },
        "Article ID: 0907.2870": {
            "Adjacency List": {
                "S0.E1": [],
                "S0.E2": [],
                "S0.E3": [],
                "S0.E4": [],
                "S0.E5": [],
                "S0.E6": []
            },
            "Accuracy": 0.0,
            "Precision": 0,
            "Recall": 0.0,
            "F1 Score": 0
        },
        "Article ID: 0907.2872": {
            "Adjacency List": {
                "S0.E1": [],
                "S0.E2": [],
                "S0.E3": [],
                "S0.E4": [],
                "S0.E5": [],
                "S0.E6": [],
                "S0.E7": [],
                "S0.E8": [],
                "S0.E9": [],
                "S0.E10": []
            },
            "Accuracy": 0.0,
            "Precision": 0,
            "Recall": 0.0,
            "F1 Score": 0
        },
        "Article ID: 0907.2959": {
            "Adjacency List": {
                "S0.E1": [],
                "S0.E2": [],
                "S0.E3": [],
                "S0.E4": [],
                "S0.E5": [],
                "S0.E6": []
            },
            "Accuracy": 0.0,
            "Precision": 0,
            "Recall": 0.0,
            "F1 Score": 0
        },
        "Article ID: 0907.2994": {
            "Adjacency List": {
                "S1.E1": [],
                "S1.E2": [],
                "S2.E3": [],
                "S2.E4": [],
                "S2.E5": [],
                "S2.E6": [],
                "S2.E7": [],
                "S3.E8": []
            },
            "Accuracy": 0.0,
            "Precision": 0,
            "Recall": 0.0,
            "F1 Score": 0
        },
        "Article ID: 0907.3017": {
            "Adjacency List": {
                "S2.E1": [],
                "S2.E2": [],
                "S2.E3": [
                    "S2.E4"
                ],
                "S2.E4": [],
                "S2.E5": [],
                "S2.E6": [],
                "S2.E7": [],
                "S2.E8": [],
                "S3.E9": []
            },
            "Accuracy": 0.1,
            "Precision": 1.0,
            "Recall": 0.1,
            "F1 Score": 0.18181818181818182
        },
        "Article ID: 0907.3028": {
            "Adjacency List": {
                "S1.E1": [],
                "S1.E2": [],
                "S1.E3": [],
                "S3.E4": []
            },
            "Accuracy": 0.0,
            "Precision": 0,
            "Recall": 0.0,
            "F1 Score": 0
        },
        "Article ID: 0907.3040": {
            "Adjacency List": {
                "S2.E1": [
                    "S2.E2",
                    "S2.E3",
                    "S2.E4"
                ],
                "S2.E2": [
                    "S2.E3",
                    "S2.E4"
                ],
                "S2.E3": [],
                "S2.E4": [],
                "S2.E5": [],
                "S2.E6": [],
                "S2.E7": [],
                "S2.E8": [],
                "S3.E9": []
            },
            "Accuracy": 0.07692307692307693,
            "Precision": 0.2,
            "Recall": 0.1111111111111111,
            "F1 Score": 0.14285714285714285
        },
        "Article ID: 0907.3145": {
            "Adjacency List": {
                "S2.E1": [
                    "S2.E2",
                    "S4.E5"
                ],
                "S2.E2": [
                    "S2.E4",
                    "S4.E5"
                ],
                "S2.E3": [],
                "S2.E4": [],
                "S4.E5": [],
                "S4.E6": [],
                "S5.E7": [],
                "S5.E8": [],
                "S5.E9": [],
                "S5.E10": [],
                "S5.E11": [],
                "S5.E12": [
                    "S5.E13",
                    "S5.E14"
                ],
                "S5.E13": [
                    "S5.E14"
                ],
                "S5.E14": []
            },
            "Accuracy": 0.08,
            "Precision": 0.2857142857142857,
            "Recall": 0.1,
            "F1 Score": 0.14814814814814817
        },
        "Article ID: 0907.3172": {
            "Adjacency List": {
                "S1.E1": [],
                "S2.E2": [],
                "S2.E3": [],
                "S2.E4": [],
                "S2.E5": [],
                "S2.E6": [],
                "S2.E7": [],
                "S2.E8": [],
                "S3.E9": [],
                "S3.E10": [],
                "S6.E11": [],
                "S6.E12": []
            },
            "Accuracy": 0.0,
            "Precision": 0,
            "Recall": 0.0,
            "F1 Score": 0
        },
        "Article ID: 0907.3206": {
            "Adjacency List": {
                "S0.E1": [],
                "S0.E2": [],
                "S0.E3": [],
                "S0.E4": [
                    "S0.E3"
                ],
                "S0.E5": [],
                "S0.E6": [],
                "S0.E7": [
                    "S0.E6"
                ],
                "S0.E8": [
                    "S0.E6"
                ]
            },
            "Accuracy": 0.09090909090909091,