{
    "Correctness": {
        "Number of articles used": 5,
        "Overall Correctness": {
            "Overall Accuracy": 0.058333333333333334,
            "Overall Precision": 0.08433734939759036,
            "Overall Recall": 0.1590909090909091,
            "Overall F1 Score": 0.11023622047244094
        },
        "Aggregate Correctness Statistics": {
            "Accuracy": {
                "Mean": 0.05566143990989564,
                "Lowest": 0.0,
                "25th Quartile (Q1)": 0.02127659574468085,
                "Median": 0.07692307692307693,
                "75th Quartile (Q3)": 0.08333333333333333,
                "Highest": 0.0967741935483871
            },
            "Precision": {
                "Mean": 0.08374335241342915,
                "Lowest": 0.0,
                "25th Quartile (Q1)": 0.027777777777777776,
                "Median": 0.11764705882352941,
                "75th Quartile (Q3)": 0.13043478260869565,
                "Highest": 0.14285714285714285
            },
            "Recall": {
                "Mean": 0.1442279942279942,
                "Lowest": 0.0,
                "25th Quartile (Q1)": 0.08333333333333333,
                "Median": 0.14285714285714285,
                "75th Quartile (Q3)": 0.2222222222222222,
                "Highest": 0.2727272727272727
            },
            "F1 Score": {
                "Mean": 0.10296811032105149,
                "Lowest": 0.0,
                "25th Quartile (Q1)": 0.041666666666666664,
                "Median": 0.14285714285714285,
                "75th Quartile (Q3)": 0.15384615384615383,
                "Highest": 0.1764705882352941
            }
        }
    },
    "Results": {
        "Article ID: 0907.2648": {
            "Adjacency List": {
                "S0.E1": [],
                "S0.E2": [
                    "S0.E5"
                ],
                "S0.E3": [
                    "S0.E4",
                    "S0.E5"
                ],
                "S0.E4": [
                    "S0.E5",
                    "S0.E6",
                    "S0.E7",
                    "S0.E8"
                ],
                "S0.E5": [
                    "S0.E6",
                    "S0.E7",
                    "S0.E8",
                    "S0.E9"
                ],
                "S0.E6": [
                    "S0.E7",
                    "S0.E8",
                    "S0.E9"
                ],
                "S0.E7": [
                    "S0.E8",
                    "S0.E9"
                ],
                "S0.E8": [
                    "S0.E9"
                ],
                "S0.E9": []
            },
            "Accuracy": 0.08333333333333333,
            "Precision": 0.11764705882352941,
            "Recall": 0.2222222222222222,
            "F1 Score": 0.15384615384615383
        },
        "Article ID: 0907.2720": {
            "Adjacency List": {
                "S2.E1": [],
                "S2.E2": [
                    "S2.E3"
                ],
                "S2.E3": [
                    "S3.E4",
                    "S3.E5",
                    "S3.E6"
                ],
                "S3.E4": [
                    "S3.E5",
                    "S3.E6"
                ],
                "S3.E5": [
                    "S3.E6"
                ],
                "S3.E6": [],
                "S3.E7": []
            },
            "Accuracy": 0.07692307692307693,
            "Precision": 0.14285714285714285,
            "Recall": 0.14285714285714285,
            "F1 Score": 0.14285714285714285
        },
        "Article ID: 0907.2870": {
            "Adjacency List": {
                "S2.E1": [
                    "S2.E2",
                    "S2.E3",
                    "S2.E4"
                ],
                "S2.E2": [
                    "S2.E3",
                    "S2.E4",
                    "S2.E5"
                ],
                "S2.E3": [
                    "S2.E4",
                    "S2.E5",
                    "S2.E6",
                    "S2.E8"
                ],
                "S2.E4": [
                    "S2.E5",
                    "S2.E6",
                    "S2.E7",
                    "S2.E8",
                    "S2.E9"
                ],
                "S2.E5": [
                    "S2.E6",
                    "S2.E7",
                    "S2.E8",
                    "S2.E9",
                    "S2.E10",
                    "S2.E11"
                ],
                "S2.E6": [
                    "S2.E7",
                    "S2.E8",
                    "S2.E9",
                    "S2.E10",
                    "S2.E11"
                ],
                "S2.E7": [
                    "S2.E8",
                    "S2.E9",
                    "S2.E10",
                    "S2.E11"
                ],
                "S2.E8": [
                    "S2.E9",
                    "S2.E10",
                    "S2.E11"
                ],
                "S2.E9": [
                    "S2.E10",
                    "S2.E11"
                ],
                "S2.E10": [
                    "S2.E11"
                ],
                "S2.E11": [],
                "S2.E12": []
            },
            "Accuracy": 0.02127659574468085,
            "Precision": 0.027777777777777776,
            "Recall": 0.08333333333333333,
            "F1 Score": 0.041666666666666664
        },
        "Article ID: 0907.2872": {
            "Adjacency List": {
                "S0.E1": [
                    "S0.E2"
                ],
                "S0.E2": [
                    "S0.E4",
                    "S0.E6"
                ],
                "S0.E3": [
                    "S0.E4",
                    "S0.E5",
                    "S0.E6",
                    "S0.E8"
                ],
                "S0.E4": [
                    "S0.E5",
                    "S0.E6",
                    "S0.E7",
                    "S0.E8",
                    "S0.E9"
                ],
                "S0.E5": [
                    "S0.E6",
                    "S0.E7",
                    "S0.E8",
                    "S0.E9"
                ],
                "S0.E6": [
                    "S0.E7",
                    "S0.E8",
                    "S0.E9",
                    "S0.E10"
                ],
                "S0.E7": [
                    "S0.E8",
                    "S0.E9"
                ],
                "S0.E8": [
                    "S0.E9"
                ],
                "S0.E9": [],
                "S0.E10": [],
                "S0.E11": []
            },
            "Accuracy": 0.0967741935483871,
            "Precision": 0.13043478260869565,
            "Recall": 0.2727272727272727,
            "F1 Score": 0.1764705882352941
        },
        "Article ID: 0907.2959": {
            "Adjacency List": {
                "S0.E1": [],
                "S0.E2": [],
                "S0.E3": [],
                "S0.E4": [],
                "S0.E5": []
            },
            "Accuracy": 0.0,
            "Precision": 0,
            "Recall": 0.0,
            "F1 Score": 0
        }
    },