{
    "Correctness": {
        "Number of articles used": 5,
        "Overall Correctness": {
            "Overall Accuracy": 0.13924050632911392,
            "Overall Precision": 0.171875,
            "Overall Recall": 0.4230769230769231,
            "Overall F1 Score": 0.24444444444444444
        },
        "Aggregate Correctness Statistics": {
            "Accuracy": {
                "Mean": 0.1617911017811492,
                "Lowest": 0.06666666666666667,
                "25th Quartile (Q1)": 0.0967741935483871,
                "Median": 0.11842105263157894,
                "75th Quartile (Q3)": 0.2413793103448276,
                "Highest": 0.2857142857142857
            },
            "Precision": {
                "Mean": 0.26567348678601876,
                "Lowest": 0.1,
                "25th Quartile (Q1)": 0.125,
                "Median": 0.1323529411764706,
                "75th Quartile (Q3)": 0.30434782608695654,
                "Highest": 0.6666666666666666
            },
            "Recall": {
                "Mean": 0.37357466063348416,
                "Lowest": 0.16666666666666666,
                "25th Quartile (Q1)": 0.3,
                "Median": 0.3333333333333333,
                "75th Quartile (Q3)": 0.5294117647058824,
                "Highest": 0.5384615384615384
            },
            "F1 Score": {
                "Mean": 0.2693137254901961,
                "Lowest": 0.125,
                "25th Quartile (Q1)": 0.17647058823529413,
                "Median": 0.21176470588235297,
                "75th Quartile (Q3)": 0.3888888888888889,
                "Highest": 0.4444444444444444
            }
        }
    },
    "Results": {
        "Article ID: 0907.2648": {
            "Adjacency List": {
                "S0.E1": [
                    "S0.E3"
                ],
                "S0.E2": [
                    "S0.E3",
                    "S0.E4",
                    "S0.E5"
                ],
                "S0.E3": [
                    "S0.E4",
                    "S0.E5",
                    "S0.E6",
                    "S0.E7"
                ],
                "S0.E4": [
                    "S0.E5",
                    "S0.E6",
                    "S0.E7",
                    "S0.E8",
                    "S0.E9"
                ],
                "S0.E5": [
                    "S0.E6",
                    "S0.E7",
                    "S0.E8",
                    "S0.E9"
                ],
                "S0.E6": [
                    "S0.E7",
                    "S0.E8",
                    "S0.E9"
                ],
                "S0.E7": [
                    "S0.E8",
                    "S0.E9"
                ],
                "S0.E8": [
                    "S0.E9"
                ],
                "S0.E9": [],
                "S0.E10": []
            },
            "Accuracy": 0.2413793103448276,
            "Precision": 0.30434782608695654,
            "Recall": 0.5384615384615384,
            "F1 Score": 0.3888888888888889
        },
        "Article ID: 0907.2720": {
            "Adjacency List": {
                "S0.E1": [
                    "S0.E2",
                    "S0.E3",
                    "S0.E5",
                    "S0.E7"
                ],
                "S0.E2": [
                    "S0.E3",
                    "S0.E5",
                    "S0.E7"
                ],
                "S0.E3": [
                    "S0.E4",
                    "S0.E5",
                    "S0.E6",
                    "S0.E7"
                ],
                "S0.E4": [
                    "S0.E5",
                    "S0.E6",
                    "S0.E7"
                ],
                "S0.E5": [
                    "S0.E6",
                    "S0.E8",
                    "S0.E9"
                ],
                "S0.E6": [
                    "S0.E8",
                    "S0.E9"
                ],
                "S0.E7": [
                    "S0.E5",
                    "S0.E6",
                    "S0.E8",
                    "S0.E9"
                ],
                "S0.E8": [
                    "S0.E9"
                ],
                "S0.E9": []
            },
            "Accuracy": 0.0967741935483871,
            "Precision": 0.125,
            "Recall": 0.3,
            "F1 Score": 0.17647058823529413
        },
        "Article ID: 0907.2870": {
            "Adjacency List": {
                "S2.E1": [],
                "S2.E2": [
                    "S2.E1",
                    "S2.E5"
                ],
                "S2.E3": [
                    "S2.E1",
                    "S2.E2",
                    "S2.E5"
                ],
                "S2.E4": [
                    "S2.E1",
                    "S2.E2",
                    "S2.E3"
                ],
                "S2.E5": [
                    "S2.E1",
                    "S2.E4"
                ],
                "S2.E6": []
            },
            "Accuracy": 0.06666666666666667,
            "Precision": 0.1,
            "Recall": 0.16666666666666666,
            "F1 Score": 0.125
        },
        "Article ID: 0907.2872": {
            "Adjacency List": {
                "S0.E1": [],
                "S0.E2": [],
                "S0.E3": [
                    "S0.E4",
                    "S0.E5"
                ],
                "S0.E4": [],
                "S0.E5": [
                    "S0.E4"
                ],
                "S0.E6": []
            },
            "Accuracy": 0.2857142857142857,
            "Precision": 0.6666666666666666,
            "Recall": 0.3333333333333333,
            "F1 Score": 0.4444444444444444
        },
        "Article ID: 0907.2959": {
            "Adjacency List": {
                "S2.E1": [
                    "S3.E6"
                ],
                "S2.E2": [
                    "S2.E1",
                    "S3.E8",
                    "S3.E9"
                ],
                "S2.E3": [
                    "S2.E1",
                    "S2.E2",
                    "S3.E6",
                    "S3.E8",
                    "S3.E9"
                ],
                "S2.E4": [
                    "S2.E1",
                    "S2.E2",
                    "S2.E3",
                    "S3.E6",
                    "S3.E8",
                    "S3.E9"
                ],
                "S2.E5": [
                    "S2.E1",
                    "S2.E2",
                    "S2.E3",
                    "S2.E4",
                    "S3.E6",
                    "S3.E8",
                    "S3.E9"
                ],
                "S3.E6": [
                    "S2.E2",
                    "S3.E8",
                    "S3.E9",
                    "S3.E10"
                ],
                "S3.E7": [
                    "S2.E1",
                    "S2.E2",
                    "S2.E3",
                    "S2.E4",
                    "S2.E5",
                    "S3.E6",
                    "S3.E8",
                    "S3.E12",
                    "S3.E16"
                ],
                "S3.E8": [
                    "S3.E9",
                    "S3.E10",
                    "S3.E11",
                    "S3.E12",
                    "S3.E14",
                    "S3.E16"
                ],
                "S3.E9": [
                    "S3.E7",
                    "S3.E10",
                    "S3.E11",
                    "S3.E12",
                    "S3.E13",
                    "S3.E14",
                    "S3.E16"
                ],
                "S3.E10": [
                    "S2.E4",
                    "S3.E7",
                    "S3.E12",
                    "S3.E16"
                ],
                "S3.E11": [
                    "S3.E7",
                    "S3.E10",
                    "S3.E12",
                    "S3.E13",
                    "S3.E14",
                    "S3.E16"
                ],