{
    "Correctness": {
        "Number of articles used": 10,
        "Overall Correctness": {
            "Overall Accuracy": 0.8748906386701663,
            "Overall Precision": 0.308411214953271,
            "Overall Recall": 0.3235294117647059,
            "Overall F1 Score": 0.3157894736842105
        },
        "Aggregate Correctness Statistics": {
            "Accuracy": {
                "Mean": 0.8626003881176295,
                "Lowest": 0.7931034482758621,
                "25th Quartile (Q1)": 0.8357142857142857,
                "Median": 0.8706709956709957,
                "75th Quartile (Q3)": 0.8949134199134199,
                "Highest": 0.9166666666666666
            },
            "Precision": {
                "Mean": 0.3234307359307359,
                "Lowest": 0.09090909090909091,
                "25th Quartile (Q1)": 0.25,
                "Median": 0.30952380952380953,
                "75th Quartile (Q3)": 0.37215909090909094,
                "Highest": 0.5714285714285714
            },
            "Recall": {
                "Mean": 0.33690476190476193,
                "Lowest": 0.09090909090909091,
                "25th Quartile (Q1)": 0.25416666666666665,
                "Median": 0.3333333333333333,
                "75th Quartile (Q3)": 0.39090909090909093,
                "Highest": 0.5714285714285714
            },
            "F1 Score": {
                "Mean": 0.32818277571562693,
                "Lowest": 0.09090909090909091,
                "25th Quartile (Q1)": 0.2564655172413793,
                "Median": 0.3205128205128205,
                "75th Quartile (Q3)": 0.3609625668449198,
                "Highest": 0.5714285714285714
            }
        }
    },
    "Results": {
        "Article ID: 0907.2648": {
            "Adjacency List": {
                "S0.E1": [
                    "S0.E2",
                    "S0.E3"
                ],
                "S0.E2": [
                    "S0.E3"
                ],
                "S0.E3": [
                    null
                ],
                "S0.E4": [
                    null
                ],
                "S0.E5": [
                    "S0.E6",
                    "S0.E7",
                    "S0.E8",
                    "S0.E9"
                ],
                "S0.E6": [
                    "S0.E7",
                    "S0.E8",
                    "S0.E9"
                ],
                "S0.E7": [
                    "S0.E8",
                    "S0.E9"
                ],
                "S0.E8": [
                    "S0.E9"
                ],
                "S0.E9": [
                    null
                ]
            },
            "Accuracy": 0.7931034482758621,
            "Precision": 0.25,
            "Recall": 0.4,
            "F1 Score": 0.3076923076923077
        },
        "Article ID: 0907.2720": {
            "Adjacency List": {
                "S2.E1": [
                    null
                ],
                "S2.E2": [
                    null
                ],
                "S2.E3": [
                    null
                ],
                "S2.E4": [
                    null
                ],
                "S2.E5": [
                    null
                ],
                "S3.E6": [
                    null
                ],
                "S3.E7": [
                    null
                ],
                "S3.E8": [
                    null
                ],
                "S3.E9": [
                    null
                ],
                "S3.E10": [
                    null
                ],
                "S3.E11": [
                    null
                ],
                "S3.E12": [
                    null
                ],
                "S3.E13": [
                    null
                ],
                "S4.E14": [
                    null
                ]
            },
            "Accuracy": 0.8952380952380953,
            "Precision": 0.21428571428571427,
            "Recall": 0.21428571428571427,
            "F1 Score": 0.21428571428571427
        },
        "Article ID: 0907.2870": {
            "Adjacency List": {
                "S2.E1": [
                    null
                ],
                "S2.E2": [
                    null
                ],
                "S2.E3": [
                    null
                ],
                "S3.E4": [
                    null
                ],
                "S3.E5": [
                    null
                ],
                "S3.E6": [
                    null
                ],
                "S3.E7": [
                    null
                ]
            },
            "Accuracy": 0.8928571428571429,
            "Precision": 0.5714285714285714,
            "Recall": 0.5714285714285714,
            "F1 Score": 0.5714285714285714
        },
        "Article ID: 0907.2872": {
            "Adjacency List": {
                "S2.E1": [
                    null
                ],
                "S2.E2": [
                    null
                ],
                "S2.E3": [
                    null
                ],
                "S2.E4": [
                    null
                ],
                "S2.E5": [
                    null
                ],
                "S2.E6": [
                    null
                ]
            },
            "Accuracy": 0.8095238095238095,
            "Precision": 0.3333333333333333,
            "Recall": 0.3333333333333333,
            "F1 Score": 0.3333333333333333
        },
        "Article ID: 0907.2959": {
            "Adjacency List": {
                "S1.E1": [
                    null
                ],
                "S1.E2": [
                    null
                ],
                "S2.E3": [
                    null
                ],
                "S2.E4": [
                    null
                ],
                "S2.E5": [
                    null
                ],
                "S2.E6": [
                    null
                ],
                "S2.E7": [
                    null
                ],
                "S3.E8": [
                    null
                ]
            },
            "Accuracy": 0.8333333333333334,
            "Precision": 0.25,
            "Recall": 0.25,
            "F1 Score": 0.25
        },
        "Article ID: 0907.2994": {
            "Adjacency List": {
                "S0.E1": [
                    null
                ],
                "S0.E2": [
                    null
                ],
                "S0.E3": [
                    null
                ],
                "S0.E4": [
                    null
                ],
                "S0.E5": [
                    null
                ],
                "S0.E6": [
                    null
                ],
                "S0.E7": [
                    null
                ],
                "S0.E8": [
                    null
                ],
                "S0.E9": [
                    null
                ],
                "S0.E10": [
                    null
                ],
                "S0.E11": [
                    null
                ],
                "S0.E12": [
                    null
                ],
                "S0.E13": [
                    null
                ],
                "S0.E14": [
                    null
                ]
            },
            "Accuracy": 0.9,
            "Precision": 0.2857142857142857,
            "Recall": 0.26666666666666666,
            "F1 Score": 0.2758620689655172
        },
        "Article ID: 0907.3017": {
            "Adjacency List": {
                "S2.E1": [
                    "S2.E2",
                    "S2.E3"
                ],
                "S2.E2": [
                    "S2.E3"
                ],
                "S2.E3": [
                    null
                ],
                "S3.E4": [
                    null
                ],