{
    "Correctness": {
        "Number of articles used": 5,
        "Overall Correctness": {
            "Overall Accuracy": 0.07281553398058252,
            "Overall Precision": 0.0967741935483871,
            "Overall Recall": 0.22727272727272727,
            "Overall F1 Score": 0.13574660633484162
        },
        "Aggregate Correctness Statistics": {
            "Accuracy": {
                "Mean": 0.08315491571305525,
                "Lowest": 0.0,
                "25th Quartile (Q1)": 0.037037037037037035,
                "Median": 0.07142857142857142,
                "75th Quartile (Q3)": 0.09302325581395349,
                "Highest": 0.21428571428571427
            },
            "Precision": {
                "Mean": 0.1068337769890565,
                "Lowest": 0.0,
                "25th Quartile (Q1)": 0.06666666666666667,
                "Median": 0.08163265306122448,
                "75th Quartile (Q3)": 0.125,
                "Highest": 0.2608695652173913
            },
            "Recall": {
                "Mean": 0.25053613053613055,
                "Lowest": 0.0,
                "25th Quartile (Q1)": 0.07692307692307693,
                "Median": 0.26666666666666666,
                "75th Quartile (Q3)": 0.36363636363636365,
                "Highest": 0.5454545454545454
            },
            "F1 Score": {
                "Mean": 0.14558316943798794,
                "Lowest": 0.0,
                "25th Quartile (Q1)": 0.07142857142857144,
                "Median": 0.13333333333333333,
                "75th Quartile (Q3)": 0.1702127659574468,
                "Highest": 0.3529411764705882
            }
        }
    },
    "Results": {
        "Article ID: 0907.2648": {
            "Adjacency List": {
                "S2.E1": [],
                "S2.E2": [
                    "S2.E1",
                    "S3.E9"
                ],
                "S2.E3": [],
                "S3.E4": [
                    "S2.E2"
                ],
                "S3.E5": [
                    "S2.E2",
                    "S3.E4",
                    "S3.E9"
                ],
                "S3.E6": [
                    "S3.E9"
                ],
                "S3.E7": [
                    "S3.E8",
                    "S3.E9",
                    "S3.E10",
                    "S3.E11",
                    "S3.E12",
                    "S3.E13"
                ],
                "S3.E8": [
                    "S3.E9",
                    "S3.E10",
                    "S3.E11",
                    "S3.E13"
                ],
                "S3.E9": [
                    "S3.E10",
                    "S3.E11",
                    "S3.E12",
                    "S3.E13",
                    "S3.E14"
                ],
                "S3.E10": [
                    "S3.E11",
                    "S3.E12",
                    "S3.E13",
                    "S3.E14"
                ],
                "S3.E11": [
                    "S3.E12",
                    "S3.E13",
                    "S3.E14"
                ],
                "S3.E12": [
                    "S3.E13",
                    "S3.E14"
                ],
                "S3.E13": [
                    "S3.E14"
                ],
                "S3.E14": []
            },
            "Accuracy": 0.09302325581395349,
            "Precision": 0.125,
            "Recall": 0.26666666666666666,
            "F1 Score": 0.1702127659574468
        },
        "Article ID: 0907.2720": {
            "Adjacency List": {
                "S2.E1": [],
                "S2.E2": [
                    "S2.E1",
                    "S3.E8",
                    "S3.E9"
                ],
                "S2.E3": [
                    "S2.E1",
                    "S2.E2",
                    "S3.E8",
                    "S3.E9"
                ],
                "S2.E4": [
                    "S2.E1",
                    "S2.E2",
                    "S2.E3",
                    "S3.E6",
                    "S3.E8",
                    "S3.E9",
                    "S3.E10"
                ],
                "S3.E5": [
                    "S2.E1",
                    "S2.E2",
                    "S2.E3",
                    "S2.E4"
                ],
                "S3.E6": [
                    "S2.E1",
                    "S2.E2",
                    "S2.E3",
                    "S3.E5",
                    "S3.E8",
                    "S3.E9",
                    "S3.E10"
                ],
                "S3.E7": [
                    "S2.E1",
                    "S2.E2",
                    "S2.E3",
                    "S2.E4",
                    "S3.E5",
                    "S3.E6",
                    "S3.E8",
                    "S3.E9"
                ],
                "S3.E8": [
                    "S3.E5",
                    "S3.E9",
                    "S3.E10"
                ],
                "S3.E9": [
                    "S3.E5",
                    "S3.E10"
                ],
                "S3.E10": [
                    "S2.E1",
                    "S2.E2",
                    "S2.E3",
                    "S3.E5",
                    "S3.E7"
                ],
                "S3.E11": [
                    "S2.E3",
                    "S2.E4",
                    "S3.E5",
                    "S3.E6",
                    "S3.E7",
                    "S3.E10"
                ]
            },
            "Accuracy": 0.07142857142857142,
            "Precision": 0.08163265306122448,
            "Recall": 0.36363636363636365,
            "F1 Score": 0.13333333333333333
        },
        "Article ID: 0907.2870": {
            "Adjacency List": {
                "S1.E1": [
                    "S2.E2",
                    "S2.E3"
                ],
                "S2.E2": [
                    "S2.E4",
                    "S2.E5"
                ],
                "S2.E3": [
                    "S2.E2",
                    "S2.E6",
                    "S2.E7"
                ],
                "S2.E4": [
                    "S2.E3",
                    "S2.E5",
                    "S2.E6",
                    "S2.E7"
                ],
                "S2.E5": [
                    "S2.E3",
                    "S2.E6",
                    "S2.E7"
                ],
                "S2.E6": [],
                "S2.E7": [],
                "S2.E8": [],
                "S3.E9": [
                    "S3.E10"
                ],
                "S3.E10": [],
                "S6.E11": [],
                "S6.E12": []
            },
            "Accuracy": 0.037037037037037035,
            "Precision": 0.06666666666666667,
            "Recall": 0.07692307692307693,
            "F1 Score": 0.07142857142857144
        },
        "Article ID: 0907.2872": {
            "Adjacency List": {
                "S2.E1": [
                    "S2.E4",
                    "S2.E6"
                ],
                "S2.E2": [
                    "S2.E1",
                    "S2.E4",
                    "S2.E6"
                ],
                "S2.E3": [
                    "S2.E1",
                    "S2.E2",
                    "S2.E4",
                    "S2.E8"
                ],
                "S2.E4": [
                    "S2.E6",
                    "S2.E8",
                    "S2.E9",
                    "S3.E10"
                ],
                "S2.E5": [
                    "S2.E1",
                    "S2.E2",
                    "S2.E3",
                    "S2.E4"
                ],
                "S2.E6": [
                    "S2.E3",
                    "S2.E5",
                    "S2.E8",
                    "S2.E9",
                    "S3.E10"
                ],