{
    "Correctness": {
        "Number of articles used": 10,
        "Overall Correctness": {
            "Overall Accuracy": 0.039735099337748346,
            "Overall Precision": 0.14285714285714285,
            "Overall Recall": 0.05217391304347826,
            "Overall F1 Score": 0.07643312101910828
        },
        "Aggregate Correctness Statistics": {
            "Accuracy": {
                "Mean": 0.036693163751987286,
                "Lowest": 0.0,
                "25th Quartile (Q1)": 0.0,
                "Median": 0.0,
                "75th Quartile (Q3)": 0.044117647058823525,
                "Highest": 0.2
            },
            "Precision": {
                "Mean": 0.14871794871794872,
                "Lowest": 0.0,
                "25th Quartile (Q1)": 0.0,
                "Median": 0.0,
                "75th Quartile (Q3)": 0.11538461538461539,
                "Highest": 1.0
            },
            "Recall": {
                "Mean": 0.05333333333333333,
                "Lowest": 0.0,
                "25th Quartile (Q1)": 0.0,
                "Median": 0.0,
                "75th Quartile (Q3)": 0.05,
                "Highest": 0.26666666666666666
            },
            "F1 Score": {
                "Mean": 0.06395663956639566,
                "Lowest": 0.0,
                "25th Quartile (Q1)": 0.0,
                "Median": 0.0,
                "75th Quartile (Q3)": 0.08333333333333333,
                "Highest": 0.33333333333333337
            }
        }
    },
    "Results": {
        "Article ID: 0907.2648": {
            "Adjacency List": {
                "S0.E1": [],
                "S0.E2": [],
                "S0.E3": [],
                "S0.E4": [],
                "S0.E5": [],
                "S0.E6": [],
                "S0.E7": [],
                "S0.E8": [],
                "S0.E9": [],
                "S0.E10": []
            },
            "Accuracy": 0.0,
            "Precision": 0,
            "Recall": 0.0,
            "F1 Score": 0
        },
        "Article ID: 0907.2720": {
            "Adjacency List": {
                "S0.E1": [],
                "S0.E2": [],
                "S0.E3": [],
                "S0.E4": [],
                "S0.E5": [],
                "S0.E6": [],
                "S0.E7": [],
                "S0.E8": [],
                "S0.E9": []
            },
            "Accuracy": 0.0,
            "Precision": 0,
            "Recall": 0.0,
            "F1 Score": 0
        },
        "Article ID: 0907.2870": {
            "Adjacency List": {
                "S2.E1": [],
                "S2.E2": [],
                "S2.E3": [],
                "S2.E4": [],
                "S2.E5": [],
                "S2.E6": [],
                "S2.E7": [],
                "S2.E8": [],
                "S2.E9": [],
                "S2.E10": [],
                "S3.E11": [
                    "S3.E14"
                ],
                "S3.E12": [
                    "S3.E14"
                ],
                "S3.E13": [
                    "S3.E14"
                ],
                "S3.E14": []
            },
            "Accuracy": 0.0,
            "Precision": 0.0,
            "Recall": 0.0,
            "F1 Score": 0
        },
        "Article ID: 0907.2872": {
            "Adjacency List": {
                "S2.E1": [
                    "S2.E2",
                    "S2.E3"
                ],
                "S2.E2": [
                    "S2.E3"
                ],
                "S2.E3": [],
                "S2.E4": [],
                "S2.E5": [],
                "S2.E6": [],
                "S2.E7": [],
                "S2.E8": [],
                "S2.E9": [],
                "S2.E10": [],
                "S2.E11": [],
                "S2.E12": []
            },
            "Accuracy": 0.058823529411764705,
            "Precision": 0.3333333333333333,
            "Recall": 0.06666666666666667,
            "F1 Score": 0.1111111111111111
        },
        "Article ID: 0907.2959": {
            "Adjacency List": {
                "S2.E1": [],
                "S2.E2": [],
                "S2.E3": [
                    "S2.E5"
                ],
                "S2.E4": [
                    "S2.E5"
                ],
                "S2.E5": []
            },
            "Accuracy": 0.0,
            "Precision": 0.0,
            "Recall": 0.0,
            "F1 Score": 0
        },
        "Article ID: 0907.2994": {
            "Adjacency List": {
                "S2.E1": [],
                "S2.E2": [],
                "S2.E3": [],
                "S3.E4": [
                    "S4.E6"
                ],
                "S3.E5": [
                    "S4.E6"
                ],
                "S4.E6": [
                    "S4.E8"
                ],
                "S4.E7": [],
                "S4.E8": [],
                "S4.E9": [],
                "S4.E10": []
            },
            "Accuracy": 0.0,
            "Precision": 0.0,
            "Recall": 0.0,
            "F1 Score": 0
        },
        "Article ID: 0907.3017": {
            "Adjacency List": {
                "S4.E1": [],
                "S4.E2": [
                    "S4.E3",
                    "S5.E4"
                ],
                "S4.E3": [
                    "S5.E4"
                ],
                "S5.E4": [],
                "S5.E5": [],
                "S5.E6": [],
                "S5.E7": [],
                "S6.E8": [],
                "S6.E9": [],
                "S6.E10": [],
                "S6.E11": [],
                "S6.E12": [],
                "S6.E13": [],
                "S6.E14": []
            },
            "Accuracy": 0.0,
            "Precision": 0.0,
            "Recall": 0.0,
            "F1 Score": 0
        },
        "Article ID: 0907.3028": {
            "Adjacency List": {
                "S1.E1": [],
                "S4.E2": [],
                "S4.E3": [],
                "S4.E4": [],
                "S4.E5": [],
                "S4.E6": [],
                "S4.E7": [],
                "S4.E8": [],
                "S4.E9": [],
                "S5.E10": [
                    "S5.E12"
                ],
                "S5.E11": [],
                "S5.E12": []
            },
            "Accuracy": 0.0,
            "Precision": 0.0,
            "Recall": 0.0,
            "F1 Score": 0
        },
        "Article ID: 0907.3040": {
            "Adjacency List": {
                "S1.E1": [],
                "S1.E2": [],
                "S1.E3": [],
                "S1.E4": [
                    "S2.E10"
                ],
                "S1.E5": [
                    "S2.E10"
                ],
                "S2.E6": [
                    "S2.E7",
                    "S2.E8",
                    "S2.E9",
                    "S2.E10",
                    "S2.E11",
                    "S2.E12",
                    "S2.E13",
                    "S2.E14"
                ],
                "S2.E7": [
                    "S2.E8",
                    "S2.E9",
                    "S2.E10",
                    "S2.E11",
                    "S2.E12",
                    "S2.E13"
                ],
                "S2.E8": [
                    "S2.E9",
                    "S2.E10",
                    "S2.E11",
                    "S2.E12",
                    "S2.E13",
                    "S2.E14"
                ],
                "S2.E9": [
                    "S2.E10",
                    "S2.E11",
                    "S2.E13"
                ],
                "S2.E10": [
                    "S2.E11"
                ],
                "S2.E11": [],
                "S2.E12": [],
                "S2.E13": [],
                "S2.E14": [],
                "S2.E15": []
            },
            "Accuracy": 0.10810810810810811,
            "Precision": 0.15384615384615385,
            "Recall": 0.26666666666666666,
            "F1 Score": 0.1951219512195122
        },