{
    "Correctness": {
        "Number of articles used": 15,
        "Overall Correctness": {
            "Overall Accuracy": 0.9067285382830627,
            "Overall Precision": 0.4425287356321839,
            "Overall Recall": 0.425414364640884,
            "Overall F1 Score": 0.43380281690140843
        },
        "Aggregate Correctness Statistics": {
            "Accuracy": {
                "Mean": 0.8668215827625209,
                "Lowest": 0.6296296296296297,
                "25th Quartile (Q1)": 0.863967497898571,
                "Median": 0.8939393939393939,
                "75th Quartile (Q3)": 0.9085203499429441,
                "Highest": 0.9666666666666667
            },
            "Precision": {
                "Mean": 0.4173286898286898,
                "Lowest": 0.0,
                "25th Quartile (Q1)": 0.26785714285714285,
                "Median": 0.4375,
                "75th Quartile (Q3)": 0.5346320346320346,
                "Highest": 0.8888888888888888
            },
            "Recall": {
                "Mean": 0.4065029850323968,
                "Lowest": 0.0,
                "25th Quartile (Q1)": 0.26969696969696966,
                "Median": 0.375,
                "75th Quartile (Q3)": 0.5,
                "Highest": 0.8
            },
            "F1 Score": {
                "Mean": 0.40671658116031983,
                "Lowest": 0.0,
                "25th Quartile (Q1)": 0.26293103448275856,
                "Median": 0.42857142857142855,
                "75th Quartile (Q3)": 0.5227272727272727,
                "Highest": 0.8421052631578948
            }
        }
    },
    "Results": {
        "Article ID: 0907.2648": {
            "Adjacency List": {
                "S0.E1": [
                    "S0.E2",
                    "S0.E3"
                ],
                "S0.E2": [
                    "S0.E3"
                ],
                "S0.E3": [
                    null
                ],
                "S0.E4": [
                    null
                ],
                "S0.E5": [
                    "S0.E6"
                ],
                "S0.E6": [
                    null
                ],
                "S0.E7": [
                    null
                ],
                "S0.E8": [
                    null
                ],
                "S0.E9": [
                    null
                ]
            },
            "Accuracy": 0.8863636363636364,
            "Precision": 0.5,
            "Recall": 0.5,
            "F1 Score": 0.5
        },
        "Article ID: 0907.2720": {
            "Adjacency List": {
                "S1.E1": [
                    null
                ],
                "S1.E2": [
                    null
                ],
                "S2.E3": [
                    null
                ],
                "S2.E4": [
                    null
                ],
                "S2.E5": [
                    null
                ],
                "S3.E6": [
                    null
                ],
                "S3.E7": [
                    null
                ],
                "S3.E8": [
                    null
                ],
                "S3.E9": [
                    null
                ],
                "S3.E10": [
                    null
                ]
            },
            "Accuracy": 0.9090909090909091,
            "Precision": 0.6,
            "Recall": 0.5,
            "F1 Score": 0.5454545454545454
        },
        "Article ID: 0907.2870": {
            "Adjacency List": {
                "S2.E1": [
                    null
                ],
                "S2.E2": [
                    null
                ],
                "S2.E3": [
                    null
                ],
                "S2.E4": [
                    null
                ],
                "S2.E5": [
                    null
                ],
                "S3.E6": [
                    null
                ],
                "S3.E7": [
                    null
                ],
                "S3.E8": [
                    null
                ],
                "S3.E9": [
                    null
                ],
                "S3.E10": [
                    null
                ],
                "S4.E11": [
                    null
                ]
            },
            "Accuracy": 0.8939393939393939,
            "Precision": 0.36363636363636365,
            "Recall": 0.36363636363636365,
            "F1 Score": 0.36363636363636365
        },
        "Article ID: 0907.2872": {
            "Adjacency List": {
                "S2.E1": [
                    "S2.E2",
                    "S2.E3"
                ],
                "S2.E2": [
                    "S2.E3"
                ],
                "S2.E3": [
                    null
                ],
                "S2.E4": [
                    null
                ],
                "S2.E5": [
                    null
                ],
                "S2.E6": [
                    null
                ],
                "S2.E7": [
                    null
                ],
                "S2.E8": [
                    null
                ],
                "S2.E9": [
                    null
                ],
                "S2.E10": [
                    null
                ],
                "S2.E11": [
                    null
                ],
                "S2.E12": [
                    null
                ]
            },
            "Accuracy": 0.8961038961038961,
            "Precision": 0.46153846153846156,
            "Recall": 0.4,
            "F1 Score": 0.42857142857142855
        },
        "Article ID: 0907.2959": {
            "Adjacency List": {
                "S2.E1": [
                    "S2.E3",
                    "S2.E4"
                ],
                "S2.E2": [
                    "S2.E4"
                ],
                "S2.E3": [
                    "S2.E4",
                    "S3.E5"
                ],
                "S2.E4": [
                    "S3.E5"
                ],
                "S3.E5": [
                    null
                ],
                "S3.E6": [
                    null
                ],
                "S3.E7": [
                    null
                ],
                "S3.E8": [
                    null
                ],
                "S3.E9": [
                    null
                ],
                "S3.E10": [
                    null
                ],
                "S3.E11": [
                    null
                ]
            },
            "Accuracy": 0.8604651162790697,
            "Precision": 0.23076923076923078,
            "Recall": 0.2727272727272727,
            "F1 Score": 0.24999999999999994
        },
        "Article ID: 0907.2994": {
            "Adjacency List": {
                "S1.E1": [
                    "S2.E5"
                ],
                "S2.E2": [
                    "S2.E5"
                ],
                "S2.E3": [
                    "S2.E5"
                ],
                "S2.E4": [
                    "S2.E5"
                ],
                "S2.E5": [
                    null
                ]
            },
            "Accuracy": 0.6296296296296297,
            "Precision": 0.0,
            "Recall": 0.0,
            "F1 Score": 0
        },
        "Article ID: 0907.3017": {
            "Adjacency List": {
                "S4.E1": [
                    null
                ],
                "S4.E2": [
                    null
                ],
                "S4.E3": [
                    null
                ],
                "S5.E4": [
                    null
                ],
                "S5.E5": [
                    null
                ],
                "S5.E6": [
                    null
                ],
                "S5.E7": [
                    null
                ],