{
    "Correctness": {
        "Number of articles used": 15,
        "Overall Correctness": {
            "Overall Accuracy": 0.1037463976945245,
            "Overall Precision": 0.15319148936170213,
            "Overall Recall": 0.24324324324324326,
            "Overall F1 Score": 0.18798955613577026
        },
        "Aggregate Correctness Statistics": {
            "Accuracy": {
                "Mean": 0.08662067707076893,
                "Lowest": 0.0,
                "25th Quartile (Q1)": 0.0,
                "Median": 0.07142857142857142,
                "75th Quartile (Q3)": 0.1386043533930858,
                "Highest": 0.24242424242424243
            },
            "Precision": {
                "Mean": 0.13418203660139144,
                "Lowest": 0.0,
                "25th Quartile (Q1)": 0.0,
                "Median": 0.125,
                "75th Quartile (Q3)": 0.2153846153846154,
                "Highest": 0.3333333333333333
            },
            "Recall": {
                "Mean": 0.1939392599144921,
                "Lowest": 0.0,
                "25th Quartile (Q1)": 0.0,
                "Median": 0.17647058823529413,
                "75th Quartile (Q3)": 0.3125,
                "Highest": 0.5263157894736842
            },
            "F1 Score": {
                "Mean": 0.150244616517135,
                "Lowest": 0.0,
                "25th Quartile (Q1)": 0.0,
                "Median": 0.13333333333333333,
                "75th Quartile (Q3)": 0.2434567901234568,
                "Highest": 0.39024390243902435
            }
        }
    },
    "Results": {
        "Article ID: 0907.2648": {
            "Adjacency List": {
                "S0.E1": [
                    "S0.E2",
                    "S0.E3",
                    "S0.E4",
                    "S0.E7"
                ],
                "S0.E2": [
                    "S0.E7"
                ],
                "S0.E3": [
                    "S0.E2",
                    "S0.E4",
                    "S0.E5",
                    "S0.E6",
                    "S0.E7",
                    "S0.E8"
                ],
                "S0.E4": [
                    "S0.E2",
                    "S0.E5",
                    "S0.E6",
                    "S0.E7",
                    "S0.E8"
                ],
                "S0.E5": [
                    "S0.E6",
                    "S0.E7",
                    "S0.E8"
                ],
                "S0.E6": [
                    "S0.E7",
                    "S0.E8"
                ],
                "S0.E7": [
                    "S0.E8",
                    "S0.E9",
                    "S0.E10",
                    "S0.E11",
                    "S0.E12"
                ],
                "S0.E8": [
                    "S0.E9",
                    "S0.E10",
                    "S0.E11",
                    "S0.E12"
                ],
                "S0.E9": [
                    "S0.E10",
                    "S0.E11",
                    "S0.E12"
                ],
                "S0.E10": [
                    "S0.E11",
                    "S0.E12",
                    "S0.E13"
                ],
                "S0.E11": [
                    "S0.E12",
                    "S0.E13",
                    "S0.E14"
                ],
                "S0.E12": [
                    "S0.E13",
                    "S0.E14"
                ],
                "S0.E13": [
                    "S0.E14"
                ],
                "S0.E14": [],
                "S0.E15": [],
                "S0.E16": [],
                "S0.E17": []
            },
            "Accuracy": 0.05357142857142857,
            "Precision": 0.07142857142857142,
            "Recall": 0.17647058823529413,
            "F1 Score": 0.10169491525423728
        },
        "Article ID: 0907.2720": {
            "Adjacency List": {
                "S4.E1": [
                    "S4.E7"
                ],
                "S4.E2": [
                    "S4.E7"
                ],
                "S4.E3": [
                    "S4.E4",
                    "S4.E5",
                    "S4.E6",
                    "S4.E7",
                    "S4.E8",
                    "S4.E9",
                    "S5.E14"
                ],
                "S4.E4": [
                    "S4.E5",
                    "S4.E6",
                    "S4.E7",
                    "S4.E8",
                    "S4.E9",
                    "S4.E10",
                    "S5.E14"
                ],
                "S4.E5": [
                    "S4.E6",
                    "S4.E7",
                    "S4.E8",
                    "S4.E9",
                    "S4.E10",
                    "S5.E14"
                ],
                "S4.E6": [
                    "S4.E7",
                    "S4.E8",
                    "S4.E9",
                    "S4.E10",
                    "S4.E11",
                    "S5.E13",
                    "S5.E14"
                ],
                "S4.E7": [
                    "S4.E8",
                    "S4.E9",
                    "S4.E10",
                    "S4.E11",
                    "S4.E12",
                    "S5.E13",
                    "S5.E14",
                    "S5.E15",
                    "S5.E16"
                ],
                "S4.E8": [
                    "S4.E9",
                    "S4.E10",
                    "S4.E11",
                    "S4.E12",
                    "S5.E13",
                    "S5.E14"
                ],
                "S4.E9": [
                    "S4.E10",
                    "S5.E13",
                    "S5.E14"
                ],
                "S4.E10": [
                    "S4.E11",
                    "S4.E12",
                    "S5.E13",
                    "S5.E14"
                ],
                "S4.E11": [
                    "S5.E13",
                    "S5.E14"
                ],
                "S4.E12": [
                    "S5.E13",
                    "S5.E14",
                    "S5.E16"
                ],
                "S5.E13": [
                    "S5.E14",
                    "S5.E15",
                    "S5.E16"
                ],
                "S5.E14": [
                    "S5.E15",
                    "S5.E16"
                ],
                "S5.E15": [
                    "S5.E16"
                ],
                "S5.E16": []
            },
            "Accuracy": 0.14084507042253522,
            "Precision": 0.16129032258064516,
            "Recall": 0.5263157894736842,
            "F1 Score": 0.2469135802469136
        },
        "Article ID: 0907.2870": {
            "Adjacency List": {
                "S3.E1": [],
                "S3.E2": [
                    "S3.E1"
                ],
                "S3.E3": [],
                "S3.E4": [],
                "S3.E5": [
                    "S3.E3",
                    "S3.E4"
                ],
                "S3.E6": [
                    "S3.E4",
                    "S3.E5"
                ],
                "S3.E7": [],
                "S6.E8": [],
                "S6.E9": []
            },
            "Accuracy": 0.0,
            "Precision": 0.0,
            "Recall": 0.0,
            "F1 Score": 0
        },
        "Article ID: 0907.2872": {
            "Adjacency List": {
                "S0.E1": [
                    "S0.E2",
                    "S0.E3"
                ],
                "S0.E2": [
                    "S0.E3",
                    "S0.E5"
                ],
                "S0.E3": [
                    "S0.E5"
                ],
                "S0.E4": [
                    "S0.E2",
                    "S0.E3",
                    "S0.E6"
                ],
                "S0.E5": [
                    "S0.E4",
                    "S0.E6"
                ],
                "S0.E6": []
            },
            "Accuracy": 0.2,
            "Precision": 0.3,