{
    "Correctness": {
        "Number of articles used": 15,
        "Overall Correctness": {
            "Overall Accuracy": 0.07365439093484419,
            "Overall Precision": 0.1111111111111111,
            "Overall Recall": 0.1793103448275862,
            "Overall F1 Score": 0.13720316622691292
        },
        "Aggregate Correctness Statistics": {
            "Accuracy": {
                "Mean": 0.06581526775445992,
                "Lowest": 0.0,
                "25th Quartile (Q1)": 0.0,
                "Median": 0.0625,
                "75th Quartile (Q3)": 0.08893280632411067,
                "Highest": 0.24
            },
            "Precision": {
                "Mean": 0.10014553529259412,
                "Lowest": 0.0,
                "25th Quartile (Q1)": 0.0,
                "Median": 0.07692307692307693,
                "75th Quartile (Q3)": 0.14583333333333331,
                "Highest": 0.35294117647058826
            },
            "Recall": {
                "Mean": 0.14878427128427127,
                "Lowest": 0.0,
                "25th Quartile (Q1)": 0.0,
                "Median": 0.14285714285714285,
                "75th Quartile (Q3)": 0.19444444444444442,
                "Highest": 0.5454545454545454
            },
            "F1 Score": {
                "Mean": 0.11524068743916376,
                "Lowest": 0.0,
                "25th Quartile (Q1)": 0.0,
                "Median": 0.11764705882352941,
                "75th Quartile (Q3)": 0.16333333333333333,
                "Highest": 0.3870967741935484
            }
        }
    },
    "Results": {
        "Article ID: 0907.2648": {
            "Adjacency List": {
                "S2.E1": [
                    "S2.E3"
                ],
                "S2.E2": [],
                "S2.E3": [
                    "S2.E2",
                    "S2.E6"
                ],
                "S2.E4": [
                    "S2.E2",
                    "S2.E3",
                    "S2.E6"
                ],
                "S2.E5": [
                    "S2.E2",
                    "S2.E3",
                    "S2.E4",
                    "S2.E6"
                ],
                "S2.E6": []
            },
            "Accuracy": 0.0625,
            "Precision": 0.1,
            "Recall": 0.14285714285714285,
            "F1 Score": 0.11764705882352941
        },
        "Article ID: 0907.2720": {
            "Adjacency List": {
                "S0.E1": [],
                "S0.E2": [],
                "S0.E3": [
                    "S0.E4",
                    "S0.E5"
                ],
                "S0.E4": [
                    "S0.E5",
                    "S0.E6",
                    "S0.E7",
                    "S0.E8"
                ],
                "S0.E5": [
                    "S0.E6",
                    "S0.E7",
                    "S0.E8",
                    "S0.E9"
                ],
                "S0.E6": [
                    "S0.E7",
                    "S0.E8",
                    "S0.E9"
                ],
                "S0.E7": [
                    "S0.E8",
                    "S0.E9"
                ],
                "S0.E8": [
                    "S0.E9"
                ],
                "S0.E9": []
            },
            "Accuracy": 0.08695652173913043,
            "Precision": 0.125,
            "Recall": 0.2222222222222222,
            "F1 Score": 0.16
        },
        "Article ID: 0907.2870": {
            "Adjacency List": {
                "S0.E1": [
                    "S0.E2"
                ],
                "S0.E2": [
                    "S0.E4"
                ],
                "S0.E3": [
                    "S0.E4"
                ],
                "S0.E4": [
                    "S0.E5",
                    "S0.E6",
                    "S0.E8"
                ],
                "S0.E5": [
                    "S0.E6"
                ],
                "S0.E6": [
                    "S0.E7",
                    "S0.E8",
                    "S0.E9",
                    "S0.E10"
                ],
                "S0.E7": [
                    "S0.E8",
                    "S0.E9",
                    "S0.E10"
                ],
                "S0.E8": [
                    "S0.E9",
                    "S0.E10"
                ],
                "S0.E9": [
                    "S0.E10"
                ],
                "S0.E10": []
            },
            "Accuracy": 0.24,
            "Precision": 0.35294117647058826,
            "Recall": 0.42857142857142855,
            "F1 Score": 0.3870967741935484
        },
        "Article ID: 0907.2872": {
            "Adjacency List": {
                "S1.E1": [],
                "S2.E2": [],
                "S2.E3": [],
                "S2.E4": [],
                "S2.E5": []
            },
            "Accuracy": 0.0,
            "Precision": 0,
            "Recall": 0.0,
            "F1 Score": 0
        },
        "Article ID: 0907.2959": {
            "Adjacency List": {
                "S4.E1": [
                    "S4.E2",
                    "S4.E3",
                    "S5.E4",
                    "S5.E5"
                ],
                "S4.E2": [
                    "S4.E3",
                    "S5.E4",
                    "S5.E5",
                    "S5.E6"
                ],
                "S4.E3": [
                    "S5.E4",
                    "S5.E5",
                    "S5.E6",
                    "S5.E7"
                ],
                "S5.E4": [
                    "S5.E5",
                    "S5.E6"
                ],
                "S5.E5": [
                    "S5.E6",
                    "S5.E7"
                ],
                "S5.E6": [
                    "S5.E7"
                ],
                "S5.E7": [],
                "S6.E8": [],
                "S6.E9": [],
                "S6.E10": [],
                "S6.E11": [],
                "S6.E12": [],
                "S6.E13": [],
                "S6.E14": []
            },
            "Accuracy": 0.06896551724137931,
            "Precision": 0.11764705882352941,
            "Recall": 0.14285714285714285,
            "F1 Score": 0.12903225806451615
        },
        "Article ID: 0907.2967": {
            "Adjacency List": {
                "S1.E1": [],
                "S1.E2": [
                    "S1.E1"
                ],
                "S1.E3": [
                    "S1.E1",
                    "S1.E2"
                ],
                "S3.E4": [
                    "S1.E2"
                ]
            },
            "Accuracy": 0.0,
            "Precision": 0.0,
            "Recall": 0.0,
            "F1 Score": 0
        },
        "Article ID: 0907.2994": {
            "Adjacency List": {
                "S2.E1": [
                    "S2.E4",
                    "S2.E5"
                ],
                "S2.E2": [
                    "S2.E4"
                ],
                "S2.E3": [
                    "S2.E1",
                    "S2.E2",
                    "S2.E6",
                    "S2.E7"
                ],
                "S2.E4": [
                    "S2.E3",
                    "S2.E6",
                    "S2.E7"
                ],
                "S2.E5": [
                    "S2.E2",
                    "S2.E3",
                    "S2.E4"
                ],
                "S2.E6": [
                    "S2.E5",
                    "S2.E7"
                ],
                "S2.E7": [
                    "S2.E5"
                ],
                "S2.E8": [],
                "S3.E9": []
            },
            "Accuracy": 0.041666666666666664,
            "Precision": 0.0625,
            "Recall": 0.1111111111111111,
            "F1 Score": 0.08
        },
        "Article ID: 0907.3017": {
            "Adjacency List": {
                "S1.E1": [],
                "S1.E2": [
                    "S1.E1"
                ],