{
    "Correctness": {
        "Number of articles used": 10,
        "Overall Correctness": {
            "Overall Accuracy": 0.04516129032258064,
            "Overall Precision": 0.18421052631578946,
            "Overall Recall": 0.056451612903225805,
            "Overall F1 Score": 0.08641975308641975
        },
        "Aggregate Correctness Statistics": {
            "Accuracy": {
                "Mean": 0.04289432789432789,
                "Lowest": 0.0,
                "25th Quartile (Q1)": 0.0,
                "Median": 0.025,
                "75th Quartile (Q3)": 0.08741258741258742,
                "Highest": 0.1111111111111111
            },
            "Precision": {
                "Mean": 0.1356060606060606,
                "Lowest": 0.0,
                "25th Quartile (Q1)": 0.0,
                "Median": 0.045454545454545456,
                "75th Quartile (Q3)": 0.23295454545454547,
                "Highest": 0.5
            },
            "Recall": {
                "Mean": 0.0617929292929293,
                "Lowest": 0.0,
                "25th Quartile (Q1)": 0.0,
                "Median": 0.05,
                "75th Quartile (Q3)": 0.10833333333333334,
                "Highest": 0.18181818181818182
            },
            "F1 Score": {
                "Mean": 0.07865800865800866,
                "Lowest": 0.0,
                "25th Quartile (Q1)": 0.0,
                "Median": 0.04761904761904762,
                "75th Quartile (Q3)": 0.1607142857142857,
                "Highest": 0.2
            }
        }
    },
    "Results": {
        "Article ID: 0907.2648": {
            "Adjacency List": {
                "S0.E1": [
                    "S0.E4",
                    "S0.E5",
                    "S0.E6"
                ],
                "S0.E2": [
                    "S0.E4",
                    "S0.E5",
                    "S0.E6"
                ],
                "S0.E3": [
                    "S0.E4",
                    "S0.E5",
                    "S0.E6"
                ],
                "S0.E4": [
                    "S0.E5",
                    "S0.E6"
                ],
                "S0.E5": [],
                "S0.E6": [],
                "S0.E7": [],
                "S0.E8": [],
                "S0.E9": []
            },
            "Accuracy": 0.05,
            "Precision": 0.09090909090909091,
            "Recall": 0.1,
            "F1 Score": 0.09523809523809525
        },
        "Article ID: 0907.2720": {
            "Adjacency List": {
                "S0.E1": [],
                "S0.E2": [],
                "S0.E3": [],
                "S0.E4": [],
                "S0.E5": [],
                "S0.E6": [],
                "S0.E7": [],
                "S0.E8": [],
                "S0.E9": [],
                "S0.E10": [],
                "S0.E11": [],
                "S0.E12": [],
                "S0.E13": []
            },
            "Accuracy": 0.0,
            "Precision": 0,
            "Recall": 0.0,
            "F1 Score": 0
        },
        "Article ID: 0907.2870": {
            "Adjacency List": {
                "S2.E1": [],
                "S2.E2": [],
                "S2.E3": [],
                "S2.E4": [],
                "S2.E5": [],
                "S2.E6": [],
                "S2.E7": [],
                "S2.E8": [],
                "S2.E9": [],
                "S2.E10": [],
                "S2.E11": [],
                "S2.E12": []
            },
            "Accuracy": 0.0,
            "Precision": 0,
            "Recall": 0.0,
            "F1 Score": 0
        },
        "Article ID: 0907.2872": {
            "Adjacency List": {
                "S0.E1": [],
                "S0.E2": [],
                "S0.E3": [],
                "S0.E4": [],
                "S0.E5": [],
                "S0.E6": [],
                "S0.E7": []
            },
            "Accuracy": 0.0,
            "Precision": 0,
            "Recall": 0.0,
            "F1 Score": 0
        },
        "Article ID: 0907.2959": {
            "Adjacency List": {
                "S3.E1": [
                    "S3.E2",
                    "S3.E3",
                    "S3.E4",
                    "S3.E5",
                    "S3.E6",
                    "S3.E7",
                    "S3.E8"
                ],
                "S3.E2": [
                    "S3.E4"
                ],
                "S3.E3": [
                    "S3.E4",
                    "S3.E5"
                ],
                "S3.E4": [
                    "S3.E5"
                ],
                "S3.E5": [],
                "S3.E6": [],
                "S3.E7": [],
                "S3.E8": [],
                "S3.E9": [],
                "S3.E10": []
            },
            "Accuracy": 0.1,
            "Precision": 0.18181818181818182,
            "Recall": 0.18181818181818182,
            "F1 Score": 0.18181818181818182
        },
        "Article ID: 0907.2994": {
            "Adjacency List": {
                "S2.E1": [
                    "S2.E2",
                    "S4.E5"
                ],
                "S2.E2": [
                    "S2.E3",
                    "S2.E4",
                    "S4.E5"
                ],
                "S2.E3": [],
                "S2.E4": [],
                "S4.E5": [],
                "S4.E6": [],
                "S5.E7": [],
                "S5.E8": [],
                "S5.E9": [],
                "S5.E10": [],
                "S5.E11": [],
                "S5.E12": [
                    "S5.E13",
                    "S5.E14"
                ],
                "S5.E13": [
                    "S5.E14"
                ],
                "S5.E14": []
            },
            "Accuracy": 0.07692307692307693,
            "Precision": 0.25,
            "Recall": 0.1,
            "F1 Score": 0.14285714285714288
        },
        "Article ID: 0907.3017": {
            "Adjacency List": {
                "S0.E1": [],
                "S0.E2": [],
                "S0.E3": [],
                "S0.E4": [
                    "S0.E3"
                ],
                "S0.E5": [],
                "S0.E6": [],
                "S0.E7": [
                    "S0.E6"
                ],
                "S0.E8": [
                    "S0.E6"
                ]
            },
            "Accuracy": 0.09090909090909091,
            "Precision": 0.3333333333333333,
            "Recall": 0.1111111111111111,
            "F1 Score": 0.16666666666666666
        },
        "Article ID: 0907.3028": {
            "Adjacency List": {
                "S2.E1": [],
                "S2.E2": [],
                "S2.E3": [],
                "S2.E4": [],
                "S2.E5": [],
                "S2.E6": [
                    "S2.E5"
                ],
                "S2.E7": [],
                "S2.E8": [
                    "S2.E5",
                    "S2.E6"
                ],
                "S2.E9": [],
                "S3.E10": [],
                "S3.E11": []
            },
            "Accuracy": 0.0,
            "Precision": 0.0,
            "Recall": 0.0,
            "F1 Score": 0
        },
        "Article ID: 0907.3040": {
            "Adjacency List": {
                "S3.E1": [
                    "S3.E3"
                ],
                "S3.E2": [],
                "S3.E3": [
                    "S3.E4"
                ],
                "S3.E4": [],
                "S3.E5": [],
                "S5.E6": [],
                "S5.E7": []
            },
            "Accuracy": 0.1111111111111111,
            "Precision": 0.5,
            "Recall": 0.125,
            "F1 Score": 0.2
        },
        "Article ID: 0907.3145": {
            "Adjacency List": {
                "S0.E1": [],
                "S0.E2": [],
                "S0.E3": [],
                "S0.E4": [],
                "S0.E5": [],
                "S0.E6": [],
                "S0.E7": [],
                "S0.E8": [],