{
    "Correctness": {
        "Number of articles used": 5,
        "Overall Correctness": {
            "Overall Accuracy": 0.1323529411764706,
            "Overall Precision": 0.17647058823529413,
            "Overall Recall": 0.34615384615384615,
            "Overall F1 Score": 0.23376623376623376
        },
        "Aggregate Correctness Statistics": {
            "Accuracy": {
                "Mean": 0.12366424845386978,
                "Lowest": 0.07692307692307693,
                "25th Quartile (Q1)": 0.0967741935483871,
                "Median": 0.125,
                "75th Quartile (Q3)": 0.13043478260869565,
                "Highest": 0.1891891891891892
            },
            "Precision": {
                "Mean": 0.16897918258212377,
                "Lowest": 0.125,
                "25th Quartile (Q1)": 0.14285714285714285,
                "Median": 0.17647058823529413,
                "75th Quartile (Q3)": 0.18181818181818182,
                "Highest": 0.21875
            },
            "Recall": {
                "Mean": 0.32904761904761903,
                "Lowest": 0.14285714285714285,
                "25th Quartile (Q1)": 0.2857142857142857,
                "Median": 0.3,
                "75th Quartile (Q3)": 0.3333333333333333,
                "Highest": 0.5833333333333334
            },
            "F1 Score": {
                "Mean": 0.21810020045314166,
                "Lowest": 0.14285714285714285,
                "25th Quartile (Q1)": 0.17647058823529413,
                "Median": 0.2222222222222222,
                "75th Quartile (Q3)": 0.23076923076923078,
                "Highest": 0.31818181818181823
            }
        }
    },
    "Results": {
        "Article ID: 0907.2648": {
            "Adjacency List": {
                "S0.E1": [
                    "S0.E2",
                    "S0.E3",
                    "S0.E4",
                    "S0.E5",
                    "S0.E7"
                ],
                "S0.E2": [
                    "S0.E3",
                    "S0.E4",
                    "S0.E5",
                    "S0.E6",
                    "S0.E7"
                ],
                "S0.E3": [
                    "S0.E4",
                    "S0.E5",
                    "S0.E6",
                    "S0.E7",
                    "S0.E8",
                    "S0.E9"
                ],
                "S0.E4": [
                    "S0.E5",
                    "S0.E6",
                    "S0.E7",
                    "S0.E8",
                    "S0.E9"
                ],
                "S0.E5": [
                    "S0.E6",
                    "S0.E7",
                    "S0.E8",
                    "S0.E9"
                ],
                "S0.E6": [
                    "S0.E7",
                    "S0.E8",
                    "S0.E9"
                ],
                "S0.E7": [
                    "S0.E8",
                    "S0.E9",
                    "S0.E10"
                ],
                "S0.E8": [
                    "S0.E9"
                ],
                "S0.E9": [],
                "S0.E10": []
            },
            "Accuracy": 0.1891891891891892,
            "Precision": 0.21875,
            "Recall": 0.5833333333333334,
            "F1 Score": 0.31818181818181823
        },
        "Article ID: 0907.2720": {
            "Adjacency List": {
                "S0.E1": [
                    "S0.E2",
                    "S0.E3",
                    "S0.E5",
                    "S0.E7"
                ],
                "S0.E2": [
                    "S0.E3",
                    "S0.E5",
                    "S0.E7"
                ],
                "S0.E3": [
                    "S0.E4",
                    "S0.E5",
                    "S0.E6",
                    "S0.E7"
                ],
                "S0.E4": [
                    "S0.E5",
                    "S0.E6"
                ],
                "S0.E5": [
                    "S0.E6",
                    "S0.E8",
                    "S0.E9"
                ],
                "S0.E6": [
                    "S0.E8",
                    "S0.E9"
                ],
                "S0.E7": [
                    "S0.E4",
                    "S0.E5",
                    "S0.E6",
                    "S0.E8",
                    "S0.E9"
                ],
                "S0.E8": [
                    "S0.E9"
                ],
                "S0.E9": []
            },
            "Accuracy": 0.0967741935483871,
            "Precision": 0.125,
            "Recall": 0.3,
            "F1 Score": 0.17647058823529413
        },
        "Article ID: 0907.2870": {
            "Adjacency List": {
                "S0.E1": [],
                "S0.E2": [
                    "S0.E3"
                ],
                "S0.E3": [
                    "S0.E4",
                    "S0.E5",
                    "S0.E6"
                ],
                "S0.E4": [
                    "S0.E5",
                    "S0.E6"
                ],
                "S0.E5": [
                    "S0.E6"
                ],
                "S0.E6": [],
                "S0.E7": []
            },
            "Accuracy": 0.07692307692307693,
            "Precision": 0.14285714285714285,
            "Recall": 0.14285714285714285,
            "F1 Score": 0.14285714285714285
        },
        "Article ID: 0907.2872": {
            "Adjacency List": {
                "S2.E1": [
                    "S2.E3",
                    "S2.E4",
                    "S2.E5"
                ],
                "S2.E2": [
                    "S2.E3",
                    "S2.E4",
                    "S2.E5",
                    "S2.E6"
                ],
                "S2.E3": [
                    "S2.E4",
                    "S2.E5",
                    "S2.E6",
                    "S2.E7"
                ],
                "S2.E4": [
                    "S2.E5",
                    "S2.E6",
                    "S2.E7"
                ],
                "S2.E5": [
                    "S2.E6",
                    "S2.E7"
                ],
                "S2.E6": [
                    "S2.E7"
                ],
                "S2.E7": [],
                "S2.E8": [],
                "S3.E9": []
            },
            "Accuracy": 0.13043478260869565,
            "Precision": 0.17647058823529413,
            "Recall": 0.3333333333333333,
            "F1 Score": 0.23076923076923078
        },
        "Article ID: 0907.2959": {
            "Adjacency List": {
                "S1.E1": [],
                "S2.E2": [],
                "S2.E3": [
                    "S2.E2",
                    "S2.E4",
                    "S2.E5",
                    "S2.E6",
                    "S3.E9"
                ],
                "S2.E4": [
                    "S2.E2",
                    "S2.E5",
                    "S2.E6",
                    "S3.E9"
                ],
                "S2.E5": [
                    "S2.E2",
                    "S2.E6",
                    "S2.E7",
                    "S3.E9"
                ],
                "S2.E6": [
                    "S2.E2",
                    "S2.E7",
                    "S3.E8",
                    "S3.E9"
                ],
                "S2.E7": [
                    "S3.E8",
                    "S3.E9"
                ],
                "S3.E8": [
                    "S3.E9"
                ],
                "S3.E9": [
                    "S3.E10",
                    "S3.E11"
                ],
                "S3.E10": [],
                "S3.E11": []
            },
            "Accuracy": 0.125,
            "Precision": 0.18181818181818182,
            "Recall": 0.2857142857142857,
            "F1 Score": 0.2222222222222222
        }
    },