{
    "Correctness": {
        "Number of articles used": 10,
        "Overall Correctness": {
            "Overall Accuracy": 0.08620689655172414,
            "Overall Precision": 0.11070110701107011,
            "Overall Recall": 0.2803738317757009,
            "Overall F1 Score": 0.15873015873015872
        },
        "Aggregate Correctness Statistics": {
            "Accuracy": {
                "Mean": 0.06928081491311938,
                "Lowest": 0.0,
                "25th Quartile (Q1)": 0.027304964539007093,
                "Median": 0.058776595744680846,
                "75th Quartile (Q3)": 0.11011904761904762,
                "Highest": 0.18309859154929578
            },
            "Precision": {
                "Mean": 0.09451455887607743,
                "Lowest": 0.0,
                "25th Quartile (Q1)": 0.03588516746411483,
                "Median": 0.07177033492822966,
                "75th Quartile (Q3)": 0.1597222222222222,
                "Highest": 0.21311475409836064
            },
            "Recall": {
                "Mean": 0.22186556197425764,
                "Lowest": 0.0,
                "25th Quartile (Q1)": 0.0889423076923077,
                "Median": 0.18181818181818182,
                "75th Quartile (Q3)": 0.32499999999999996,
                "Highest": 0.5652173913043478
            },
            "F1 Score": {
                "Mean": 0.12446365937519385,
                "Lowest": 0.0,
                "25th Quartile (Q1)": 0.053016858917480036,
                "Median": 0.11058376839107736,
                "75th Quartile (Q3)": 0.19803600654664488,
                "Highest": 0.30952380952380953
            }
        }
    },
    "Results": {
        "Article ID: 0907.2648": {
            "Adjacency List": {
                "S2.E1": [
                    "S2.E4",
                    "S2.E5",
                    "S3.E9"
                ],
                "S2.E2": [
                    "S2.E1",
                    "S2.E4",
                    "S2.E5",
                    "S3.E9"
                ],
                "S2.E3": [
                    "S2.E1",
                    "S2.E2",
                    "S3.E6",
                    "S3.E8",
                    "S3.E9"
                ],
                "S2.E4": [
                    "S2.E3",
                    "S2.E5",
                    "S3.E6",
                    "S3.E8",
                    "S3.E9"
                ],
                "S2.E5": [
                    "S2.E3",
                    "S3.E6",
                    "S3.E8",
                    "S3.E9"
                ],
                "S3.E6": [
                    "S3.E8",
                    "S3.E9"
                ],
                "S3.E7": [
                    "S2.E1",
                    "S2.E2",
                    "S2.E3",
                    "S2.E4",
                    "S2.E5",
                    "S3.E6"
                ],
                "S3.E8": [
                    "S3.E7",
                    "S3.E9",
                    "S3.E10"
                ],
                "S3.E9": [
                    "S3.E7",
                    "S4.E11"
                ],
                "S3.E10": [
                    "S2.E5",
                    "S3.E7",
                    "S3.E9"
                ],
                "S4.E11": [
                    "S3.E7"
                ]
            },
            "Accuracy": 0.0425531914893617,
            "Precision": 0.05263157894736842,
            "Recall": 0.18181818181818182,
            "F1 Score": 0.08163265306122448
        },
        "Article ID: 0907.2720": {
            "Adjacency List": {
                "S1.E1": [],
                "S1.E2": [],
                "S2.E3": [],
                "S2.E4": [
                    "S2.E3",
                    "S2.E6"
                ],
                "S2.E5": [
                    "S2.E3",
                    "S2.E4",
                    "S2.E6"
                ],
                "S2.E6": [],
                "S2.E7": [],
                "S3.E8": []
            },
            "Accuracy": 0.08333333333333333,
            "Precision": 0.2,
            "Recall": 0.125,
            "F1 Score": 0.15384615384615385
        },
        "Article ID: 0907.2870": {
            "Adjacency List": {
                "S2.E1": [
                    "S2.E3",
                    "S2.E5",
                    "S2.E8",
                    "S3.E9"
                ],
                "S2.E2": [
                    "S2.E1",
                    "S2.E3",
                    "S2.E6",
                    "S2.E8",
                    "S3.E9"
                ],
                "S2.E3": [
                    "S2.E4",
                    "S2.E5",
                    "S2.E6",
                    "S2.E7",
                    "S2.E8",
                    "S3.E9"
                ],
                "S2.E4": [
                    "S2.E1",
                    "S2.E2",
                    "S2.E6",
                    "S2.E7",
                    "S2.E8",
                    "S3.E9"
                ],
                "S2.E5": [
                    "S2.E2",
                    "S2.E4",
                    "S2.E6",
                    "S2.E7",
                    "S2.E8",
                    "S3.E9"
                ],
                "S2.E6": [
                    "S2.E7",
                    "S2.E8",
                    "S3.E9"
                ],
                "S2.E7": [
                    "S2.E8",
                    "S3.E9"
                ],
                "S2.E8": [
                    "S3.E9"
                ],
                "S3.E9": []
            },
            "Accuracy": 0.075,
            "Precision": 0.09090909090909091,
            "Recall": 0.3,
            "F1 Score": 0.13953488372093023
        },
        "Article ID: 0907.2872": {
            "Adjacency List": {
                "S1.E1": [],
                "S1.E2": [
                    "S1.E1"
                ],
                "S1.E3": [
                    "S1.E2"
                ],
                "S3.E4": [
                    "S1.E2"
                ]
            },
            "Accuracy": 0.0,
            "Precision": 0.0,
            "Recall": 0.0,
            "F1 Score": 0
        },
        "Article ID: 0907.2959": {
            "Adjacency List": {
                "S2.E1": [
                    "S2.E2",
                    "S2.E3",
                    "S2.E4",
                    "S2.E5"
                ],
                "S2.E2": [
                    "S2.E3",
                    "S2.E4",
                    "S2.E5",
                    "S2.E6"
                ],
                "S2.E3": [
                    "S2.E4",
                    "S2.E5",
                    "S2.E6",
                    "S2.E7"
                ],
                "S2.E4": [
                    "S2.E5",
                    "S2.E6",
                    "S2.E7"
                ],
                "S2.E5": [
                    "S2.E6",
                    "S2.E7"
                ],
                "S2.E6": [
                    "S2.E7"
                ],
                "S2.E7": [],
                "S2.E8": [],
                "S3.E9": []
            },
            "Accuracy": 0.125,
            "Precision": 0.16666666666666666,
            "Recall": 0.3333333333333333,
            "F1 Score": 0.2222222222222222
        },
        "Article ID: 0907.2967": {
            "Adjacency List": {
                "S3.E1": [
                    "S3.E6",
                    "S3.E7",
                    "S3.E8",
                    "S3.E9"
                ],
                "S3.E2": [
                    "S3.E1",
                    "S3.E5",
                    "S3.E6",
                    "S3.E7",
                    "S3.E8",
                    "S3.E9"
                ],