{
    "Correctness": {
        "Number of articles used": 15,
        "Overall Correctness": {
            "Overall Accuracy": 0.05211726384364821,
            "Overall Precision": 0.09876543209876543,
            "Overall Recall": 0.09937888198757763,
            "Overall F1 Score": 0.09907120743034055
        },
        "Aggregate Correctness Statistics": {
            "Accuracy": {
                "Mean": 0.04419008486805097,
                "Lowest": 0.0,
                "25th Quartile (Q1)": 0.0,
                "Median": 0.0,
                "75th Quartile (Q3)": 0.08575464083938661,
                "Highest": 0.18181818181818182
            },
            "Precision": {
                "Mean": 0.1322222222222222,
                "Lowest": 0.0,
                "25th Quartile (Q1)": 0.0,
                "Median": 0.0,
                "75th Quartile (Q3)": 0.20833333333333331,
                "Highest": 0.6666666666666666
            },
            "Recall": {
                "Mean": 0.08157894736842104,
                "Lowest": 0.0,
                "25th Quartile (Q1)": 0.0,
                "Median": 0.0,
                "75th Quartile (Q3)": 0.15000000000000002,
                "Highest": 0.47368421052631576
            },
            "F1 Score": {
                "Mean": 0.07727012802329476,
                "Lowest": 0.0,
                "25th Quartile (Q1)": 0.0,
                "Median": 0.0,
                "75th Quartile (Q3)": 0.1578226634714139,
                "Highest": 0.3076923076923077
            }
        }
    },
    "Results": {
        "Article ID: 0907.2648": {
            "Adjacency List": {
                "S0.E1": [
                    "S0.E2",
                    "S0.E3"
                ],
                "S0.E2": [
                    "S0.E3"
                ],
                "S0.E3": [],
                "S0.E4": [],
                "S0.E5": [
                    "S0.E6",
                    "S0.E7",
                    "S0.E9"
                ],
                "S0.E6": [],
                "S0.E7": [],
                "S0.E8": [],
                "S0.E9": []
            },
            "Accuracy": 0.14285714285714285,
            "Precision": 0.3333333333333333,
            "Recall": 0.2,
            "F1 Score": 0.25
        },
        "Article ID: 0907.2720": {
            "Adjacency List": {
                "S0.E1": [
                    "S0.E7",
                    "S0.E8",
                    "S0.E9",
                    "S0.E10",
                    "S0.E11",
                    "S0.E12",
                    "S0.E13",
                    "S0.E14",
                    "S0.E15",
                    "S0.E16"
                ],
                "S0.E2": [
                    "S0.E9",
                    "S0.E10",
                    "S0.E11",
                    "S0.E12",
                    "S0.E13",
                    "S0.E14",
                    "S0.E15",
                    "S0.E16"
                ],
                "S0.E3": [
                    "S0.E7",
                    "S0.E8",
                    "S0.E9",
                    "S0.E10",
                    "S0.E11",
                    "S0.E12",
                    "S0.E13",
                    "S0.E14",
                    "S0.E15",
                    "S0.E16",
                    "S0.E17",
                    "S0.E18"
                ],
                "S0.E4": [
                    "S0.E5",
                    "S0.E6",
                    "S0.E7",
                    "S0.E8",
                    "S0.E9",
                    "S0.E10",
                    "S0.E11",
                    "S0.E12",
                    "S0.E13",
                    "S0.E14",
                    "S0.E15",
                    "S0.E16",
                    "S0.E17",
                    "S0.E18"
                ],
                "S0.E5": [
                    "S0.E6",
                    "S0.E7",
                    "S0.E8",
                    "S0.E9",
                    "S0.E10",
                    "S0.E11",
                    "S0.E12",
                    "S0.E13",
                    "S0.E14",
                    "S0.E15",
                    "S0.E16",
                    "S0.E17",
                    "S0.E18"
                ],
                "S0.E6": [
                    "S0.E7",
                    "S0.E8",
                    "S0.E9",
                    "S0.E10",
                    "S0.E11",
                    "S0.E12",
                    "S0.E13",
                    "S0.E14",
                    "S0.E15",
                    "S0.E16",
                    "S0.E17",
                    "S0.E18"
                ],
                "S0.E7": [
                    "S0.E8",
                    "S0.E9",
                    "S0.E10",
                    "S0.E11",
                    "S0.E12",
                    "S0.E13",
                    "S0.E14",
                    "S0.E15",
                    "S0.E16",
                    "S0.E17",
                    "S0.E18"
                ],
                "S0.E8": [
                    "S0.E9",
                    "S0.E10",
                    "S0.E11",
                    "S0.E12",
                    "S0.E13",
                    "S0.E14",
                    "S0.E15",
                    "S0.E16",
                    "S0.E17"
                ],
                "S0.E9": [
                    "S0.E10",
                    "S0.E11",
                    "S0.E12",
                    "S0.E13",
                    "S0.E14",
                    "S0.E15",
                    "S0.E16",
                    "S0.E17"
                ],
                "S0.E10": [
                    "S0.E11",
                    "S0.E12",
                    "S0.E13",
                    "S0.E14",
                    "S0.E15",
                    "S0.E16"
                ],
                "S0.E11": [
                    "S0.E12",
                    "S0.E13",
                    "S0.E14",
                    "S0.E15"
                ],
                "S0.E12": [
                    "S0.E13"
                ],
                "S0.E13": [],
                "S0.E14": [],
                "S0.E15": [],
                "S0.E16": [],
                "S0.E17": [],
                "S0.E18": []
            },
            "Accuracy": 0.07627118644067797,
            "Precision": 0.08333333333333333,
            "Recall": 0.47368421052631576,
            "F1 Score": 0.14173228346456693
        },
        "Article ID: 0907.2870": {
            "Adjacency List": {
                "S2.E1": [],
                "S2.E2": [],
                "S2.E3": [],
                "S2.E4": [],
                "S2.E5": [],
                "S2.E6": [],
                "S2.E7": [],
                "S2.E8": [],
                "S2.E9": [],
                "S2.E10": [],
                "S2.E11": [],
                "S2.E12": [],
                "S3.E13": [],
                "S3.E14": []
            },
            "Accuracy": 0.0,
            "Precision": 0,
            "Recall": 0.0,
            "F1 Score": 0
        },
        "Article ID: 0907.2872": {
            "Adjacency List": {
                "S1.E1": [
                    "S2.E5"
                ],
                "S2.E2": [
                    "S2.E5"
                ],
                "S2.E3": [
                    "S2.E5"
                ],
                "S2.E4": [
                    "S2.E5"
                ],
                "S2.E5": []
            },
            "Accuracy": 0.0,
            "Precision": 0.0,
            "Recall": 0.0,
            "F1 Score": 0
        },
        "Article ID: 0907.2959": {
            "Adjacency List": {
                "S0.E1": [],
                "S0.E2": [],
                "S0.E3": [],
                "S0.E4": [],
                "S0.E5": [],
                "S0.E6": [],
                "S0.E7": []
            },
            "Accuracy": 0.0,
            "Precision": 0,