{
    "Correctness": {
        "Number of articles used": 10,
        "Overall Correctness": {
            "Overall Accuracy": 0.08934707903780069,
            "Overall Precision": 0.12149532710280374,
            "Overall Recall": 0.2524271844660194,
            "Overall F1 Score": 0.16403785488958988
        },
        "Aggregate Correctness Statistics": {
            "Accuracy": {
                "Mean": 0.1028933463920958,
                "Lowest": 0.0,
                "25th Quartile (Q1)": 0.04659090909090909,
                "Median": 0.0919661733615222,
                "75th Quartile (Q3)": 0.1513157894736842,
                "Highest": 0.26666666666666666
            },
            "Precision": {
                "Mean": 0.14063739322253255,
                "Lowest": 0.0,
                "25th Quartile (Q1)": 0.06334841628959276,
                "Median": 0.12727272727272726,
                "75th Quartile (Q3)": 0.1995614035087719,
                "Highest": 0.3333333333333333
            },
            "Recall": {
                "Mean": 0.2606385281385281,
                "Lowest": 0.0,
                "25th Quartile (Q1)": 0.13541666666666666,
                "Median": 0.24285714285714285,
                "75th Quartile (Q3)": 0.3333333333333333,
                "Highest": 0.5714285714285714
            },
            "F1 Score": {
                "Mean": 0.17840420250956304,
                "Lowest": 0.0,
                "25th Quartile (Q1)": 0.08902691511387165,
                "Median": 0.16843971631205673,
                "75th Quartile (Q3)": 0.2619047619047619,
                "Highest": 0.4210526315789474
            }
        }
    },
    "Results": {
        "Article ID: 0907.2648": {
            "Adjacency List": {
                "S1.E1": [],
                "S1.E2": [
                    "S1.E1",
                    "S2.E3",
                    "S2.E4",
                    "S3.E6",
                    "S3.E7",
                    "S3.E8",
                    "S3.E9"
                ],
                "S2.E3": [
                    "S2.E4",
                    "S2.E5",
                    "S3.E6",
                    "S3.E7",
                    "S3.E8",
                    "S3.E9"
                ],
                "S2.E4": [
                    "S3.E6",
                    "S3.E7",
                    "S3.E8",
                    "S3.E9"
                ],
                "S2.E5": [
                    "S1.E2",
                    "S2.E4",
                    "S3.E6",
                    "S3.E8",
                    "S3.E9"
                ],
                "S3.E6": [
                    "S3.E7",
                    "S3.E8",
                    "S3.E9"
                ],
                "S3.E7": [
                    "S2.E5",
                    "S3.E8",
                    "S3.E9"
                ],
                "S3.E8": [
                    "S3.E9"
                ],
                "S3.E9": [
                    "S3.E10"
                ],
                "S3.E10": []
            },
            "Accuracy": 0.10526315789473684,
            "Precision": 0.13333333333333333,
            "Recall": 0.3333333333333333,
            "F1 Score": 0.19047619047619044
        },
        "Article ID: 0907.2720": {
            "Adjacency List": {
                "S2.E1": [
                    "S2.E2",
                    "S2.E3"
                ],
                "S2.E2": [
                    "S2.E3",
                    "S2.E4",
                    "S2.E5",
                    "S2.E6"
                ],
                "S2.E3": [
                    "S2.E4",
                    "S2.E5",
                    "S2.E6"
                ],
                "S2.E4": [
                    "S2.E5",
                    "S2.E6"
                ],
                "S2.E5": [
                    "S2.E6"
                ],
                "S2.E6": []
            },
            "Accuracy": 0.26666666666666666,
            "Precision": 0.3333333333333333,
            "Recall": 0.5714285714285714,
            "F1 Score": 0.4210526315789474
        },
        "Article ID: 0907.2870": {
            "Adjacency List": {
                "S0.E1": [
                    "S0.E2"
                ],
                "S0.E2": [
                    "S0.E3",
                    "S0.E4"
                ],
                "S0.E3": [
                    "S0.E4",
                    "S0.E5"
                ],
                "S0.E4": [
                    "S0.E5"
                ],
                "S0.E5": [],
                "S0.E6": []
            },
            "Accuracy": 0.09090909090909091,
            "Precision": 0.16666666666666666,
            "Recall": 0.16666666666666666,
            "F1 Score": 0.16666666666666666
        },
        "Article ID: 0907.2872": {
            "Adjacency List": {
                "S2.E1": [],
                "S2.E2": [
                    "S2.E1"
                ],
                "S2.E3": [
                    "S2.E1",
                    "S2.E2"
                ],
                "S2.E4": [
                    "S2.E1",
                    "S2.E2",
                    "S2.E3"
                ],
                "S2.E5": [
                    "S3.E7"
                ],
                "S3.E6": [
                    "S3.E8",
                    "S3.E9",
                    "S3.E10"
                ],
                "S3.E7": [
                    "S3.E6",
                    "S3.E8",
                    "S3.E9",
                    "S3.E10",
                    "S3.E12",
                    "S3.E13"
                ],
                "S3.E8": [
                    "S3.E9",
                    "S3.E10",
                    "S3.E11",
                    "S3.E12",
                    "S3.E13"
                ],
                "S3.E9": [
                    "S3.E10",
                    "S3.E11",
                    "S3.E12",
                    "S3.E13"
                ],
                "S3.E10": [
                    "S3.E12",
                    "S3.E13"
                ],
                "S3.E11": [
                    "S3.E6",
                    "S3.E7",
                    "S3.E10",
                    "S3.E12",
                    "S3.E13"
                ],
                "S3.E12": [
                    "S3.E13"
                ],
                "S3.E13": [],
                "S4.E14": []
            },
            "Accuracy": 0.09302325581395349,
            "Precision": 0.12121212121212122,
            "Recall": 0.2857142857142857,
            "F1 Score": 0.1702127659574468
        },
        "Article ID: 0907.2959": {
            "Adjacency List": {
                "S0.E1": [
                    "S0.E2",
                    "S0.E3",
                    "S0.E4"
                ],
                "S0.E2": [
                    "S0.E3",
                    "S0.E4",
                    "S0.E5",
                    "S0.E6"
                ],
                "S0.E3": [
                    "S0.E4",
                    "S0.E5",
                    "S0.E6"
                ],
                "S0.E4": [
                    "S0.E5",
                    "S0.E6"
                ],
                "S0.E5": [
                    "S0.E6"
                ],
                "S0.E6": [],
                "S0.E7": []
            },
            "Accuracy": 0.05,
            "Precision": 0.07692307692307693,
            "Recall": 0.125,
            "F1 Score": 0.09523809523809525
        },
        "Article ID: 0907.2967": {
            "Adjacency List": {
                "S0.E1": [
                    "S0.E2",
                    "S0.E3",
                    "S0.E4",
                    "S0.E5",
                    "S0.E6",
                    "S0.E7",
                    "S0.E8",
                    "S0.E9"
                ],