{
    "Correctness": {
        "Number of articles used": 15,
        "Overall Correctness": {
            "Overall Accuracy": 0.8942961800104657,
            "Overall Precision": 0.40331491712707185,
            "Overall Recall": 0.437125748502994,
            "Overall F1 Score": 0.4195402298850575
        },
        "Aggregate Correctness Statistics": {
            "Accuracy": {
                "Mean": 0.8602191614433736,
                "Lowest": 0.7,
                "25th Quartile (Q1)": 0.8065476190476191,
                "Median": 0.8727272727272727,
                "75th Quartile (Q3)": 0.9124860646599777,
                "Highest": 0.9743589743589743
            },
            "Precision": {
                "Mean": 0.4113262019783759,
                "Lowest": 0.08695652173913043,
                "25th Quartile (Q1)": 0.30952380952380953,
                "Median": 0.35,
                "75th Quartile (Q3)": 0.4916666666666667,
                "Highest": 0.8333333333333334
            },
            "Recall": {
                "Mean": 0.4403418803418803,
                "Lowest": 0.1,
                "25th Quartile (Q1)": 0.3333333333333333,
                "Median": 0.4,
                "75th Quartile (Q3)": 0.5608974358974359,
                "Highest": 0.8333333333333334
            },
            "F1 Score": {
                "Mean": 0.4194501318714725,
                "Lowest": 0.09302325581395349,
                "25th Quartile (Q1)": 0.3205128205128205,
                "Median": 0.3636363636363636,
                "75th Quartile (Q3)": 0.5190476190476191,
                "Highest": 0.8333333333333334
            }
        }
    },
    "Results": {
        "Article ID: 0907.2648": {
            "Adjacency List": {
                "S0.E1": [
                    "S0.E2",
                    "S0.E3"
                ],
                "S0.E2": [
                    "S0.E3"
                ],
                "S0.E3": [
                    null
                ],
                "S0.E4": [
                    null
                ],
                "S0.E5": [
                    "S0.E6",
                    "S0.E7",
                    "S0.E8",
                    "S0.E9"
                ],
                "S0.E6": [
                    "S0.E7",
                    "S0.E8",
                    "S0.E9"
                ],
                "S0.E7": [
                    "S0.E8",
                    "S0.E9"
                ],
                "S0.E8": [
                    "S0.E9"
                ],
                "S0.E9": [
                    null
                ]
            },
            "Accuracy": 0.7931034482758621,
            "Precision": 0.25,
            "Recall": 0.4,
            "F1 Score": 0.3076923076923077
        },
        "Article ID: 0907.2720": {
            "Adjacency List": {
                "S2.E1": [
                    null
                ],
                "S2.E2": [
                    null
                ],
                "S2.E3": [
                    null
                ],
                "S2.E4": [
                    null
                ],
                "S2.E5": [
                    null
                ],
                "S2.E6": [
                    null
                ],
                "S2.E7": [
                    null
                ],
                "S2.E8": [
                    null
                ],
                "S2.E9": [
                    null
                ],
                "S2.E10": [
                    null
                ],
                "S3.E11": [
                    null
                ],
                "S3.E12": [
                    null
                ]
            },
            "Accuracy": 0.9358974358974359,
            "Precision": 0.5833333333333334,
            "Recall": 0.5833333333333334,
            "F1 Score": 0.5833333333333334
        },
        "Article ID: 0907.2870": {
            "Adjacency List": {
                "S2.E1": [
                    null
                ],
                "S2.E2": [
                    null
                ],
                "S2.E3": [
                    null
                ],
                "S2.E4": [
                    "S2.E5",
                    "S2.E9",
                    "S2.E10"
                ],
                "S2.E5": [
                    "S2.E9",
                    "S2.E10"
                ],
                "S2.E6": [
                    "S2.E9",
                    "S2.E10"
                ],
                "S2.E7": [
                    "S2.E9",
                    "S2.E10"
                ],
                "S2.E8": [
                    "S2.E9",
                    "S2.E10"
                ],
                "S2.E9": [
                    "S2.E10",
                    "S3.E11"
                ],
                "S2.E10": [
                    null
                ],
                "S3.E11": [
                    null
                ],
                "S4.E12": [
                    null
                ],
                "S4.E13": [
                    null
                ]
            },
            "Accuracy": 0.8926553672316384,
            "Precision": 0.35,
            "Recall": 0.5384615384615384,
            "F1 Score": 0.4242424242424242
        },
        "Article ID: 0907.2872": {
            "Adjacency List": {
                "S3.E1": [
                    null
                ],
                "S3.E2": [
                    null
                ],
                "S3.E3": [
                    null
                ],
                "S3.E4": [
                    null
                ],
                "S3.E5": [
                    null
                ],
                "S3.E6": [
                    null
                ],
                "S3.E7": [
                    null
                ],
                "S3.E8": [
                    null
                ],
                "S3.E9": [
                    "S3.E10",
                    "S3.E11",
                    "S3.E13"
                ],
                "S3.E10": [
                    "S3.E11",
                    "S3.E12",
                    "S3.E13"
                ],
                "S3.E11": [
                    null
                ],
                "S3.E12": [
                    null
                ],
                "S3.E13": [
                    null
                ],
                "S3.E14": [
                    null
                ],
                "S3.E15": [
                    null
                ],
                "S3.E16": [
                    null
                ],
                "S3.E17": [
                    null
                ],
                "S3.E18": [
                    null
                ],
                "S3.E19": [
                    null
                ]
            },
            "Accuracy": 0.8970976253298153,
            "Precision": 0.08695652173913043,
            "Recall": 0.1,
            "F1 Score": 0.09302325581395349
        },
        "Article ID: 0907.2959": {
            "Adjacency List": {
                "S0.E1": [
                    null
                ],
                "S0.E2": [
                    null
                ],
                "S0.E3": [
                    null
                ],
                "S0.E4": [
                    null
                ],
                "S0.E5": [
                    null
                ],
                "S0.E6": [
                    null
                ],
                "S0.E7": [
                    null
                ]
            },
            "Accuracy": 0.8035714285714286,
            "Precision": 0.2857142857142857,
            "Recall": 0.25,
            "F1 Score": 0.26666666666666666
        },
        "Article ID: 0907.2994": {
            "Adjacency List": {
                "S1.E1": [
                    null
                ],