{
    "Correctness": {
        "Number of articles used": 5,
        "Overall Correctness": {
            "Overall Accuracy": 0.08823529411764706,
            "Overall Precision": 0.1111111111111111,
            "Overall Recall": 0.3,
            "Overall F1 Score": 0.16216216216216217
        },
        "Aggregate Correctness Statistics": {
            "Accuracy": {
                "Mean": 0.08954902890435125,
                "Lowest": 0.037037037037037035,
                "25th Quartile (Q1)": 0.06521739130434782,
                "Median": 0.08333333333333333,
                "75th Quartile (Q3)": 0.08974358974358974,
                "Highest": 0.1724137931034483
            },
            "Precision": {
                "Mean": 0.12343348013779269,
                "Lowest": 0.058823529411764705,
                "25th Quartile (Q1)": 0.07894736842105263,
                "Median": 0.09859154929577464,
                "75th Quartile (Q3)": 0.11764705882352941,
                "Highest": 0.2631578947368421
            },
            "Recall": {
                "Mean": 0.28383838383838383,
                "Lowest": 0.09090909090909091,
                "25th Quartile (Q1)": 0.2222222222222222,
                "Median": 0.2727272727272727,
                "75th Quartile (Q3)": 0.3333333333333333,
                "Highest": 0.5
            },
            "F1 Score": {
                "Mean": 0.16130944685566534,
                "Lowest": 0.07142857142857142,
                "25th Quartile (Q1)": 0.12244897959183672,
                "Median": 0.15384615384615383,
                "75th Quartile (Q3)": 0.16470588235294117,
                "Highest": 0.29411764705882354
            }
        }
    },
    "Results": {
        "Article ID: 0907.2648": {
            "Adjacency List": {
                "S0.E1": [],
                "S0.E2": [
                    "S0.E5"
                ],
                "S0.E3": [
                    "S0.E4",
                    "S0.E5"
                ],
                "S0.E4": [
                    "S0.E5",
                    "S0.E6",
                    "S0.E7",
                    "S0.E8"
                ],
                "S0.E5": [
                    "S0.E6",
                    "S0.E7",
                    "S0.E8",
                    "S0.E9"
                ],
                "S0.E6": [
                    "S0.E7",
                    "S0.E8",
                    "S0.E9"
                ],
                "S0.E7": [
                    "S0.E8",
                    "S0.E9"
                ],
                "S0.E8": [
                    "S0.E9"
                ],
                "S0.E9": []
            },
            "Accuracy": 0.08333333333333333,
            "Precision": 0.11764705882352941,
            "Recall": 0.2222222222222222,
            "F1 Score": 0.15384615384615383
        },
        "Article ID: 0907.2720": {
            "Adjacency List": {
                "S0.E1": [
                    "S0.E2",
                    "S0.E3",
                    "S0.E4",
                    "S0.E5",
                    "S0.E6",
                    "S0.E7",
                    "S0.E8",
                    "S0.E12"
                ],
                "S0.E2": [
                    "S0.E3",
                    "S0.E4",
                    "S0.E5",
                    "S0.E6",
                    "S0.E7",
                    "S0.E8",
                    "S0.E9",
                    "S0.E11",
                    "S0.E12"
                ],
                "S0.E3": [
                    "S0.E4",
                    "S0.E5",
                    "S0.E6",
                    "S0.E7",
                    "S0.E8",
                    "S0.E9",
                    "S0.E10",
                    "S0.E11",
                    "S0.E12",
                    "S0.E13"
                ],
                "S0.E4": [
                    "S0.E5",
                    "S0.E6",
                    "S0.E7",
                    "S0.E8",
                    "S0.E9",
                    "S0.E10",
                    "S0.E11",
                    "S0.E12"
                ],
                "S0.E5": [
                    "S0.E6",
                    "S0.E7",
                    "S0.E8",
                    "S0.E9",
                    "S0.E10",
                    "S0.E11",
                    "S0.E12",
                    "S0.E13"
                ],
                "S0.E6": [
                    "S0.E7",
                    "S0.E8",
                    "S0.E9",
                    "S0.E10",
                    "S0.E11",
                    "S0.E12",
                    "S0.E13"
                ],
                "S0.E7": [
                    "S0.E8",
                    "S0.E9",
                    "S0.E10",
                    "S0.E11",
                    "S0.E12",
                    "S0.E13"
                ],
                "S0.E8": [
                    "S0.E9",
                    "S0.E10",
                    "S0.E11",
                    "S0.E12",
                    "S0.E13"
                ],
                "S0.E9": [
                    "S0.E10",
                    "S0.E11",
                    "S0.E12",
                    "S0.E13"
                ],
                "S0.E10": [
                    "S0.E11",
                    "S0.E12",
                    "S0.E13"
                ],
                "S0.E11": [
                    "S0.E12",
                    "S0.E13"
                ],
                "S0.E12": [
                    "S0.E13"
                ],
                "S0.E13": []
            },
            "Accuracy": 0.08974358974358974,
            "Precision": 0.09859154929577464,
            "Recall": 0.5,
            "F1 Score": 0.16470588235294117
        },
        "Article ID: 0907.2870": {
            "Adjacency List": {
                "S2.E1": [
                    "S2.E2"
                ],
                "S2.E2": [],
                "S2.E3": [
                    "S2.E1",
                    "S2.E2",
                    "S3.E6"
                ],
                "S3.E4": [
                    "S2.E3"
                ],
                "S3.E5": [
                    "S2.E3",
                    "S3.E6",
                    "S3.E7",
                    "S4.E9"
                ],
                "S3.E6": [
                    "S3.E7",
                    "S3.E8",
                    "S4.E9"
                ],
                "S3.E7": [
                    "S2.E3",
                    "S3.E8",
                    "S4.E9"
                ],
                "S3.E8": [
                    "S4.E9"
                ],
                "S4.E9": [
                    "S4.E10"
                ],
                "S4.E10": [],
                "S5.E11": []
            },
            "Accuracy": 0.037037037037037035,
            "Precision": 0.058823529411764705,
            "Recall": 0.09090909090909091,
            "F1 Score": 0.07142857142857142
        },
        "Article ID: 0907.2872": {
            "Adjacency List": {
                "S2.E1": [],
                "S2.E2": [
                    "S2.E1"
                ],
                "S2.E3": [],
                "S2.E4": [
                    "S2.E6",
                    "S2.E7",
                    "S2.E8",
                    "S2.E9"
                ],
                "S2.E5": [
                    "S2.E4",
                    "S2.E6",
                    "S2.E7",
                    "S2.E8",
                    "S2.E9"
                ],
                "S2.E6": [
                    "S2.E7",
                    "S2.E8",
                    "S2.E9"
                ],
                "S2.E7": [
                    "S2.E8",
                    "S2.E9"
                ],
                "S2.E8": [
                    "S2.E9"
                ],
                "S2.E9": [],
                "S2.E10": [],