{
    "Correctness": {
        "Number of articles used": 15,
        "Overall Correctness": {
            "Overall Accuracy": 0.05825242718446602,
            "Overall Precision": 0.12413793103448276,
            "Overall Recall": 0.0989010989010989,
            "Overall F1 Score": 0.11009174311926605
        },
        "Aggregate Correctness Statistics": {
            "Accuracy": {
                "Mean": 0.03617009685996091,
                "Lowest": 0.0,
                "25th Quartile (Q1)": 0.0,
                "Median": 0.0,
                "75th Quartile (Q3)": 0.06274509803921569,
                "Highest": 0.15384615384615385
            },
            "Precision": {
                "Mean": 0.11213818860877685,
                "Lowest": 0.0,
                "25th Quartile (Q1)": 0.0,
                "Median": 0.0,
                "75th Quartile (Q3)": 0.15476190476190477,
                "Highest": 0.6666666666666666
            },
            "Recall": {
                "Mean": 0.0732782937736498,
                "Lowest": 0.0,
                "25th Quartile (Q1)": 0.0,
                "Median": 0.0,
                "75th Quartile (Q3)": 0.08333333333333334,
                "Highest": 0.47368421052631576
            },
            "F1 Score": {
                "Mean": 0.06542735042735043,
                "Lowest": 0.0,
                "25th Quartile (Q1)": 0.0,
                "Median": 0.0,
                "75th Quartile (Q3)": 0.11805555555555555,
                "Highest": 0.26666666666666666
            }
        }
    },
    "Results": {
        "Article ID: 0907.2648": {
            "Adjacency List": {
                "S0.E1": [],
                "S0.E2": [],
                "S0.E3": [
                    "S0.E9",
                    "S0.E10",
                    "S0.E11",
                    "S0.E12",
                    "S0.E13",
                    "S0.E14",
                    "S0.E15",
                    "S0.E16",
                    "S0.E17"
                ],
                "S0.E4": [
                    "S0.E5",
                    "S0.E7",
                    "S0.E8",
                    "S0.E9",
                    "S0.E10",
                    "S0.E11",
                    "S0.E12",
                    "S0.E13",
                    "S0.E14",
                    "S0.E15",
                    "S0.E16",
                    "S0.E17",
                    "S0.E18"
                ],
                "S0.E5": [
                    "S0.E7",
                    "S0.E8",
                    "S0.E9",
                    "S0.E10",
                    "S0.E11",
                    "S0.E12",
                    "S0.E13",
                    "S0.E14",
                    "S0.E15",
                    "S0.E16",
                    "S0.E17",
                    "S0.E18"
                ],
                "S0.E6": [
                    "S0.E7",
                    "S0.E8",
                    "S0.E9",
                    "S0.E10",
                    "S0.E11",
                    "S0.E12",
                    "S0.E13",
                    "S0.E14",
                    "S0.E15",
                    "S0.E16",
                    "S0.E17",
                    "S0.E18"
                ],
                "S0.E7": [
                    "S0.E8",
                    "S0.E9",
                    "S0.E10",
                    "S0.E11",
                    "S0.E12",
                    "S0.E13",
                    "S0.E14",
                    "S0.E15",
                    "S0.E16",
                    "S0.E17",
                    "S0.E18"
                ],
                "S0.E8": [
                    "S0.E9",
                    "S0.E10",
                    "S0.E11",
                    "S0.E12",
                    "S0.E13",
                    "S0.E14",
                    "S0.E15",
                    "S0.E16",
                    "S0.E17",
                    "S0.E18"
                ],
                "S0.E9": [
                    "S0.E10",
                    "S0.E11",
                    "S0.E12",
                    "S0.E13",
                    "S0.E14",
                    "S0.E15",
                    "S0.E16",
                    "S0.E17",
                    "S0.E18"
                ],
                "S0.E10": [
                    "S0.E11",
                    "S0.E12",
                    "S0.E13",
                    "S0.E14",
                    "S0.E15",
                    "S0.E16"
                ],
                "S0.E11": [
                    "S0.E12",
                    "S0.E13"
                ],
                "S0.E12": [],
                "S0.E13": [],
                "S0.E14": [],
                "S0.E15": [
                    "S0.E16"
                ],
                "S0.E16": [],
                "S0.E17": [],
                "S0.E18": []
            },
            "Accuracy": 0.09473684210526316,
            "Precision": 0.10588235294117647,
            "Recall": 0.47368421052631576,
            "F1 Score": 0.17307692307692304
        },
        "Article ID: 0907.2720": {
            "Adjacency List": {
                "S0.E1": [
                    "S0.E2",
                    "S0.E3",
                    "S0.E4",
                    "S0.E5",
                    "S0.E6"
                ],
                "S0.E2": [],
                "S0.E3": [],
                "S0.E4": [
                    "S0.E5"
                ],
                "S0.E5": [],
                "S0.E6": [],
                "S0.E7": [],
                "S0.E8": [],
                "S0.E9": [],
                "S0.E10": [],
                "S0.E11": [],
                "S0.E12": [],
                "S0.E13": [
                    "S0.E14"
                ],
                "S0.E14": [],
                "S0.E15": [],
                "S0.E16": [],
                "S0.E17": []
            },
            "Accuracy": 0.043478260869565216,
            "Precision": 0.14285714285714285,
            "Recall": 0.058823529411764705,
            "F1 Score": 0.08333333333333333
        },
        "Article ID: 0907.2870": {
            "Adjacency List": {
                "S0.E1": [],
                "S0.E2": [],
                "S0.E3": [],
                "S0.E4": [],
                "S0.E5": [],
                "S0.E6": [],
                "S0.E7": [],
                "S0.E8": [],
                "S0.E9": [],
                "S0.E10": [],
                "S0.E11": [],
                "S0.E12": [],
                "S0.E13": []
            },
            "Accuracy": 0.0,
            "Precision": 0,
            "Recall": 0.0,
            "F1 Score": 0
        },
        "Article ID: 0907.2872": {
            "Adjacency List": {
                "S2.E1": [],
                "S2.E2": [],
                "S2.E3": [],
                "S2.E4": [],
                "S2.E5": [],
                "S3.E6": [],
                "S3.E7": [],
                "S3.E8": [],
                "S3.E9": [],
                "S3.E10": [],
                "S4.E11": []
            },
            "Accuracy": 0.0,
            "Precision": 0,
            "Recall": 0.0,
            "F1 Score": 0
        },
        "Article ID: 0907.2959": {
            "Adjacency List": {
                "S2.E1": [],
                "S2.E2": [],
                "S2.E3": [],
                "S3.E4": [],
                "S3.E5": [],
                "S3.E6": [],
                "S3.E7": []
            },
            "Accuracy": 0.0,
            "Precision": 0,
            "Recall": 0.0,
            "F1 Score": 0
        },
        "Article ID: 0907.2994": {
            "Adjacency List": {
                "S2.E1": [],
                "S2.E2": [],
                "S2.E3": [],
                "S2.E4": [],
                "S2.E5": [],
                "S2.E6": [],
                "S2.E7": [],
                "S2.E8": [],
                "S2.E9": [],
                "S2.E10": [],
                "S3.E11": [],