{
    "Correctness": {
        "Number of articles used": 10,
        "Overall Correctness": {
            "Overall Accuracy": 0.792354474370113,
            "Overall Precision": 0.1872146118721461,
            "Overall Recall": 0.4019607843137255,
            "Overall F1 Score": 0.2554517133956386
        },
        "Aggregate Correctness Statistics": {
            "Accuracy": {
                "Mean": 0.836919746919747,
                "Lowest": 0.6373626373626373,
                "25th Quartile (Q1)": 0.8178571428571428,
                "Median": 0.8651515151515152,
                "75th Quartile (Q3)": 0.8878246753246753,
                "Highest": 0.9431818181818182
            },
            "Precision": {
                "Mean": 0.3901264991838762,
                "Lowest": 0.040983606557377046,
                "25th Quartile (Q1)": 0.23214285714285712,
                "Median": 0.35416666666666663,
                "75th Quartile (Q3)": 0.5714285714285714,
                "Highest": 0.7272727272727273
            },
            "Recall": {
                "Mean": 0.43820346320346315,
                "Lowest": 0.18181818181818182,
                "25th Quartile (Q1)": 0.2833333333333333,
                "Median": 0.41666666666666663,
                "75th Quartile (Q3)": 0.5649350649350648,
                "Highest": 0.8
            },
            "F1 Score": {
                "Mean": 0.39887362701578627,
                "Lowest": 0.07042253521126761,
                "25th Quartile (Q1)": 0.28381962864721477,
                "Median": 0.3431372549019608,
                "75th Quartile (Q3)": 0.5619047619047619,
                "Highest": 0.761904761904762
            }
        }
    },
    "Results": {
        "Article ID: 0907.2648": {
            "Adjacency List": {
                "S2.E1": [
                    null
                ],
                "S2.E2": [
                    null
                ],
                "S2.E3": [
                    null
                ],
                "S2.E4": [
                    null
                ],
                "S2.E5": [
                    null
                ]
            },
            "Accuracy": 0.8666666666666667,
            "Precision": 0.6,
            "Recall": 0.6,
            "F1 Score": 0.6
        },
        "Article ID: 0907.2720": {
            "Adjacency List": {
                "S2.E1": [
                    null
                ],
                "S2.E2": [
                    null
                ],
                "S2.E3": [
                    null
                ],
                "S3.E4": [
                    null
                ],
                "S3.E5": [
                    null
                ],
                "S3.E6": [
                    null
                ],
                "S3.E7": [
                    null
                ]
            },
            "Accuracy": 0.8928571428571429,
            "Precision": 0.5714285714285714,
            "Recall": 0.5714285714285714,
            "F1 Score": 0.5714285714285714
        },
        "Article ID: 0907.2870": {
            "Adjacency List": {
                "S3.E1": [
                    "S3.E3",
                    "S3.E4",
                    "S3.E5",
                    "S3.E6",
                    "S3.E7",
                    "S3.E8",
                    "S3.E9",
                    "S3.E10",
                    "S3.E11",
                    "S3.E12",
                    "S3.E13",
                    "S3.E14",
                    "S3.E15",
                    "S3.E16",
                    "S3.E17",
                    "S3.E18",
                    "S3.E19"
                ],
                "S3.E2": [
                    "S3.E3",
                    "S3.E4",
                    "S3.E5",
                    "S3.E6",
                    "S3.E7",
                    "S3.E8",
                    "S3.E9",
                    "S3.E10",
                    "S3.E11",
                    "S3.E12",
                    "S3.E13",
                    "S3.E14",
                    "S3.E15",
                    "S3.E16",
                    "S3.E17",
                    "S3.E18",
                    "S3.E19"
                ],
                "S3.E3": [
                    "S3.E4",
                    "S3.E5",
                    "S3.E6",
                    "S3.E7",
                    "S3.E8",
                    "S3.E9",
                    "S3.E10",
                    "S3.E11",
                    "S3.E12",
                    "S3.E13",
                    "S3.E14",
                    "S3.E15",
                    "S3.E16",
                    "S3.E17",
                    "S3.E18",
                    "S3.E19"
                ],
                "S3.E4": [
                    "S3.E5",
                    "S3.E6",
                    "S3.E7",
                    "S3.E8",
                    "S3.E9",
                    "S3.E10",
                    "S3.E11",
                    "S3.E12",
                    "S3.E13",
                    "S3.E16",
                    "S3.E18",
                    "S3.E19"
                ],
                "S3.E5": [
                    "S3.E6",
                    "S3.E7",
                    "S3.E8",
                    "S3.E9",
                    "S3.E10",
                    "S3.E11",
                    "S3.E12",
                    "S3.E13",
                    "S3.E18",
                    "S3.E19"
                ],
                "S3.E6": [
                    "S3.E7",
                    "S3.E8",
                    "S3.E9",
                    "S3.E10",
                    "S3.E11",
                    "S3.E12",
                    "S3.E13",
                    "S3.E18",
                    "S3.E19"
                ],
                "S3.E7": [
                    "S3.E8",
                    "S3.E9",
                    "S3.E10",
                    "S3.E11",
                    "S3.E12",
                    "S3.E13",
                    "S3.E16",
                    "S3.E18",
                    "S3.E19"
                ],
                "S3.E8": [
                    "S3.E10",
                    "S3.E11",
                    "S3.E12",
                    "S3.E13",
                    "S3.E19"
                ],
                "S3.E9": [
                    "S3.E10",
                    "S3.E11",
                    "S3.E12",
                    "S3.E13",
                    "S3.E19"
                ],
                "S3.E10": [
                    "S3.E11",
                    "S3.E12",
                    "S3.E13",
                    "S3.E19"
                ],
                "S3.E11": [
                    "S3.E12",
                    "S3.E13",
                    "S3.E19"
                ],
                "S3.E12": [
                    "S3.E13",
                    "S3.E19"
                ],
                "S3.E13": [
                    "S3.E19"
                ],
                "S3.E14": [
                    "S3.E19"
                ],
                "S3.E15": [
                    "S3.E16",
                    "S3.E17",
                    "S3.E18",
                    "S3.E19"
                ],
                "S3.E16": [
                    "S3.E17",
                    "S3.E18",
                    "S3.E19"
                ],
                "S3.E17": [
                    "S3.E18",
                    "S3.E19"
                ],
                "S3.E18": [
                    "S3.E19"
                ],
                "S3.E19": [
                    null
                ]
            },
            "Accuracy": 0.6373626373626373,
            "Precision": 0.040983606557377046,
            "Recall": 0.25,
            "F1 Score": 0.07042253521126761
        },
        "Article ID: 0907.2872": {
            "Adjacency List": {
                "S2.E1": [
                    null
                ],