{
    "Correctness": {
        "Number of articles used": 10,
        "Overall Correctness": {
            "Overall Accuracy": 0.898315282791817,
            "Overall Precision": 0.35570469798657717,
            "Overall Recall": 0.42063492063492064,
            "Overall F1 Score": 0.38545454545454544
        },
        "Aggregate Correctness Statistics": {
            "Accuracy": {
                "Mean": 0.8694604644974149,
                "Lowest": 0.68,
                "25th Quartile (Q1)": 0.8462121212121212,
                "Median": 0.8893330452319217,
                "75th Quartile (Q3)": 0.9228149487643159,
                "Highest": 0.9477124183006536
            },
            "Precision": {
                "Mean": 0.3601280663780664,
                "Lowest": 0.09090909090909091,
                "25th Quartile (Q1)": 0.2077922077922078,
                "Median": 0.38095238095238093,
                "75th Quartile (Q3)": 0.4502840909090909,
                "Highest": 0.7777777777777778
            },
            "Recall": {
                "Mean": 0.42751207942384417,
                "Lowest": 0.09090909090909091,
                "25th Quartile (Q1)": 0.22692307692307695,
                "Median": 0.4201680672268907,
                "75th Quartile (Q3)": 0.5520833333333334,
                "Highest": 0.8571428571428571
            },
            "F1 Score": {
                "Mean": 0.37775437025164793,
                "Lowest": 0.09090909090909091,
                "25th Quartile (Q1)": 0.22285714285714286,
                "Median": 0.4264069264069264,
                "75th Quartile (Q3)": 0.48214285714285715,
                "Highest": 0.7368421052631577
            }
        }
    },
    "Results": {
        "Article ID: 0907.2648": {
            "Adjacency List": {
                "S0.E1": [
                    null
                ],
                "S0.E2": [
                    null
                ],
                "S0.E3": [
                    null
                ],
                "S0.E4": [
                    null
                ],
                "S0.E5": [
                    null
                ],
                "S0.E6": [
                    "S0.E7",
                    "S0.E9"
                ],
                "S0.E7": [
                    "S0.E8",
                    "S0.E9"
                ],
                "S0.E8": [
                    "S0.E9"
                ],
                "S0.E9": [
                    null
                ]
            },
            "Accuracy": 0.8876404494382022,
            "Precision": 0.45454545454545453,
            "Recall": 0.5555555555555556,
            "F1 Score": 0.5
        },
        "Article ID: 0907.2720": {
            "Adjacency List": {
                "S2.E1": [
                    null
                ],
                "S2.E2": [
                    null
                ],
                "S2.E3": [
                    null
                ],
                "S2.E4": [
                    null
                ],
                "S2.E5": [
                    null
                ],
                "S2.E6": [
                    null
                ],
                "S2.E7": [
                    null
                ],
                "S2.E8": [
                    null
                ],
                "S2.E9": [
                    null
                ],
                "S2.E10": [
                    null
                ],
                "S2.E11": [
                    null
                ],
                "S2.E12": [
                    null
                ],
                "S2.E13": [
                    null
                ],
                "S3.E14": [
                    null
                ]
            },
            "Accuracy": 0.9238095238095239,
            "Precision": 0.42857142857142855,
            "Recall": 0.42857142857142855,
            "F1 Score": 0.42857142857142855
        },
        "Article ID: 0907.2870": {
            "Adjacency List": {
                "S2.E1": [
                    null
                ],
                "S2.E2": [
                    null
                ],
                "S2.E3": [
                    null
                ],
                "S3.E4": [
                    "S3.E5",
                    "S4.E6"
                ],
                "S3.E5": [
                    "S4.E6"
                ],
                "S4.E6": [
                    null
                ],
                "S4.E7": [
                    null
                ],
                "S4.E8": [
                    null
                ],
                "S4.E9": [
                    null
                ],
                "S4.E10": [
                    null
                ]
            },
            "Accuracy": 0.8454545454545455,
            "Precision": 0.18181818181818182,
            "Recall": 0.2,
            "F1 Score": 0.1904761904761905
        },
        "Article ID: 0907.2872": {
            "Adjacency List": {
                "S2.E1": [
                    "S2.E4",
                    "S3.E5"
                ],
                "S2.E2": [
                    "S2.E4"
                ],
                "S2.E3": [
                    "S2.E4",
                    "S3.E5",
                    "S3.E6",
                    "S3.E7"
                ],
                "S2.E4": [
                    "S3.E5",
                    "S3.E6",
                    "S3.E7",
                    "S3.E8"
                ],
                "S3.E5": [
                    null
                ],
                "S3.E6": [
                    null
                ],
                "S3.E7": [
                    null
                ],
                "S3.E8": [
                    null
                ],
                "S3.E9": [
                    null
                ],
                "S3.E10": [
                    null
                ],
                "S3.E11": [
                    null
                ]
            },
            "Accuracy": 0.8062015503875969,
            "Precision": 0.1111111111111111,
            "Recall": 0.18181818181818182,
            "F1 Score": 0.13793103448275862
        },
        "Article ID: 0907.2959": {
            "Adjacency List": {
                "S0.E1": [
                    null
                ],
                "S0.E2": [
                    "S0.E3"
                ],
                "S0.E3": [
                    null
                ],
                "S0.E4": [
                    null
                ],
                "S0.E5": [
                    null
                ],
                "S0.E6": [
                    null
                ],
                "S0.E7": [
                    null
                ],
                "S0.E8": [
                    null
                ],
                "S0.E9": [
                    null
                ]
            },
            "Accuracy": 0.9444444444444444,
            "Precision": 0.7777777777777778,
            "Recall": 0.7,
            "F1 Score": 0.7368421052631577
        },
        "Article ID: 0907.2994": {
            "Adjacency List": {
                "S3.E1": [
                    "S3.E2",
                    "S3.E3",
                    "S3.E4",
                    "S4.E5",
                    "S4.E6",
                    "S5.E7"
                ],
                "S3.E2": [
                    "S3.E3",
                    "S3.E4",
                    "S4.E5",
                    "S4.E6",
                    "S5.E7"
                ],
                "S3.E3": [
                    "S4.E5",
                    "S4.E6",
                    "S5.E7"
                ],
                "S3.E4": [
                    "S4.E5",
                    "S4.E6",
                    "S5.E7"
                ],
                "S4.E5": [
                    "S4.E6",
                    "S5.E7"
                ],