{
    "Correctness": {
        "Number of articles used": 10,
        "Overall Correctness": {
            "Overall Accuracy": 0.9,
            "Overall Precision": 0.38461538461538464,
            "Overall Recall": 0.38461538461538464,
            "Overall F1 Score": 0.38461538461538464
        },
        "Aggregate Correctness Statistics": {
            "Accuracy": {
                "Mean": 0.8760028906590284,
                "Lowest": 0.7,
                "25th Quartile (Q1)": 0.8784722222222222,
                "Median": 0.896969696969697,
                "75th Quartile (Q3)": 0.9068181818181817,
                "Highest": 0.9380952380952381
            },
            "Precision": {
                "Mean": 0.3881890331890332,
                "Lowest": 0.16666666666666666,
                "25th Quartile (Q1)": 0.2714285714285714,
                "Median": 0.38181818181818183,
                "75th Quartile (Q3)": 0.5111111111111111,
                "Highest": 0.6
            },
            "Recall": {
                "Mean": 0.38020583991172224,
                "Lowest": 0.2,
                "25th Quartile (Q1)": 0.25416666666666665,
                "Median": 0.40404040404040403,
                "75th Quartile (Q3)": 0.49264705882352944,
                "Highest": 0.5714285714285714
            },
            "F1 Score": {
                "Mean": 0.3828705508015853,
                "Lowest": 0.1818181818181818,
                "25th Quartile (Q1)": 0.2564655172413793,
                "Median": 0.398034398034398,
                "75th Quartile (Q3)": 0.5111111111111111,
                "Highest": 0.5517241379310344
            }
        }
    },
    "Results": {
        "Article ID: 0907.2648": {
            "Adjacency List": {
                "S1.E1": [
                    null
                ],
                "S1.E2": [
                    null
                ],
                "S2.E3": [
                    null
                ],
                "S2.E4": [
                    null
                ],
                "S2.E5": [
                    null
                ],
                "S3.E6": [
                    null
                ],
                "S3.E7": [
                    null
                ],
                "S3.E8": [
                    null
                ],
                "S3.E9": [
                    null
                ],
                "S3.E10": [
                    null
                ]
            },
            "Accuracy": 0.9090909090909091,
            "Precision": 0.6,
            "Recall": 0.5,
            "F1 Score": 0.5454545454545454
        },
        "Article ID: 0907.2720": {
            "Adjacency List": {
                "S2.E1": [
                    null
                ],
                "S2.E2": [
                    null
                ],
                "S2.E3": [
                    null
                ],
                "S2.E4": [
                    null
                ],
                "S2.E5": [
                    null
                ],
                "S3.E6": [
                    null
                ],
                "S3.E7": [
                    null
                ],
                "S3.E8": [
                    null
                ],
                "S3.E9": [
                    null
                ],
                "S3.E10": [
                    null
                ],
                "S4.E11": [
                    null
                ]
            },
            "Accuracy": 0.8939393939393939,
            "Precision": 0.36363636363636365,
            "Recall": 0.36363636363636365,
            "F1 Score": 0.36363636363636365
        },
        "Article ID: 0907.2870": {
            "Adjacency List": {
                "S3.E1": [
                    null
                ],
                "S3.E2": [
                    null
                ],
                "S3.E3": [
                    null
                ],
                "S3.E4": [
                    null
                ],
                "S3.E5": [
                    null
                ],
                "S3.E6": [
                    null
                ],
                "S3.E7": [
                    null
                ],
                "S6.E8": [
                    null
                ],
                "S6.E9": [
                    null
                ]
            },
            "Accuracy": 0.8888888888888888,
            "Precision": 0.4444444444444444,
            "Recall": 0.4444444444444444,
            "F1 Score": 0.4444444444444444
        },
        "Article ID: 0907.2872": {
            "Adjacency List": {
                "S2.E1": [
                    null
                ],
                "S2.E2": [
                    null
                ],
                "S2.E3": [
                    null
                ],
                "S3.E4": [
                    "S3.E5",
                    "S4.E6",
                    "S4.E8"
                ],
                "S3.E5": [
                    "S4.E6"
                ],
                "S4.E6": [
                    "S4.E8"
                ],
                "S4.E7": [
                    null
                ],
                "S4.E8": [
                    null
                ],
                "S4.E9": [
                    null
                ],
                "S4.E10": [
                    null
                ]
            },
            "Accuracy": 0.8348623853211009,
            "Precision": 0.16666666666666666,
            "Recall": 0.2,
            "F1 Score": 0.1818181818181818
        },
        "Article ID: 0907.2959": {
            "Adjacency List": {
                "S4.E1": [
                    null
                ],
                "S4.E2": [
                    "S4.E3",
                    "S5.E4"
                ],
                "S4.E3": [
                    "S5.E4"
                ],
                "S5.E4": [
                    null
                ],
                "S5.E5": [
                    null
                ],
                "S5.E6": [
                    null
                ],
                "S5.E7": [
                    null
                ],
                "S6.E8": [
                    null
                ],
                "S6.E9": [
                    null
                ],
                "S6.E10": [
                    null
                ],
                "S6.E11": [
                    null
                ],
                "S6.E12": [
                    null
                ],
                "S6.E13": [
                    null
                ],
                "S6.E14": [
                    null
                ]
            },
            "Accuracy": 0.9380952380952381,
            "Precision": 0.5333333333333333,
            "Recall": 0.5714285714285714,
            "F1 Score": 0.5517241379310344
        },
        "Article ID: 0907.2994": {
            "Adjacency List": {
                "S2.E1": [
                    null
                ],
                "S2.E2": [
                    null
                ],
                "S2.E3": [
                    null
                ],
                "S2.E4": [
                    null
                ]
            },
            "Accuracy": 0.7,
            "Precision": 0.25,
            "Recall": 0.25,
            "F1 Score": 0.25
        },
        "Article ID: 0907.3017": {
            "Adjacency List": {
                "S0.E1": [
                    null
                ],
                "S0.E2": [
                    null
                ],
                "S0.E3": [
                    null
                ],
                "S0.E4": [
                    null
                ],
                "S0.E5": [
                    null
                ],
                "S0.E6": [
                    null
                ],
                "S0.E7": [
                    null
                ],