{
    "Correctness": {
        "Number of articles used": 15,
        "Overall Correctness": {
            "Overall Accuracy": 0.8742824339839265,
            "Overall Precision": 0.28187919463087246,
            "Overall Recall": 0.2727272727272727,
            "Overall F1 Score": 0.2772277227722772
        },
        "Aggregate Correctness Statistics": {
            "Accuracy": {
                "Mean": 0.8366915186176171,
                "Lowest": 0.5555555555555556,
                "25th Quartile (Q1)": 0.829004329004329,
                "Median": 0.8692307692307693,
                "75th Quartile (Q3)": 0.8916666666666666,
                "Highest": 0.9111111111111111
            },
            "Precision": {
                "Mean": 0.283993783993784,
                "Lowest": 0.0,
                "25th Quartile (Q1)": 0.19090909090909092,
                "Median": 0.3,
                "75th Quartile (Q3)": 0.358974358974359,
                "Highest": 0.6
            },
            "Recall": {
                "Mean": 0.2786824286824287,
                "Lowest": 0.0,
                "25th Quartile (Q1)": 0.19090909090909092,
                "Median": 0.25,
                "75th Quartile (Q3)": 0.358974358974359,
                "Highest": 0.5714285714285714
            },
            "F1 Score": {
                "Mean": 0.2803649020200744,
                "Lowest": 0.0,
                "25th Quartile (Q1)": 0.19090909090909092,
                "Median": 0.2727272727272727,
                "75th Quartile (Q3)": 0.358974358974359,
                "Highest": 0.5714285714285714
            }
        }
    },
    "Results": {
        "Article ID: 0907.2648": {
            "Adjacency List": {
                "S1.E1": [
                    null
                ],
                "S1.E2": [
                    null
                ],
                "S2.E3": [
                    null
                ],
                "S2.E4": [
                    null
                ],
                "S2.E5": [
                    null
                ],
                "S3.E6": [
                    null
                ],
                "S3.E7": [
                    null
                ],
                "S3.E8": [
                    null
                ],
                "S3.E9": [
                    null
                ],
                "S3.E10": [
                    null
                ]
            },
            "Accuracy": 0.9090909090909091,
            "Precision": 0.6,
            "Recall": 0.5,
            "F1 Score": 0.5454545454545454
        },
        "Article ID: 0907.2720": {
            "Adjacency List": {
                "S2.E1": [
                    null
                ],
                "S2.E2": [
                    null
                ],
                "S2.E3": [
                    null
                ],
                "S2.E4": [
                    null
                ],
                "S2.E5": [
                    null
                ],
                "S3.E6": [
                    null
                ],
                "S3.E7": [
                    null
                ],
                "S3.E8": [
                    null
                ],
                "S3.E9": [
                    null
                ],
                "S3.E10": [
                    null
                ],
                "S3.E11": [
                    null
                ],
                "S3.E12": [
                    null
                ],
                "S3.E13": [
                    null
                ],
                "S4.E14": [
                    null
                ]
            },
            "Accuracy": 0.8952380952380953,
            "Precision": 0.21428571428571427,
            "Recall": 0.21428571428571427,
            "F1 Score": 0.21428571428571427
        },
        "Article ID: 0907.2870": {
            "Adjacency List": {
                "S2.E1": [
                    null
                ],
                "S2.E2": [
                    null
                ],
                "S2.E3": [
                    null
                ],
                "S3.E4": [
                    null
                ],
                "S3.E5": [
                    null
                ],
                "S3.E6": [
                    null
                ],
                "S3.E7": [
                    null
                ]
            },
            "Accuracy": 0.8928571428571429,
            "Precision": 0.5714285714285714,
            "Recall": 0.5714285714285714,
            "F1 Score": 0.5714285714285714
        },
        "Article ID: 0907.2872": {
            "Adjacency List": {
                "S2.E1": [
                    null
                ],
                "S2.E2": [
                    null
                ],
                "S2.E3": [
                    null
                ],
                "S2.E4": [
                    null
                ],
                "S2.E5": [
                    null
                ],
                "S2.E6": [
                    null
                ],
                "S3.E7": [
                    null
                ],
                "S3.E8": [
                    "S3.E9",
                    "S3.E10"
                ],
                "S3.E9": [
                    "S3.E10",
                    "S3.E11"
                ],
                "S3.E10": [
                    null
                ],
                "S3.E11": [
                    null
                ]
            },
            "Accuracy": 0.8692307692307693,
            "Precision": 0.3076923076923077,
            "Recall": 0.3333333333333333,
            "F1 Score": 0.32
        },
        "Article ID: 0907.2959": {
            "Adjacency List": {
                "S2.E1": [
                    null
                ],
                "S2.E2": [
                    null
                ],
                "S2.E3": [
                    null
                ],
                "S3.E4": [
                    null
                ],
                "S3.E5": [
                    null
                ],
                "S3.E6": [
                    null
                ],
                "S3.E7": [
                    null
                ],
                "S3.E8": [
                    null
                ],
                "S3.E9": [
                    null
                ],
                "S3.E10": [
                    null
                ],
                "S3.E11": [
                    null
                ],
                "S3.E12": [
                    null
                ],
                "S3.E13": [
                    null
                ],
                "S3.E14": [
                    null
                ]
            },
            "Accuracy": 0.8904761904761904,
            "Precision": 0.21428571428571427,
            "Recall": 0.2,
            "F1 Score": 0.20689655172413796
        },
        "Article ID: 0907.2994": {
            "Adjacency List": {
                "S2.E1": [
                    null
                ],
                "S2.E2": [
                    null
                ],
                "S2.E3": [
                    null
                ],
                "S2.E4": [
                    null
                ],
                "S3.E5": [
                    null
                ],
                "S3.E6": [
                    null
                ],
                "S3.E7": [
                    null
                ],
                "S3.E8": [
                    null
                ],
                "S3.E9": [
                    null
                ],
                "S3.E10": [
                    null
                ],
                "S3.E11": [
                    null
                ]
            },
            "Accuracy": 0.8636363636363636,
            "Precision": 0.18181818181818182,
            "Recall": 0.18181818181818182,