{
    "Correctness": {
        "Number of articles used": 15,
        "Overall Correctness": {
            "Overall Accuracy": 0.041025641025641026,
            "Overall Precision": 0.17391304347826086,
            "Overall Recall": 0.050955414012738856,
            "Overall F1 Score": 0.07881773399014778
        },
        "Aggregate Correctness Statistics": {
            "Accuracy": {
                "Mean": 0.036813186813186814,
                "Lowest": 0.0,
                "25th Quartile (Q1)": 0.0,
                "Median": 0.0,
                "75th Quartile (Q3)": 0.03571428571428571,
                "Highest": 0.25
            },
            "Precision": {
                "Mean": 0.07023809523809524,
                "Lowest": 0.0,
                "25th Quartile (Q1)": 0.0,
                "Median": 0.0,
                "75th Quartile (Q3)": 0.05,
                "Highest": 0.42857142857142855
            },
            "Recall": {
                "Mean": 0.06452380952380952,
                "Lowest": 0.0,
                "25th Quartile (Q1)": 0.0,
                "Median": 0.0,
                "75th Quartile (Q3)": 0.07142857142857142,
                "Highest": 0.375
            },
            "F1 Score": {
                "Mean": 0.06285714285714286,
                "Lowest": 0.0,
                "25th Quartile (Q1)": 0.0,
                "Median": 0.0,
                "75th Quartile (Q3)": 0.06666666666666667,
                "Highest": 0.39999999999999997
            }
        }
    },
    "Results": {
        "Article ID: 0907.2648": {
            "Adjacency List": {
                "S0.E1": [
                    "S0.E2",
                    "S0.E3"
                ],
                "S0.E2": [
                    "S0.E3"
                ],
                "S0.E3": [],
                "S0.E4": [],
                "S0.E5": [
                    "S0.E6",
                    "S0.E7"
                ],
                "S0.E6": [],
                "S0.E7": [],
                "S0.E8": [],
                "S0.E9": []
            },
            "Accuracy": 0.15384615384615385,
            "Precision": 0.4,
            "Recall": 0.2,
            "F1 Score": 0.26666666666666666
        },
        "Article ID: 0907.2720": {
            "Adjacency List": {
                "S0.E1": [],
                "S0.E2": [],
                "S0.E3": [],
                "S0.E4": [],
                "S0.E5": [],
                "S0.E6": [],
                "S0.E7": [],
                "S0.E8": [],
                "S0.E9": [],
                "S0.E10": []
            },
            "Accuracy": 0.0,
            "Precision": 0,
            "Recall": 0.0,
            "F1 Score": 0
        },
        "Article ID: 0907.2870": {
            "Adjacency List": {
                "S0.E1": [],
                "S0.E2": [],
                "S0.E3": [],
                "S0.E4": [],
                "S0.E5": [],
                "S0.E6": []
            },
            "Accuracy": 0.0,
            "Precision": 0,
            "Recall": 0.0,
            "F1 Score": 0
        },
        "Article ID: 0907.2872": {
            "Adjacency List": {
                "S1.E1": [],
                "S1.E2": [
                    "S1.E4"
                ],
                "S1.E3": [
                    "S1.E4"
                ],
                "S1.E4": []
            },
            "Accuracy": 0.0,
            "Precision": 0.0,
            "Recall": 0.0,
            "F1 Score": 0
        },
        "Article ID: 0907.2959": {
            "Adjacency List": {
                "S2.E1": [],
                "S2.E2": [],
                "S2.E3": [],
                "S2.E4": [],
                "S2.E5": [],
                "S2.E6": [],
                "S2.E7": [],
                "S2.E8": [],
                "S2.E9": [],
                "S2.E10": [],
                "S2.E11": [],
                "S2.E12": []
            },
            "Accuracy": 0.0,
            "Precision": 0,
            "Recall": 0.0,
            "F1 Score": 0
        },
        "Article ID: 0907.2994": {
            "Adjacency List": {
                "S0.E1": [],
                "S0.E2": [],
                "S0.E3": [],
                "S0.E4": [],
                "S0.E5": [],
                "S0.E6": [],
                "S0.E7": [],
                "S0.E8": [],
                "S0.E9": [],
                "S0.E10": [],
                "S0.E11": [],
                "S0.E12": [],
                "S0.E13": []
            },
            "Accuracy": 0.0,
            "Precision": 0,
            "Recall": 0.0,
            "F1 Score": 0
        },
        "Article ID: 0907.3017": {
            "Adjacency List": {
                "S0.E1": [
                    "S0.E2",
                    "S0.E3",
                    "S0.E7"
                ],
                "S0.E2": [
                    "S0.E7"
                ],
                "S0.E3": [
                    "S0.E7"
                ],
                "S0.E4": [
                    "S0.E7"
                ],
                "S0.E5": [
                    "S0.E7"
                ],
                "S0.E6": [
                    "S0.E7"
                ],
                "S0.E7": []
            },
            "Accuracy": 0.07142857142857142,
            "Precision": 0.125,
            "Recall": 0.14285714285714285,
            "F1 Score": 0.13333333333333333
        },
        "Article ID: 0907.3028": {
            "Adjacency List": {
                "S0.E1": [],
                "S0.E2": [],
                "S0.E3": [],
                "S0.E4": [],
                "S0.E5": [],
                "S0.E6": [],
                "S0.E7": [],
                "S0.E8": [],
                "S0.E9": []
            },
            "Accuracy": 0.0,
            "Precision": 0,
            "Recall": 0.0,
            "F1 Score": 0
        },
        "Article ID: 0907.3040": {
            "Adjacency List": {
                "S1.E1": [],
                "S4.E2": [],
                "S4.E3": [],
                "S4.E4": [],
                "S4.E5": [],
                "S4.E6": [],
                "S4.E7": [],
                "S4.E8": [],
                "S4.E9": [],
                "S5.E10": [],
                "S5.E11": [],
                "S5.E12": []
            },
            "Accuracy": 0.0,
            "Precision": 0,
            "Recall": 0.0,
            "F1 Score": 0
        },
        "Article ID: 0907.3145": {
            "Adjacency List": {
                "S2.E1": [
                    "S2.E2",
                    "S2.E3",
                    "S2.E4",
                    "S3.E5",
                    "S3.E6",
                    "S3.E7"
                ],
                "S2.E2": [
                    "S2.E3",
                    "S2.E4",
                    "S3.E5",
                    "S3.E6",
                    "S3.E7"
                ],
                "S2.E3": [
                    "S3.E5",
                    "S3.E6",
                    "S3.E7"
                ],
                "S2.E4": [
                    "S3.E5",
                    "S3.E6",
                    "S3.E7"
                ],
                "S3.E5": [
                    "S3.E6",
                    "S3.E7"
                ],
                "S3.E6": [
                    "S3.E7"
                ],
                "S3.E7": []
            },
            "Accuracy": 0.07692307692307693,
            "Precision": 0.1,
            "Recall": 0.25,
            "F1 Score": 0.14285714285714288
        },
        "Article ID: 0907.3172": {
            "Adjacency List": {
                "S0.E1": [],
                "S0.E2": [],
                "S0.E3": [
                    "S0.E4",
                    "S0.E5",
                    "S0.E8"
                ],
                "S0.E4": [
                    "S0.E5",
                    "S0.E8"
                ],