{
    "Correctness": {
        "Number of articles used": 10,
        "Overall Correctness": {
            "Overall Accuracy": 0.25311203319502074,
            "Overall Precision": 0.3961038961038961,
            "Overall Recall": 0.41216216216216217,
            "Overall F1 Score": 0.4039735099337748
        },
        "Aggregate Correctness Statistics": {
            "Accuracy": {
                "Mean": 0.3119624882354855,
                "Lowest": 0.047619047619047616,
                "25th Quartile (Q1)": 0.19377240143369176,
                "Median": 0.2386128364389234,
                "75th Quartile (Q3)": 0.33288770053475936,
                "Highest": 0.7272727272727273
            },
            "Precision": {
                "Mean": 0.4375880981763335,
                "Lowest": 0.09090909090909091,
                "25th Quartile (Q1)": 0.32598039215686275,
                "Median": 0.36877828054298645,
                "75th Quartile (Q3)": 0.5120320855614973,
                "Highest": 0.8888888888888888
            },
            "Recall": {
                "Mean": 0.45259268001258846,
                "Lowest": 0.09090909090909091,
                "25th Quartile (Q1)": 0.2808704453441295,
                "Median": 0.43143812709030105,
                "75th Quartile (Q3)": 0.5340909090909091,
                "Highest": 0.875
            },
            "F1 Score": {
                "Mean": 0.43940070080738175,
                "Lowest": 0.09090909090909091,
                "25th Quartile (Q1)": 0.32463859208045254,
                "Median": 0.3852901484480432,
                "75th Quartile (Q3)": 0.49844720496894407,
                "Highest": 0.8421052631578948
            }
        }
    },
    "Results": {
        "Article ID: 0907.2648": {
            "Adjacency List": {
                "S0.E1": [
                    null
                ],
                "S0.E2": [
                    "S0.E3",
                    "S0.E4"
                ],
                "S0.E3": [
                    "S0.E4"
                ],
                "S0.E4": [
                    null
                ],
                "S0.E5": [
                    null
                ],
                "S0.E6": [
                    null
                ],
                "S0.E7": [
                    null
                ],
                "S0.E8": [
                    null
                ],
                "S0.E9": [
                    null
                ],
                "S0.E10": [
                    null
                ]
            },
            "Accuracy": 0.35294117647058826,
            "Precision": 0.5454545454545454,
            "Recall": 0.5,
            "F1 Score": 0.5217391304347826
        },
        "Article ID: 0907.2720": {
            "Adjacency List": {
                "S0.E1": [
                    null
                ],
                "S0.E2": [
                    null
                ],
                "S0.E3": [
                    null
                ],
                "S0.E4": [
                    null
                ],
                "S0.E5": [
                    null
                ],
                "S0.E6": [
                    null
                ],
                "S0.E7": [
                    null
                ],
                "S0.E8": [
                    null
                ],
                "S0.E9": [
                    null
                ],
                "S0.E10": [
                    null
                ],
                "S0.E11": [
                    null
                ],
                "S0.E12": [
                    null
                ],
                "S0.E13": [
                    null
                ],
                "S0.E14": [
                    null
                ],
                "S0.E15": [
                    null
                ],
                "S0.E16": [
                    null
                ],
                "S0.E17": [
                    null
                ],
                "S0.E18": [
                    null
                ]
            },
            "Accuracy": 0.1935483870967742,
            "Precision": 0.3333333333333333,
            "Recall": 0.3157894736842105,
            "F1 Score": 0.3243243243243243
        },
        "Article ID: 0907.2870": {
            "Adjacency List": {
                "S2.E1": [
                    null
                ],
                "S2.E2": [
                    null
                ],
                "S2.E3": [
                    null
                ],
                "S2.E4": [
                    "S2.E5"
                ],
                "S2.E5": [
                    null
                ],
                "S2.E6": [
                    null
                ],
                "S2.E7": [
                    null
                ],
                "S2.E8": [
                    null
                ],
                "S2.E9": [
                    null
                ],
                "S2.E10": [
                    null
                ],
                "S3.E11": [
                    null
                ],
                "S4.E12": [
                    null
                ],
                "S4.E13": [
                    null
                ]
            },
            "Accuracy": 0.23809523809523808,
            "Precision": 0.38461538461538464,
            "Recall": 0.38461538461538464,
            "F1 Score": 0.38461538461538464
        },
        "Article ID: 0907.2872": {
            "Adjacency List": {
                "S0.E1": [
                    null
                ],
                "S0.E2": [
                    null
                ],
                "S0.E3": [
                    null
                ],
                "S0.E4": [
                    null
                ],
                "S0.E5": [
                    null
                ],
                "S0.E6": [
                    null
                ],
                "S0.E7": [
                    null
                ],
                "S0.E8": [
                    null
                ],
                "S0.E9": [
                    null
                ]
            },
            "Accuracy": 0.7272727272727273,
            "Precision": 0.8888888888888888,
            "Recall": 0.8,
            "F1 Score": 0.8421052631578948
        },
        "Article ID: 0907.2959": {
            "Adjacency List": {
                "S0.E1": [
                    null
                ],
                "S0.E2": [
                    null
                ],
                "S0.E3": [
                    "S0.E4",
                    "S0.E5"
                ],
                "S0.E4": [
                    "S0.E5"
                ],
                "S0.E5": [
                    "S0.E8"
                ],
                "S0.E6": [
                    null
                ],
                "S0.E7": [
                    "S0.E8"
                ],
                "S0.E8": [
                    null
                ]
            },
            "Accuracy": 0.7,
            "Precision": 0.7777777777777778,
            "Recall": 0.875,
            "F1 Score": 0.823529411764706
        },
        "Article ID: 0907.2994": {
            "Adjacency List": {
                "S0.E1": [
                    null
                ],
                "S0.E2": [
                    null
                ],
                "S0.E3": [
                    null
                ],
                "S0.E4": [
                    "S0.E5",
                    "S0.E6",
                    "S0.E7",
                    "S0.E8",
                    "S0.E9"
                ],
                "S0.E5": [
                    "S0.E6",
                    "S0.E7",
                    "S0.E8"
                ],
                "S0.E6": [
                    "S0.E8"
                ],
                "S0.E7": [
                    "S0.E8"
                ],