{
    "Correctness": {
        "Number of articles used": 10,
        "Overall Correctness": {
            "Overall Accuracy": 0.12232415902140673,
            "Overall Precision": 0.16260162601626016,
            "Overall Recall": 0.3305785123966942,
            "Overall F1 Score": 0.21798365122615804
        },
        "Aggregate Correctness Statistics": {
            "Accuracy": {
                "Mean": 0.10454855376033086,
                "Lowest": 0.0,
                "25th Quartile (Q1)": 0.048219241443108234,
                "Median": 0.10727969348659003,
                "75th Quartile (Q3)": 0.17207792207792208,
                "Highest": 0.2127659574468085
            },
            "Precision": {
                "Mean": 0.1553515682588825,
                "Lowest": 0.0,
                "25th Quartile (Q1)": 0.06153250773993808,
                "Median": 0.15476190476190477,
                "75th Quartile (Q3)": 0.23828125,
                "Highest": 0.4
            },
            "Recall": {
                "Mean": 0.2701883049870666,
                "Lowest": 0.0,
                "25th Quartile (Q1)": 0.18636363636363637,
                "Median": 0.23214285714285715,
                "75th Quartile (Q3)": 0.3125,
                "Highest": 0.6842105263157895
            },
            "F1 Score": {
                "Mean": 0.1813404145376018,
                "Lowest": 0.0,
                "25th Quartile (Q1)": 0.09183673469387754,
                "Median": 0.19375,
                "75th Quartile (Q3)": 0.2932692307692308,
                "Highest": 0.3508771929824561
            }
        }
    },
    "Results": {
        "Article ID: 0907.2648": {
            "Adjacency List": {
                "S1.E1": [],
                "S1.E2": [
                    "S1.E1",
                    "S2.E3",
                    "S2.E4",
                    "S2.E5",
                    "S3.E6",
                    "S3.E8"
                ],
                "S2.E3": [
                    "S2.E4",
                    "S2.E5",
                    "S3.E6"
                ],
                "S2.E4": [
                    "S2.E5",
                    "S3.E6",
                    "S3.E8",
                    "S3.E9"
                ],
                "S2.E5": [
                    "S3.E6",
                    "S3.E8",
                    "S3.E9"
                ],
                "S3.E6": [
                    "S3.E8",
                    "S3.E9"
                ],
                "S3.E7": [
                    "S1.E2",
                    "S2.E3",
                    "S2.E4",
                    "S2.E5",
                    "S3.E6",
                    "S3.E8"
                ],
                "S3.E8": [
                    "S3.E9"
                ],
                "S3.E9": [
                    "S3.E7"
                ],
                "S3.E10": [
                    "S3.E7",
                    "S3.E9"
                ]
            },
            "Accuracy": 0.1111111111111111,
            "Precision": 0.14285714285714285,
            "Recall": 0.3333333333333333,
            "F1 Score": 0.2
        },
        "Article ID: 0907.2720": {
            "Adjacency List": {
                "S0.E1": [],
                "S0.E2": [],
                "S0.E3": [
                    "S0.E4",
                    "S0.E5",
                    "S0.E6",
                    "S0.E7",
                    "S0.E9"
                ],
                "S0.E4": [
                    "S0.E5",
                    "S0.E6",
                    "S0.E7",
                    "S0.E8",
                    "S0.E9"
                ],
                "S0.E5": [
                    "S0.E6",
                    "S0.E7",
                    "S0.E8",
                    "S0.E9",
                    "S0.E10"
                ],
                "S0.E6": [
                    "S0.E7",
                    "S0.E8",
                    "S0.E9",
                    "S0.E10",
                    "S0.E14"
                ],
                "S0.E7": [
                    "S0.E8",
                    "S0.E9",
                    "S0.E10",
                    "S0.E11",
                    "S0.E12",
                    "S0.E13",
                    "S0.E14",
                    "S0.E15",
                    "S0.E16"
                ],
                "S0.E8": [
                    "S0.E9",
                    "S0.E10",
                    "S0.E11",
                    "S0.E12",
                    "S0.E13",
                    "S0.E14"
                ],
                "S0.E9": [
                    "S0.E10",
                    "S0.E11",
                    "S0.E12",
                    "S0.E13",
                    "S0.E14",
                    "S0.E15",
                    "S0.E16",
                    "S0.E18"
                ],
                "S0.E10": [
                    "S0.E11",
                    "S0.E12",
                    "S0.E13",
                    "S0.E14"
                ],
                "S0.E11": [
                    "S0.E12",
                    "S0.E13",
                    "S0.E14"
                ],
                "S0.E12": [
                    "S0.E13",
                    "S0.E14"
                ],
                "S0.E13": [
                    "S0.E14",
                    "S0.E16"
                ],
                "S0.E14": [
                    "S0.E15",
                    "S0.E16",
                    "S0.E17",
                    "S0.E18"
                ],
                "S0.E15": [
                    "S0.E16",
                    "S0.E17",
                    "S0.E18"
                ],
                "S0.E16": [
                    "S0.E17",
                    "S0.E18"
                ],
                "S0.E17": [
                    "S0.E18"
                ],
                "S0.E18": []
            },
            "Accuracy": 0.18571428571428572,
            "Precision": 0.203125,
            "Recall": 0.6842105263157895,
            "F1 Score": 0.3132530120481928
        },
        "Article ID: 0907.2870": {
            "Adjacency List": {
                "S2.E1": [
                    "S2.E3",
                    "S2.E5",
                    "S2.E7",
                    "S2.E8",
                    "S2.E9"
                ],
                "S2.E2": [
                    "S2.E1",
                    "S2.E4",
                    "S2.E5",
                    "S2.E6",
                    "S2.E7",
                    "S2.E8",
                    "S2.E9"
                ],
                "S2.E3": [
                    "S2.E2",
                    "S2.E4",
                    "S2.E5",
                    "S2.E6",
                    "S2.E7",
                    "S2.E8",
                    "S2.E9"
                ],
                "S2.E4": [
                    "S2.E5",
                    "S2.E6",
                    "S2.E7",
                    "S2.E8",
                    "S2.E9",
                    "S2.E10"
                ],
                "S2.E5": [
                    "S2.E6",
                    "S2.E7",
                    "S2.E8",
                    "S2.E9",
                    "S2.E10"
                ],
                "S2.E6": [
                    "S2.E7",
                    "S2.E8",
                    "S2.E9",
                    "S2.E10"
                ],
                "S2.E7": [
                    "S2.E8",
                    "S2.E9",
                    "S2.E10"
                ],
                "S2.E8": [
                    "S2.E9",
                    "S2.E10"
                ],
                "S2.E9": [
                    "S2.E10"
                ],
                "S2.E10": []
            },
            "Accuracy": 0.2127659574468085,
            "Precision": 0.25,
            "Recall": 0.5882352941176471,
            "F1 Score": 0.3508771929824561
        },