{
    "Correctness": {
        "Number of articles used": 10,
        "Overall Correctness": {
            "Overall Accuracy": 0.27184466019417475,
            "Overall Precision": 0.4444444444444444,
            "Overall Recall": 0.4117647058823529,
            "Overall F1 Score": 0.42748091603053434
        },
        "Aggregate Correctness Statistics": {
            "Accuracy": {
                "Mean": 0.305070918360392,
                "Lowest": 0.07692307692307693,
                "25th Quartile (Q1)": 0.11458333333333333,
                "Median": 0.32456140350877194,
                "75th Quartile (Q3)": 0.3925925925925926,
                "Highest": 0.8181818181818182
            },
            "Precision": {
                "Mean": 0.43958247634718217,
                "Lowest": 0.15384615384615385,
                "25th Quartile (Q1)": 0.18636363636363637,
                "Median": 0.5227272727272727,
                "75th Quartile (Q3)": 0.5786764705882353,
                "Highest": 0.9
            },
            "Recall": {
                "Mean": 0.4309915966386555,
                "Lowest": 0.12,
                "25th Quartile (Q1)": 0.22142857142857142,
                "Median": 0.42857142857142855,
                "75th Quartile (Q3)": 0.6102941176470589,
                "Highest": 0.9
            },
            "F1 Score": {
                "Mean": 0.4294500214500214,
                "Lowest": 0.14285714285714282,
                "25th Quartile (Q1)": 0.20555555555555557,
                "Median": 0.49,
                "75th Quartile (Q3)": 0.5637065637065637,
                "Highest": 0.9
            }
        }
    },
    "Results": {
        "Article ID: 0907.2648": {
            "Adjacency List": {
                "S0.E1": [
                    null
                ],
                "S0.E2": [
                    null
                ],
                "S0.E3": [
                    null
                ],
                "S0.E4": [
                    null
                ],
                "S0.E5": [
                    null
                ],
                "S0.E6": [
                    null
                ],
                "S0.E7": [
                    null
                ],
                "S0.E8": [
                    null
                ],
                "S0.E9": [
                    null
                ],
                "S0.E10": [
                    null
                ]
            },
            "Accuracy": 0.3333333333333333,
            "Precision": 0.6,
            "Recall": 0.42857142857142855,
            "F1 Score": 0.5
        },
        "Article ID: 0907.2720": {
            "Adjacency List": {
                "S0.E1": [
                    "S0.E2",
                    "S0.E3",
                    "S0.E4",
                    "S0.E5"
                ],
                "S0.E2": [
                    null
                ],
                "S0.E3": [
                    null
                ],
                "S0.E4": [
                    "S0.E5"
                ],
                "S0.E5": [
                    null
                ],
                "S0.E6": [
                    null
                ],
                "S0.E7": [
                    null
                ],
                "S0.E8": [
                    null
                ],
                "S0.E9": [
                    null
                ],
                "S0.E10": [
                    null
                ],
                "S0.E11": [
                    null
                ],
                "S0.E12": [
                    null
                ],
                "S0.E13": [
                    null
                ],
                "S0.E14": [
                    null
                ],
                "S0.E15": [
                    null
                ],
                "S0.E16": [
                    null
                ],
                "S0.E17": [
                    null
                ]
            },
            "Accuracy": 0.4230769230769231,
            "Precision": 0.55,
            "Recall": 0.6470588235294118,
            "F1 Score": 0.5945945945945946
        },
        "Article ID: 0907.2870": {
            "Adjacency List": {
                "S1.E1": [
                    null
                ],
                "S2.E2": [
                    null
                ],
                "S2.E3": [
                    null
                ],
                "S2.E4": [
                    null
                ],
                "S2.E5": [
                    null
                ],
                "S2.E6": [
                    null
                ],
                "S2.E7": [
                    null
                ],
                "S2.E8": [
                    null
                ],
                "S2.E9": [
                    null
                ],
                "S2.E10": [
                    null
                ]
            },
            "Accuracy": 0.8181818181818182,
            "Precision": 0.9,
            "Recall": 0.9,
            "F1 Score": 0.9
        },
        "Article ID: 0907.2872": {
            "Adjacency List": {
                "S0.E1": [
                    null
                ],
                "S0.E2": [
                    null
                ],
                "S0.E3": [
                    null
                ],
                "S0.E4": [
                    null
                ],
                "S0.E5": [
                    null
                ],
                "S0.E6": [
                    "S0.E7",
                    "S0.E8",
                    "S0.E9"
                ],
                "S0.E7": [
                    "S0.E8",
                    "S0.E9"
                ],
                "S0.E8": [
                    "S0.E9"
                ],
                "S0.E9": [
                    null
                ]
            },
            "Accuracy": 0.4,
            "Precision": 0.5,
            "Recall": 0.6666666666666666,
            "F1 Score": 0.5714285714285715
        },
        "Article ID: 0907.2959": {
            "Adjacency List": {
                "S2.E1": [
                    null
                ],
                "S2.E2": [
                    null
                ],
                "S2.E3": [
                    null
                ],
                "S2.E4": [
                    "S2.E5"
                ],
                "S2.E5": [
                    null
                ]
            },
            "Accuracy": 0.1111111111111111,
            "Precision": 0.2,
            "Recall": 0.2,
            "F1 Score": 0.20000000000000004
        },
        "Article ID: 0907.2994": {
            "Adjacency List": {
                "S2.E1": [
                    "S2.E2",
                    "S4.E5"
                ],
                "S2.E2": [
                    "S2.E4",
                    "S4.E5"
                ],
                "S2.E3": [
                    null
                ],
                "S2.E4": [
                    null
                ],
                "S4.E5": [
                    null
                ],
                "S4.E6": [
                    null
                ],
                "S5.E7": [
                    null
                ],
                "S5.E8": [
                    null
                ],
                "S5.E9": [
                    null
                ],
                "S5.E10": [
                    null
                ],
                "S5.E11": [
                    null
                ],
                "S5.E12": [
                    "S5.E13",
                    "S5.E14"
                ],
                "S5.E13": [
                    "S5.E14"
                ],
                "S5.E14": [
                    null
                ]
            },
            "Accuracy": 0.37037037037037035,
            "Precision": 0.5882352941176471,
            "Recall": 0.5,