{
    "Correctness": {
        "Number of articles used": 10,
        "Overall Correctness": {
            "Overall Accuracy": 0.8587196467991169,
            "Overall Precision": 0.3888888888888889,
            "Overall Recall": 0.40384615384615385,
            "Overall F1 Score": 0.3962264150943396
        },
        "Aggregate Correctness Statistics": {
            "Accuracy": {
                "Mean": 0.8287185424600662,
                "Lowest": 0.5192307692307693,
                "25th Quartile (Q1)": 0.8113941677588467,
                "Median": 0.8501984126984128,
                "75th Quartile (Q3)": 0.8876811594202898,
                "Highest": 0.9743589743589743
            },
            "Precision": {
                "Mean": 0.40098790098790105,
                "Lowest": 0.09523809523809523,
                "25th Quartile (Q1)": 0.3051948051948052,
                "Median": 0.4365079365079365,
                "75th Quartile (Q3)": 0.4597902097902098,
                "Highest": 0.8333333333333334
            },
            "Recall": {
                "Mean": 0.39480859010270775,
                "Lowest": 0.14285714285714285,
                "25th Quartile (Q1)": 0.2610294117647059,
                "Median": 0.35416666666666663,
                "75th Quartile (Q3)": 0.43333333333333335,
                "Highest": 0.8333333333333334
            },
            "F1 Score": {
                "Mean": 0.3914328550010709,
                "Lowest": 0.13793103448275862,
                "25th Quartile (Q1)": 0.28695652173913044,
                "Median": 0.37857142857142856,
                "75th Quartile (Q3)": 0.44047619047619047,
                "Highest": 0.8333333333333334
            }
        }
    },
    "Results": {
        "Article ID: 0907.2648": {
            "Adjacency List": {
                "S2.E1": [
                    null
                ],
                "S2.E2": [
                    null
                ],
                "S2.E3": [
                    null
                ],
                "S2.E4": [
                    null
                ],
                "S2.E5": [
                    null
                ],
                "S2.E6": [
                    null
                ],
                "S2.E7": [
                    "S2.E9",
                    "S2.E10"
                ],
                "S2.E8": [
                    null
                ],
                "S2.E9": [
                    null
                ],
                "S2.E10": [
                    null
                ]
            },
            "Accuracy": 0.8348623853211009,
            "Precision": 0.45454545454545453,
            "Recall": 0.29411764705882354,
            "F1 Score": 0.35714285714285715
        },
        "Article ID: 0907.2720": {
            "Adjacency List": {
                "S3.E1": [
                    null
                ],
                "S3.E2": [
                    null
                ],
                "S3.E3": [
                    null
                ],
                "S3.E4": [
                    null
                ],
                "S3.E5": [
                    null
                ],
                "S3.E6": [
                    null
                ],
                "S3.E7": [
                    null
                ],
                "S6.E8": [
                    null
                ],
                "S6.E9": [
                    null
                ]
            },
            "Accuracy": 0.8888888888888888,
            "Precision": 0.4444444444444444,
            "Recall": 0.4444444444444444,
            "F1 Score": 0.4444444444444444
        },
        "Article ID: 0907.2870": {
            "Adjacency List": {
                "S2.E1": [
                    "S2.E2",
                    "S2.E3"
                ],
                "S2.E2": [
                    "S2.E3"
                ],
                "S2.E3": [
                    null
                ],
                "S2.E4": [
                    null
                ],
                "S2.E5": [
                    null
                ],
                "S2.E6": [
                    null
                ],
                "S2.E7": [
                    null
                ],
                "S2.E8": [
                    null
                ],
                "S2.E9": [
                    null
                ],
                "S2.E10": [
                    null
                ],
                "S2.E11": [
                    null
                ],
                "S2.E12": [
                    null
                ]
            },
            "Accuracy": 0.8961038961038961,
            "Precision": 0.46153846153846156,
            "Recall": 0.4,
            "F1 Score": 0.42857142857142855
        },
        "Article ID: 0907.2872": {
            "Adjacency List": {
                "S0.E1": [
                    null
                ],
                "S0.E2": [
                    null
                ],
                "S0.E3": [
                    null
                ],
                "S0.E4": [
                    null
                ],
                "S0.E5": [
                    null
                ],
                "S0.E6": [
                    null
                ],
                "S0.E7": [
                    null
                ]
            },
            "Accuracy": 0.8035714285714286,
            "Precision": 0.2857142857142857,
            "Recall": 0.25,
            "F1 Score": 0.26666666666666666
        },
        "Article ID: 0907.2959": {
            "Adjacency List": {
                "S2.E1": [
                    "S2.E2",
                    "S2.E3",
                    "S2.E4",
                    "S3.E5",
                    "S3.E6",
                    "S3.E7"
                ],
                "S2.E2": [
                    "S2.E3",
                    "S2.E4",
                    "S3.E5",
                    "S3.E6",
                    "S3.E7"
                ],
                "S2.E3": [
                    "S3.E5",
                    "S3.E6",
                    "S3.E7"
                ],
                "S2.E4": [
                    "S3.E5",
                    "S3.E6",
                    "S3.E7"
                ],
                "S3.E5": [
                    "S3.E6",
                    "S3.E7"
                ],
                "S3.E6": [
                    "S3.E7"
                ],
                "S3.E7": [
                    null
                ]
            },
            "Accuracy": 0.5192307692307693,
            "Precision": 0.09523809523809523,
            "Recall": 0.25,
            "F1 Score": 0.13793103448275862
        },
        "Article ID: 0907.2994": {
            "Adjacency List": {
                "S0.E1": [
                    "S0.E3",
                    "S0.E5"
                ],
                "S0.E2": [
                    "S0.E5"
                ],
                "S0.E3": [
                    "S0.E4",
                    "S0.E5"
                ],
                "S0.E4": [
                    "S0.E5"
                ],
                "S0.E5": [
                    null
                ],
                "S0.E6": [
                    null
                ],
                "S0.E7": [
                    "S0.E8"
                ],
                "S0.E8": [
                    null
                ]
            },
            "Accuracy": 0.8840579710144928,
            "Precision": 0.5,
            "Recall": 0.625,
            "F1 Score": 0.5555555555555556
        },
        "Article ID: 0907.3017": {
            "Adjacency List": {
                "S3.E1": [
                    null
                ],
                "S3.E2": [
                    null
                ],
                "S3.E3": [
                    null
                ],
                "S3.E4": [
                    null
                ],