{
    "Correctness": {
        "Number of articles used": 15,
        "Overall Correctness": {
            "Overall Accuracy": 0.8887892376681614,
            "Overall Precision": 0.34705882352941175,
            "Overall Recall": 0.3010204081632653,
            "Overall F1 Score": 0.3224043715846994
        },
        "Aggregate Correctness Statistics": {
            "Accuracy": {
                "Mean": 0.880747121515408,
                "Lowest": 0.8,
                "25th Quartile (Q1)": 0.858065953654189,
                "Median": 0.8910256410256411,
                "75th Quartile (Q3)": 0.9197777777777778,
                "Highest": 0.9363636363636364
            },
            "Precision": {
                "Mean": 0.3722297147297147,
                "Lowest": 0.09090909090909091,
                "25th Quartile (Q1)": 0.17067307692307693,
                "Median": 0.4,
                "75th Quartile (Q3)": 0.5,
                "Highest": 0.7
            },
            "Recall": {
                "Mean": 0.3428017435817947,
                "Lowest": 0.09090909090909091,
                "25th Quartile (Q1)": 0.14358974358974358,
                "Median": 0.3076923076923077,
                "75th Quartile (Q3)": 0.5,
                "Highest": 0.75
            },
            "F1 Score": {
                "Mean": 0.3546938548786625,
                "Lowest": 0.09090909090909091,
                "25th Quartile (Q1)": 0.14835164835164835,
                "Median": 0.32,
                "75th Quartile (Q3)": 0.5,
                "Highest": 0.7058823529411765
            }
        }
    },
    "Results": {
        "Article ID: 0907.2648": {
            "Adjacency List": {
                "S0.E1": [
                    null
                ],
                "S0.E2": [
                    null
                ],
                "S0.E3": [
                    null
                ],
                "S0.E4": [
                    null
                ],
                "S0.E5": [
                    null
                ],
                "S0.E6": [
                    null
                ],
                "S0.E7": [
                    null
                ],
                "S0.E8": [
                    null
                ],
                "S0.E9": [
                    null
                ]
            },
            "Accuracy": 0.9222222222222223,
            "Precision": 0.6666666666666666,
            "Recall": 0.6,
            "F1 Score": 0.631578947368421
        },
        "Article ID: 0907.2720": {
            "Adjacency List": {
                "S2.E1": [
                    null
                ],
                "S2.E2": [
                    null
                ],
                "S2.E3": [
                    null
                ],
                "S2.E4": [
                    null
                ],
                "S2.E5": [
                    null
                ],
                "S2.E6": [
                    null
                ],
                "S2.E7": [
                    null
                ],
                "S2.E8": [
                    null
                ],
                "S2.E9": [
                    null
                ],
                "S2.E10": [
                    null
                ],
                "S2.E11": [
                    null
                ],
                "S2.E12": [
                    null
                ],
                "S2.E13": [
                    null
                ],
                "S3.E14": [
                    null
                ]
            },
            "Accuracy": 0.9238095238095239,
            "Precision": 0.42857142857142855,
            "Recall": 0.42857142857142855,
            "F1 Score": 0.42857142857142855
        },
        "Article ID: 0907.2870": {
            "Adjacency List": {
                "S2.E1": [
                    null
                ],
                "S2.E2": [
                    null
                ],
                "S2.E3": [
                    null
                ],
                "S2.E4": [
                    null
                ],
                "S2.E5": [
                    null
                ],
                "S2.E6": [
                    null
                ],
                "S2.E7": [
                    null
                ],
                "S2.E8": [
                    null
                ],
                "S2.E9": [
                    null
                ],
                "S2.E10": [
                    null
                ]
            },
            "Accuracy": 0.8272727272727273,
            "Precision": 0.4,
            "Recall": 0.23529411764705882,
            "F1 Score": 0.29629629629629634
        },
        "Article ID: 0907.2872": {
            "Adjacency List": {
                "S2.E1": [
                    null
                ],
                "S2.E2": [
                    null
                ],
                "S2.E3": [
                    null
                ],
                "S2.E4": [
                    null
                ],
                "S2.E5": [
                    null
                ],
                "S2.E6": [
                    null
                ],
                "S2.E7": [
                    null
                ],
                "S2.E8": [
                    null
                ],
                "S2.E9": [
                    null
                ],
                "S2.E10": [
                    null
                ],
                "S2.E11": [
                    null
                ],
                "S2.E12": [
                    null
                ],
                "S3.E13": [
                    null
                ],
                "S3.E14": [
                    null
                ]
            },
            "Accuracy": 0.8809523809523809,
            "Precision": 0.14285714285714285,
            "Recall": 0.13333333333333333,
            "F1 Score": 0.1379310344827586
        },
        "Article ID: 0907.2959": {
            "Adjacency List": {
                "S2.E1": [
                    null
                ],
                "S2.E2": [
                    null
                ],
                "S2.E3": [
                    null
                ],
                "S3.E4": [
                    null
                ],
                "S3.E5": [
                    null
                ],
                "S3.E6": [
                    null
                ],
                "S3.E7": [
                    null
                ]
            },
            "Accuracy": 0.8928571428571429,
            "Precision": 0.5714285714285714,
            "Recall": 0.5714285714285714,
            "F1 Score": 0.5714285714285714
        },
        "Article ID: 0907.2994": {
            "Adjacency List": {
                "S2.E1": [
                    null
                ],
                "S2.E2": [
                    null
                ],
                "S2.E3": [
                    null
                ],
                "S2.E4": [
                    null
                ],
                "S2.E5": [
                    null
                ],
                "S2.E6": [
                    null
                ],
                "S2.E7": [
                    null
                ],
                "S2.E8": [
                    null
                ],
                "S2.E9": [
                    null
                ],
                "S2.E10": [
                    null
                ],
                "S2.E11": [
                    null
                ],
                "S2.E12": [
                    null
                ]
            },
            "Accuracy": 0.8910256410256411,
            "Precision": 0.4166666666666667,
            "Recall": 0.3333333333333333,
            "F1 Score": 0.3703703703703704
        },