{
    "Correctness": {
        "Number of articles used": 15,
        "Overall Correctness": {
            "Overall Accuracy": 0.01702127659574468,
            "Overall Precision": 0.09302325581395349,
            "Overall Recall": 0.02040816326530612,
            "Overall F1 Score": 0.03347280334728033
        },
        "Aggregate Correctness Statistics": {
            "Accuracy": {
                "Mean": 0.011477411477411477,
                "Lowest": 0.0,
                "25th Quartile (Q1)": 0.0,
                "Median": 0.0,
                "75th Quartile (Q3)": 0.0,
                "Highest": 0.09523809523809523
            },
            "Precision": {
                "Mean": 0.05111111111111111,
                "Lowest": 0.0,
                "25th Quartile (Q1)": 0.0,
                "Median": 0.0,
                "75th Quartile (Q3)": 0.0,
                "Highest": 0.6666666666666666
            },
            "Recall": {
                "Mean": 0.02333333333333333,
                "Lowest": 0.0,
                "25th Quartile (Q1)": 0.0,
                "Median": 0.0,
                "75th Quartile (Q3)": 0.0,
                "Highest": 0.25
            },
            "F1 Score": {
                "Mean": 0.021118012422360253,
                "Lowest": 0.0,
                "25th Quartile (Q1)": 0.0,
                "Median": 0.0,
                "75th Quartile (Q3)": 0.0,
                "Highest": 0.1739130434782609
            }
        }
    },
    "Results": {
        "Article ID: 0907.2648": {
            "Adjacency List": {
                "S0.E1": [
                    "S0.E2",
                    "S0.E3",
                    "S0.E4",
                    "S0.E5",
                    "S0.E6"
                ],
                "S0.E2": [
                    "S0.E4"
                ],
                "S0.E3": [],
                "S0.E4": [],
                "S0.E5": [],
                "S0.E6": [],
                "S0.E7": [],
                "S0.E8": [],
                "S0.E9": [],
                "S0.E10": [],
                "S0.E11": [],
                "S0.E12": [],
                "S0.E13": [],
                "S0.E14": [],
                "S0.E15": [],
                "S0.E16": [],
                "S0.E17": []
            },
            "Accuracy": 0.0,
            "Precision": 0.0,
            "Recall": 0.0,
            "F1 Score": 0
        },
        "Article ID: 0907.2720": {
            "Adjacency List": {
                "S0.E1": [],
                "S0.E2": [],
                "S0.E3": [],
                "S0.E4": [],
                "S0.E5": [],
                "S0.E6": [
                    "S0.E7"
                ],
                "S0.E7": [
                    "S0.E8",
                    "S0.E9"
                ],
                "S0.E8": [],
                "S0.E9": []
            },
            "Accuracy": 0.0,
            "Precision": 0.0,
            "Recall": 0.0,
            "F1 Score": 0
        },
        "Article ID: 0907.2870": {
            "Adjacency List": {
                "S0.E1": [],
                "S0.E2": [],
                "S0.E3": [],
                "S0.E4": [],
                "S0.E5": [],
                "S0.E6": [],
                "S0.E7": [],
                "S0.E8": [],
                "S0.E9": [],
                "S0.E10": [],
                "S0.E11": [],
                "S0.E12": [],
                "S0.E13": []
            },
            "Accuracy": 0.0,
            "Precision": 0,
            "Recall": 0.0,
            "F1 Score": 0
        },
        "Article ID: 0907.2872": {
            "Adjacency List": {
                "S2.E1": [],
                "S2.E2": [],
                "S2.E3": [],
                "S2.E4": [],
                "S2.E5": [],
                "S3.E6": [],
                "S3.E7": [],
                "S3.E8": [],
                "S3.E9": [],
                "S3.E10": [],
                "S4.E11": []
            },
            "Accuracy": 0.0,
            "Precision": 0,
            "Recall": 0.0,
            "F1 Score": 0
        },
        "Article ID: 0907.2959": {
            "Adjacency List": {
                "S1.E1": [],
                "S4.E2": [
                    "S4.E3"
                ],
                "S4.E3": [
                    "S4.E5"
                ],
                "S4.E4": [],
                "S4.E5": [],
                "S4.E6": [],
                "S4.E7": [],
                "S4.E8": [],
                "S4.E9": [],
                "S5.E10": [
                    "S5.E12"
                ],
                "S5.E11": [
                    "S5.E12"
                ],
                "S5.E12": []
            },
            "Accuracy": 0.0,
            "Precision": 0.0,
            "Recall": 0.0,
            "F1 Score": 0
        },
        "Article ID: 0907.2994": {
            "Adjacency List": {
                "S2.E1": [
                    "S2.E2",
                    "S2.E3",
                    "S2.E4",
                    "S3.E5",
                    "S3.E6",
                    "S3.E7"
                ],
                "S2.E2": [
                    "S2.E3",
                    "S2.E4",
                    "S3.E5",
                    "S3.E6",
                    "S3.E7"
                ],
                "S2.E3": [
                    "S3.E5",
                    "S3.E6",
                    "S3.E7"
                ],
                "S2.E4": [
                    "S3.E5",
                    "S3.E6",
                    "S3.E7"
                ],
                "S3.E5": [
                    "S3.E6",
                    "S3.E7"
                ],
                "S3.E6": [
                    "S3.E7"
                ],
                "S3.E7": []
            },
            "Accuracy": 0.07692307692307693,
            "Precision": 0.1,
            "Recall": 0.25,
            "F1 Score": 0.14285714285714288
        },
        "Article ID: 0907.3017": {
            "Adjacency List": {
                "S2.E1": [
                    "S2.E2"
                ],
                "S2.E2": [],
                "S2.E3": [],
                "S2.E4": [],
                "S2.E5": [],
                "S2.E6": [],
                "S2.E7": [],
                "S2.E8": [],
                "S3.E9": [],
                "S3.E10": []
            },
            "Accuracy": 0.0,
            "Precision": 0.0,
            "Recall": 0.0,
            "F1 Score": 0
        },
        "Article ID: 0907.3028": {
            "Adjacency List": {
                "S2.E1": [],
                "S2.E2": [],
                "S2.E3": [],
                "S2.E4": [],
                "S2.E5": [],
                "S2.E6": [
                    "S2.E5"
                ],
                "S2.E7": [],
                "S2.E8": [],
                "S2.E9": [],
                "S2.E10": []
            },
            "Accuracy": 0.0,
            "Precision": 0.0,
            "Recall": 0.0,
            "F1 Score": 0
        },
        "Article ID: 0907.3040": {
            "Adjacency List": {
                "S2.E1": [],
                "S2.E2": [],
                "S2.E3": [],
                "S2.E4": [],
                "S4.E5": [],
                "S4.E6": [],
                "S5.E7": [],
                "S5.E8": [],
                "S5.E9": [],
                "S5.E10": [],
                "S5.E11": [],
                "S5.E12": [
                    "S5.E13",
                    "S5.E14"
                ],
                "S5.E13": [
                    "S5.E14"
                ],
                "S5.E14": []
            },
            "Accuracy": 0.09523809523809523,
            "Precision": 0.6666666666666666,
            "Recall": 0.1,
            "F1 Score": 0.1739130434782609
        },
        "Article ID: 0907.3145": {
            "Adjacency List": {
                "S0.E1": [],
                "S0.E2": [],
                "S0.E3": [],