{
    "Correctness": {
        "Number of articles used": 20,
        "Overall Correctness": {
            "Overall Accuracy": 0.024725274725274724,
            "Overall Precision": 0.06569343065693431,
            "Overall Recall": 0.038135593220338986,
            "Overall F1 Score": 0.04825737265415549
        },
        "Aggregate Correctness Statistics": {
            "Accuracy": {
                "Mean": 0.02884444707025352,
                "Lowest": 0.0,
                "25th Quartile (Q1)": 0.0,
                "Median": 0.0,
                "75th Quartile (Q3)": 0.041666666666666664,
                "Highest": 0.2
            },
            "Precision": {
                "Mean": 0.10018115942028985,
                "Lowest": 0.0,
                "25th Quartile (Q1)": 0.0,
                "Median": 0.0,
                "75th Quartile (Q3)": 0.08423913043478261,
                "Highest": 1.0
            },
            "Recall": {
                "Mean": 0.045392857142857145,
                "Lowest": 0.0,
                "25th Quartile (Q1)": 0.0,
                "Median": 0.0,
                "75th Quartile (Q3)": 0.06125,
                "Highest": 0.2
            },
            "F1 Score": {
                "Mean": 0.05120471633629529,
                "Lowest": 0.0,
                "25th Quartile (Q1)": 0.0,
                "Median": 0.0,
                "75th Quartile (Q3)": 0.07988721804511278,
                "Highest": 0.33333333333333337
            }
        }
    },
    "Results": {
        "Article ID: 0907.2648": {
            "Adjacency List": {
                "S2.E1": [],
                "S2.E2": [],
                "S2.E3": [],
                "S2.E4": [
                    "S2.E2"
                ],
                "S2.E5": [
                    "S2.E2",
                    "S2.E4"
                ],
                "S2.E6": [
                    "S2.E2",
                    "S2.E4"
                ],
                "S2.E7": [],
                "S2.E8": [],
                "S2.E9": [],
                "S2.E10": [],
                "S3.E11": [],
                "S3.E12": []
            },
            "Accuracy": 0.0,
            "Precision": 0.0,
            "Recall": 0.0,
            "F1 Score": 0
        },
        "Article ID: 0907.2720": {
            "Adjacency List": {
                "S0.E1": [],
                "S0.E2": [],
                "S0.E3": [],
                "S0.E4": [],
                "S0.E5": [
                    "S0.E9"
                ],
                "S0.E6": [
                    "S0.E9"
                ],
                "S0.E7": [
                    "S0.E9"
                ],
                "S0.E8": [
                    "S0.E9"
                ],
                "S0.E9": []
            },
            "Accuracy": 0.0,
            "Precision": 0.0,
            "Recall": 0.0,
            "F1 Score": 0
        },
        "Article ID: 0907.2870": {
            "Adjacency List": {
                "S2.E1": [],
                "S2.E2": [],
                "S2.E3": [],
                "S2.E4": [],
                "S2.E5": [],
                "S2.E6": [
                    "S3.E14"
                ],
                "S2.E7": [
                    "S3.E14"
                ],
                "S2.E8": [
                    "S3.E14"
                ],
                "S2.E9": [
                    "S3.E14"
                ],
                "S2.E10": [
                    "S3.E14"
                ],
                "S2.E11": [
                    "S3.E14"
                ],
                "S2.E12": [
                    "S3.E14"
                ],
                "S2.E13": [
                    "S3.E14"
                ],
                "S3.E14": []
            },
            "Accuracy": 0.0,
            "Precision": 0.0,
            "Recall": 0.0,
            "F1 Score": 0
        },
        "Article ID: 0907.2872": {
            "Adjacency List": {
                "S0.E1": [],
                "S0.E2": [],
                "S0.E3": [],
                "S0.E4": [],
                "S0.E5": [],
                "S0.E6": [],
                "S0.E7": [],
                "S0.E8": [],
                "S0.E9": [],
                "S0.E10": [],
                "S0.E11": [],
                "S0.E12": [],
                "S0.E13": []
            },
            "Accuracy": 0.0,
            "Precision": 0,
            "Recall": 0.0,
            "F1 Score": 0
        },
        "Article ID: 0907.2959": {
            "Adjacency List": {
                "S2.E1": [],
                "S2.E2": [],
                "S2.E3": [],
                "S2.E4": [],
                "S2.E5": [],
                "S2.E6": [],
                "S2.E7": [],
                "S2.E8": [],
                "S2.E9": [],
                "S2.E10": [],
                "S2.E11": [],
                "S2.E12": [],
                "S3.E13": [],
                "S3.E14": []
            },
            "Accuracy": 0.0,
            "Precision": 0,
            "Recall": 0.0,
            "F1 Score": 0
        },
        "Article ID: 0907.2994": {
            "Adjacency List": {
                "S2.E1": [
                    "S3.E14"
                ],
                "S2.E2": [
                    "S2.E3",
                    "S3.E14"
                ],
                "S2.E3": [
                    "S3.E14"
                ],
                "S2.E4": [
                    "S3.E14"
                ],
                "S2.E5": [
                    "S3.E14"
                ],
                "S2.E6": [
                    "S3.E14"
                ],
                "S2.E7": [
                    "S3.E14"
                ],
                "S2.E8": [
                    "S3.E14"
                ],
                "S2.E9": [
                    "S3.E14"
                ],
                "S2.E10": [
                    "S3.E14"
                ],
                "S3.E11": [
                    "S3.E14"
                ],
                "S3.E12": [
                    "S3.E14"
                ],
                "S3.E13": [
                    "S3.E14"
                ],
                "S3.E14": []
            },
            "Accuracy": 0.0,
            "Precision": 0.0,
            "Recall": 0.0,
            "F1 Score": 0
        },
        "Article ID: 0907.3017": {
            "Adjacency List": {
                "S0.E1": [],
                "S0.E2": [],
                "S0.E3": [],
                "S0.E4": [],
                "S0.E5": [],
                "S0.E6": []
            },
            "Accuracy": 0.0,
            "Precision": 0,
            "Recall": 0.0,
            "F1 Score": 0
        },
        "Article ID: 0907.3028": {
            "Adjacency List": {
                "S0.E1": [
                    "S0.E7"
                ],
                "S0.E2": [
                    "S0.E7"
                ],
                "S0.E3": [
                    "S0.E7"
                ],
                "S0.E4": [
                    "S0.E7"
                ],
                "S0.E5": [
                    "S0.E7"
                ],
                "S0.E6": [
                    "S0.E7"
                ],
                "S0.E7": []
            },
            "Accuracy": 0.07692307692307693,
            "Precision": 0.16666666666666666,
            "Recall": 0.125,
            "F1 Score": 0.14285714285714288
        },
        "Article ID: 0907.3040": {
            "Adjacency List": {
                "S0.E1": [
                    "S0.E2",
                    "S0.E3",
                    "S0.E4",
                    "S0.E5",
                    "S0.E7"
                ],
                "S0.E2": [
                    "S0.E3",
                    "S0.E7"
                ],
                "S0.E3": [
                    "S0.E7"
                ],
                "S0.E4": [
                    "S0.E5",
                    "S0.E7"
                ],