{
    "Correctness": {
        "Number of articles used": 15,
        "Overall Correctness": {
            "Overall Accuracy": 0.8809946714031972,
            "Overall Precision": 0.3772455089820359,
            "Overall Recall": 0.39375,
            "Overall F1 Score": 0.3853211009174311
        },
        "Aggregate Correctness Statistics": {
            "Accuracy": {
                "Mean": 0.8548937593461557,
                "Lowest": 0.5555555555555556,
                "25th Quartile (Q1)": 0.8224789915966386,
                "Median": 0.8727272727272727,
                "75th Quartile (Q3)": 0.916083916083916,
                "Highest": 0.9615384615384616
            },
            "Precision": {
                "Mean": 0.37965404965404964,
                "Lowest": 0.0,
                "25th Quartile (Q1)": 0.2403846153846154,
                "Median": 0.3076923076923077,
                "75th Quartile (Q3)": 0.55,
                "Highest": 0.7777777777777778
            },
            "Recall": {
                "Mean": 0.3870831564949212,
                "Lowest": 0.0,
                "25th Quartile (Q1)": 0.26969696969696966,
                "Median": 0.3333333333333333,
                "75th Quartile (Q3)": 0.5416666666666667,
                "Highest": 0.7777777777777778
            },
            "F1 Score": {
                "Mean": 0.37999048657713325,
                "Lowest": 0.0,
                "25th Quartile (Q1)": 0.2583333333333333,
                "Median": 0.32558139534883723,
                "75th Quartile (Q3)": 0.5419580419580419,
                "Highest": 0.7777777777777778
            }
        }
    },
    "Results": {
        "Article ID: 0907.2648": {
            "Adjacency List": {
                "S1.E1": [
                    null
                ],
                "S1.E2": [
                    null
                ],
                "S2.E3": [
                    null
                ],
                "S2.E4": [
                    null
                ],
                "S2.E5": [
                    null
                ],
                "S3.E6": [
                    null
                ],
                "S3.E7": [
                    null
                ],
                "S3.E8": [
                    null
                ],
                "S3.E9": [
                    null
                ],
                "S3.E10": [
                    null
                ]
            },
            "Accuracy": 0.9090909090909091,
            "Precision": 0.6,
            "Recall": 0.5,
            "F1 Score": 0.5454545454545454
        },
        "Article ID: 0907.2720": {
            "Adjacency List": {
                "S0.E1": [
                    null
                ],
                "S0.E2": [
                    null
                ],
                "S0.E3": [
                    null
                ],
                "S0.E4": [
                    null
                ],
                "S0.E5": [
                    null
                ],
                "S0.E6": [
                    null
                ],
                "S0.E7": [
                    null
                ],
                "S0.E8": [
                    null
                ],
                "S0.E9": [
                    null
                ]
            },
            "Accuracy": 0.9555555555555556,
            "Precision": 0.7777777777777778,
            "Recall": 0.7777777777777778,
            "F1 Score": 0.7777777777777778
        },
        "Article ID: 0907.2870": {
            "Adjacency List": {
                "S2.E1": [
                    null
                ],
                "S2.E2": [
                    "S2.E3",
                    "S2.E4",
                    "S2.E5"
                ],
                "S2.E3": [
                    "S2.E5"
                ],
                "S2.E4": [
                    "S2.E5"
                ],
                "S2.E5": [
                    null
                ],
                "S3.E6": [
                    null
                ],
                "S3.E7": [
                    null
                ],
                "S3.E8": [
                    null
                ],
                "S3.E9": [
                    null
                ],
                "S3.E10": [
                    null
                ],
                "S4.E11": [
                    null
                ]
            },
            "Accuracy": 0.8615384615384616,
            "Precision": 0.23076923076923078,
            "Recall": 0.2727272727272727,
            "F1 Score": 0.24999999999999994
        },
        "Article ID: 0907.2872": {
            "Adjacency List": {
                "S2.E1": [
                    null
                ],
                "S2.E2": [
                    null
                ],
                "S2.E3": [
                    null
                ],
                "S2.E4": [
                    null
                ],
                "S2.E5": [
                    null
                ],
                "S2.E6": [
                    null
                ]
            },
            "Accuracy": 0.8095238095238095,
            "Precision": 0.3333333333333333,
            "Recall": 0.3333333333333333,
            "F1 Score": 0.3333333333333333
        },
        "Article ID: 0907.2959": {
            "Adjacency List": {
                "S1.E1": [
                    "S1.E4"
                ],
                "S1.E2": [
                    "S1.E4"
                ],
                "S1.E3": [
                    "S1.E4"
                ],
                "S1.E4": [
                    null
                ]
            },
            "Accuracy": 0.5555555555555556,
            "Precision": 0.0,
            "Recall": 0.0,
            "F1 Score": 0
        },
        "Article ID: 0907.2994": {
            "Adjacency List": {
                "S0.E1": [
                    null
                ],
                "S0.E2": [
                    "S0.E7",
                    "S0.E8"
                ],
                "S0.E3": [
                    "S0.E5",
                    "S0.E6",
                    "S0.E7",
                    "S0.E8"
                ],
                "S0.E4": [
                    "S0.E5",
                    "S0.E6",
                    "S0.E7",
                    "S0.E8",
                    "S0.E9"
                ],
                "S0.E5": [
                    "S0.E6",
                    "S0.E7",
                    "S0.E8",
                    "S0.E9"
                ],
                "S0.E6": [
                    "S0.E7",
                    "S0.E8",
                    "S0.E9"
                ],
                "S0.E7": [
                    "S0.E8"
                ],
                "S0.E8": [
                    null
                ],
                "S0.E9": [
                    null
                ],
                "S0.E10": [
                    null
                ],
                "S0.E11": [
                    null
                ],
                "S0.E12": [
                    null
                ],
                "S0.E13": [
                    null
                ],
                "S0.E14": [
                    null
                ],
                "S0.E15": [
                    null
                ]
            },
            "Accuracy": 0.8765957446808511,
            "Precision": 0.25,
            "Recall": 0.4666666666666667,
            "F1 Score": 0.32558139534883723
        },
        "Article ID: 0907.3017": {
            "Adjacency List": {
                "S2.E1": [
                    null
                ],
                "S2.E2": [
                    null
                ],
                "S2.E3": [
                    "S2.E4"
                ],
                "S2.E4": [
                    null
                ],
                "S2.E5": [
                    null
                ],