{
    "Correctness": {
        "Number of articles used": 10,
        "Overall Correctness": {
            "Overall Accuracy": 0.8424657534246576,
            "Overall Precision": 0.25,
            "Overall Recall": 0.2796610169491525,
            "Overall F1 Score": 0.264
        },
        "Aggregate Correctness Statistics": {
            "Accuracy": {
                "Mean": 0.8420772587468777,
                "Lowest": 0.7286821705426356,
                "25th Quartile (Q1)": 0.8200583819849876,
                "Median": 0.846002621231979,
                "75th Quartile (Q3)": 0.8672005960141553,
                "Highest": 0.9550561797752809
            },
            "Precision": {
                "Mean": 0.31045377993653855,
                "Lowest": 0.0,
                "25th Quartile (Q1)": 0.2,
                "Median": 0.22844827586206895,
                "75th Quartile (Q3)": 0.34415584415584416,
                "Highest": 0.7777777777777778
            },
            "Recall": {
                "Mean": 0.31399626517273577,
                "Lowest": 0.0,
                "25th Quartile (Q1)": 0.16911764705882354,
                "Median": 0.2928571428571428,
                "75th Quartile (Q3)": 0.4,
                "Highest": 0.7777777777777778
            },
            "F1 Score": {
                "Mean": 0.30601721649997515,
                "Lowest": 0.0,
                "25th Quartile (Q1)": 0.18808777429467083,
                "Median": 0.25636363636363635,
                "75th Quartile (Q3)": 0.35714285714285715,
                "Highest": 0.7777777777777778
            }
        }
    },
    "Results": {
        "Article ID: 0907.2648": {
            "Adjacency List": {
                "S2.E1": [
                    null
                ],
                "S2.E2": [
                    null
                ],
                "S2.E3": [
                    null
                ],
                "S2.E4": [
                    null
                ],
                "S2.E5": [
                    null
                ],
                "S2.E6": [
                    null
                ],
                "S2.E7": [
                    "S2.E8",
                    "S2.E9",
                    "S2.E10"
                ],
                "S2.E8": [
                    "S2.E9"
                ],
                "S2.E9": [
                    "S2.E10"
                ],
                "S2.E10": [
                    null
                ]
            },
            "Accuracy": 0.7889908256880734,
            "Precision": 0.25,
            "Recall": 0.17647058823529413,
            "F1 Score": 0.20689655172413793
        },
        "Article ID: 0907.2720": {
            "Adjacency List": {
                "S0.E1": [
                    null
                ],
                "S0.E2": [
                    null
                ],
                "S0.E3": [
                    null
                ],
                "S0.E4": [
                    null
                ],
                "S0.E5": [
                    null
                ],
                "S0.E6": [
                    null
                ]
            },
            "Accuracy": 0.8571428571428571,
            "Precision": 0.6666666666666666,
            "Recall": 0.5,
            "F1 Score": 0.5714285714285715
        },
        "Article ID: 0907.2870": {
            "Adjacency List": {
                "S0.E1": [
                    null
                ],
                "S0.E2": [
                    "S0.E3",
                    "S0.E4",
                    "S0.E5",
                    "S0.E6",
                    "S0.E7",
                    "S0.E8"
                ],
                "S0.E3": [
                    "S0.E5",
                    "S0.E6",
                    "S0.E7",
                    "S0.E8"
                ],
                "S0.E4": [
                    "S0.E5",
                    "S0.E6",
                    "S0.E7",
                    "S0.E8"
                ],
                "S0.E5": [
                    "S0.E6",
                    "S0.E7",
                    "S0.E8"
                ],
                "S0.E6": [
                    "S0.E7",
                    "S0.E8"
                ],
                "S0.E7": [
                    null
                ],
                "S0.E8": [
                    null
                ],
                "S0.E9": [
                    null
                ],
                "S0.E10": [
                    null
                ],
                "S0.E11": [
                    null
                ],
                "S0.E12": [
                    null
                ],
                "S0.E13": [
                    null
                ],
                "S0.E14": [
                    null
                ],
                "S0.E15": [
                    null
                ]
            },
            "Accuracy": 0.864406779661017,
            "Precision": 0.20689655172413793,
            "Recall": 0.4,
            "F1 Score": 0.2727272727272727
        },
        "Article ID: 0907.2872": {
            "Adjacency List": {
                "S2.E1": [
                    null
                ],
                "S2.E2": [
                    null
                ],
                "S2.E3": [
                    null
                ],
                "S3.E4": [
                    "S4.E6",
                    "S4.E7",
                    "S4.E8"
                ],
                "S3.E5": [
                    "S4.E6",
                    "S4.E7",
                    "S4.E8"
                ],
                "S4.E6": [
                    "S4.E7",
                    "S4.E8"
                ],
                "S4.E7": [
                    null
                ],
                "S4.E8": [
                    null
                ],
                "S4.E9": [
                    null
                ],
                "S4.E10": [
                    null
                ]
            },
            "Accuracy": 0.8256880733944955,
            "Precision": 0.2,
            "Recall": 0.3,
            "F1 Score": 0.24
        },
        "Article ID: 0907.2959": {
            "Adjacency List": {
                "S0.E1": [
                    null
                ],
                "S0.E2": [
                    "S0.E3"
                ],
                "S0.E3": [
                    null
                ],
                "S0.E4": [
                    null
                ],
                "S0.E5": [
                    null
                ],
                "S0.E6": [
                    null
                ],
                "S0.E7": [
                    null
                ],
                "S0.E8": [
                    null
                ],
                "S0.E9": [
                    null
                ]
            },
            "Accuracy": 0.9550561797752809,
            "Precision": 0.7777777777777778,
            "Recall": 0.7777777777777778,
            "F1 Score": 0.7777777777777778
        },
        "Article ID: 0907.2994": {
            "Adjacency List": {
                "S2.E1": [
                    null
                ],
                "S2.E2": [
                    null
                ],
                "S2.E3": [
                    "S2.E2"
                ],
                "S2.E4": [
                    null
                ],
                "S2.E5": [
                    null
                ],
                "S2.E6": [
                    "S2.E5"
                ],
                "S2.E7": [
                    null
                ],
                "S2.E8": [
                    null
                ],
                "S2.E9": [
                    null
                ],
                "S2.E10": [
                    null
                ]
            },
            "Accuracy": 0.8348623853211009,
            "Precision": 0.2,