{
    "Correctness": {
        "Number of articles used": 10,
        "Overall Correctness": {
            "Overall Accuracy": 0.19343065693430658,
            "Overall Precision": 0.26903553299492383,
            "Overall Recall": 0.4076923076923077,
            "Overall F1 Score": 0.32415902140672787
        },
        "Aggregate Correctness Statistics": {
            "Accuracy": {
                "Mean": 0.2298625117572486,
                "Lowest": 0.1282051282051282,
                "25th Quartile (Q1)": 0.16545454545454547,
                "Median": 0.19090909090909092,
                "75th Quartile (Q3)": 0.26785714285714285,
                "Highest": 0.4
            },
            "Precision": {
                "Mean": 0.3674791679369144,
                "Lowest": 0.14084507042253522,
                "25th Quartile (Q1)": 0.2589285714285714,
                "Median": 0.31666666666666665,
                "75th Quartile (Q3)": 0.4270833333333333,
                "Highest": 0.6666666666666666
            },
            "Recall": {
                "Mean": 0.40723598211214307,
                "Lowest": 0.23529411764705882,
                "25th Quartile (Q1)": 0.35,
                "Median": 0.4105263157894737,
                "75th Quartile (Q3)": 0.4861111111111111,
                "Highest": 0.5882352941176471
            },
            "F1 Score": {
                "Mean": 0.365339421002707,
                "Lowest": 0.22727272727272727,
                "25th Quartile (Q1)": 0.2838196286472149,
                "Median": 0.3205128205128205,
                "75th Quartile (Q3)": 0.4215686274509804,
                "Highest": 0.5714285714285715
            }
        }
    },
    "Results": {
        "Article ID: 0907.2648": {
            "Adjacency List": {
                "S2.E1": [
                    null
                ],
                "S2.E2": [
                    null
                ],
                "S2.E3": [
                    null
                ],
                "S2.E4": [
                    null
                ],
                "S2.E5": [
                    null
                ],
                "S2.E6": [
                    null
                ],
                "S2.E7": [
                    "S2.E8",
                    "S2.E9",
                    "S2.E10"
                ],
                "S2.E8": [
                    null
                ],
                "S2.E9": [
                    "S2.E10"
                ],
                "S2.E10": [
                    null
                ]
            },
            "Accuracy": 0.16,
            "Precision": 0.3333333333333333,
            "Recall": 0.23529411764705882,
            "F1 Score": 0.27586206896551724
        },
        "Article ID: 0907.2720": {
            "Adjacency List": {
                "S0.E1": [
                    null
                ],
                "S0.E2": [
                    null
                ],
                "S0.E3": [
                    null
                ],
                "S0.E4": [
                    null
                ],
                "S0.E5": [
                    null
                ],
                "S0.E6": [
                    null
                ]
            },
            "Accuracy": 0.4,
            "Precision": 0.6666666666666666,
            "Recall": 0.5,
            "F1 Score": 0.5714285714285715
        },
        "Article ID: 0907.2870": {
            "Adjacency List": {
                "S2.E1": [
                    "S2.E2"
                ],
                "S2.E2": [
                    null
                ],
                "S2.E3": [
                    null
                ],
                "S3.E4": [
                    "S3.E5",
                    "S4.E6",
                    "S4.E7",
                    "S4.E8"
                ],
                "S3.E5": [
                    "S4.E6",
                    "S4.E7",
                    "S4.E8"
                ],
                "S4.E6": [
                    "S4.E7",
                    "S4.E8"
                ],
                "S4.E7": [
                    null
                ],
                "S4.E8": [
                    null
                ],
                "S4.E9": [
                    null
                ],
                "S4.E10": [
                    null
                ]
            },
            "Accuracy": 0.18181818181818182,
            "Precision": 0.25,
            "Recall": 0.4,
            "F1 Score": 0.3076923076923077
        },
        "Article ID: 0907.2872": {
            "Adjacency List": {
                "S2.E1": [
                    "S2.E2"
                ],
                "S2.E2": [
                    null
                ],
                "S2.E3": [
                    null
                ],
                "S2.E4": [
                    null
                ],
                "S2.E5": [
                    null
                ],
                "S2.E6": [
                    null
                ],
                "S2.E7": [
                    null
                ],
                "S2.E8": [
                    null
                ],
                "S3.E9": [
                    null
                ]
            },
            "Accuracy": 0.2857142857142857,
            "Precision": 0.4444444444444444,
            "Recall": 0.4444444444444444,
            "F1 Score": 0.4444444444444444
        },
        "Article ID: 0907.2959": {
            "Adjacency List": {
                "S2.E1": [
                    "S2.E3",
                    "S2.E4",
                    "S2.E5",
                    "S2.E6",
                    "S2.E7",
                    "S2.E8"
                ],
                "S2.E2": [
                    "S2.E3",
                    "S2.E4",
                    "S2.E5",
                    "S2.E6",
                    "S2.E7",
                    "S2.E8"
                ],
                "S2.E3": [
                    "S2.E4",
                    "S2.E5",
                    "S2.E6",
                    "S2.E7",
                    "S2.E8"
                ],
                "S2.E4": [
                    null
                ],
                "S2.E5": [
                    null
                ],
                "S2.E6": [
                    null
                ],
                "S2.E7": [
                    null
                ],
                "S2.E8": [
                    null
                ],
                "S2.E9": [
                    null
                ],
                "S2.E10": [
                    "S2.E13",
                    "S2.E14"
                ],
                "S2.E11": [
                    "S2.E12",
                    "S2.E13",
                    "S2.E14"
                ],
                "S2.E12": [
                    "S2.E13",
                    "S2.E14"
                ],
                "S2.E13": [
                    "S2.E14"
                ],
                "S2.E14": [
                    null
                ],
                "S2.E15": [
                    null
                ]
            },
            "Accuracy": 0.18181818181818182,
            "Precision": 0.24242424242424243,
            "Recall": 0.42105263157894735,
            "F1 Score": 0.3076923076923077
        },
        "Article ID: 0907.2994": {
            "Adjacency List": {
                "S1.E1": [
                    null
                ],
                "S1.E2": [
                    null
                ],
                "S1.E3": [
                    null
                ],
                "S2.E4": [
                    "S2.E5",
                    "S2.E6",
                    "S2.E7"
                ],
                "S2.E5": [
                    "S2.E6",
                    "S2.E7"
                ],
                "S2.E6": [
                    "S2.E7"
                ],