{
    "Correctness": {
        "Number of articles used": 10,
        "Overall Correctness": {
            "Overall Accuracy": 0.18974358974358974,
            "Overall Precision": 0.34579439252336447,
            "Overall Recall": 0.296,
            "Overall F1 Score": 0.31896551724137934
        },
        "Aggregate Correctness Statistics": {
            "Accuracy": {
                "Mean": 0.21233877233877232,
                "Lowest": 0.06666666666666667,
                "25th Quartile (Q1)": 0.11607142857142856,
                "Median": 0.22474747474747475,
                "75th Quartile (Q3)": 0.2767857142857143,
                "Highest": 0.36363636363636365
            },
            "Precision": {
                "Mean": 0.35371336996337,
                "Lowest": 0.125,
                "25th Quartile (Q1)": 0.2315340909090909,
                "Median": 0.3875,
                "75th Quartile (Q3)": 0.44507575757575757,
                "Highest": 0.5714285714285714
            },
            "Recall": {
                "Mean": 0.3288147963147963,
                "Lowest": 0.11538461538461539,
                "25th Quartile (Q1)": 0.18333333333333332,
                "Median": 0.3484848484848485,
                "75th Quartile (Q3)": 0.42142857142857143,
                "Highest": 0.5555555555555556
            },
            "F1 Score": {
                "Mean": 0.33864289849583973,
                "Lowest": 0.125,
                "25th Quartile (Q1)": 0.20361990950226244,
                "Median": 0.367003367003367,
                "75th Quartile (Q3)": 0.43333333333333335,
                "Highest": 0.5333333333333333
            }
        }
    },
    "Results": {
        "Article ID: 0907.2648": {
            "Adjacency List": {
                "S0.E1": [
                    null
                ],
                "S0.E2": [
                    null
                ],
                "S0.E3": [
                    null
                ],
                "S0.E4": [
                    "S0.E5"
                ],
                "S0.E5": [
                    null
                ],
                "S0.E6": [
                    null
                ],
                "S0.E7": [
                    null
                ],
                "S0.E8": [
                    null
                ],
                "S0.E9": [
                    null
                ],
                "S0.E10": [
                    null
                ],
                "S0.E11": [
                    null
                ],
                "S0.E12": [
                    null
                ],
                "S0.E13": [
                    null
                ]
            },
            "Accuracy": 0.2857142857142857,
            "Precision": 0.46153846153846156,
            "Recall": 0.42857142857142855,
            "F1 Score": 0.4444444444444445
        },
        "Article ID: 0907.2720": {
            "Adjacency List": {
                "S2.E1": [
                    null
                ],
                "S2.E2": [
                    null
                ],
                "S2.E3": [
                    null
                ],
                "S2.E4": [
                    null
                ],
                "S2.E5": [
                    null
                ],
                "S2.E6": [
                    null
                ],
                "S2.E7": [
                    null
                ],
                "S2.E8": [
                    null
                ],
                "S2.E9": [
                    null
                ],
                "S2.E10": [
                    null
                ],
                "S2.E11": [
                    null
                ],
                "S2.E12": [
                    null
                ]
            },
            "Accuracy": 0.22727272727272727,
            "Precision": 0.4166666666666667,
            "Recall": 0.3333333333333333,
            "F1 Score": 0.3703703703703704
        },
        "Article ID: 0907.2870": {
            "Adjacency List": {
                "S2.E1": [
                    null
                ],
                "S2.E2": [
                    null
                ],
                "S2.E3": [
                    null
                ],
                "S3.E4": [
                    null
                ],
                "S3.E5": [
                    null
                ],
                "S4.E6": [
                    null
                ],
                "S4.E7": [
                    null
                ],
                "S4.E8": [
                    null
                ],
                "S4.E9": [
                    null
                ],
                "S4.E10": [
                    null
                ]
            },
            "Accuracy": 0.25,
            "Precision": 0.4,
            "Recall": 0.4,
            "F1 Score": 0.4000000000000001
        },
        "Article ID: 0907.2872": {
            "Adjacency List": {
                "S0.E1": [
                    "S0.E4"
                ],
                "S0.E2": [
                    "S0.E3",
                    "S0.E5"
                ],
                "S0.E3": [
                    null
                ],
                "S0.E4": [
                    "S0.E2",
                    "S0.E3"
                ],
                "S0.E5": [
                    null
                ],
                "S0.E6": [
                    null
                ],
                "S0.E7": [
                    null
                ],
                "S0.E8": [
                    null
                ],
                "S0.E9": [
                    null
                ]
            },
            "Accuracy": 0.3333333333333333,
            "Precision": 0.45454545454545453,
            "Recall": 0.5555555555555556,
            "F1 Score": 0.5
        },
        "Article ID: 0907.2959": {
            "Adjacency List": {
                "S2.E1": [
                    null
                ],
                "S2.E2": [
                    null
                ],
                "S2.E3": [
                    null
                ],
                "S2.E4": [
                    null
                ],
                "S2.E5": [
                    null
                ],
                "S3.E6": [
                    "S3.E7"
                ],
                "S3.E7": [
                    null
                ],
                "S3.E8": [
                    null
                ]
            },
            "Accuracy": 0.21428571428571427,
            "Precision": 0.375,
            "Recall": 0.3333333333333333,
            "F1 Score": 0.35294117647058826
        },
        "Article ID: 0907.2994": {
            "Adjacency List": {
                "S0.E1": [
                    null
                ],
                "S0.E2": [
                    "S0.E3"
                ],
                "S0.E3": [
                    null
                ],
                "S0.E4": [
                    null
                ],
                "S0.E5": [
                    null
                ],
                "S0.E6": [
                    null
                ],
                "S0.E7": [
                    null
                ],
                "S0.E8": [
                    null
                ]
            },
            "Accuracy": 0.06666666666666667,
            "Precision": 0.125,
            "Recall": 0.125,
            "F1 Score": 0.125
        },
        "Article ID: 0907.3017": {
            "Adjacency List": {
                "S2.E1": [
                    null
                ],
                "S2.E2": [
                    null
                ],
                "S2.E3": [
                    null
                ],
                "S3.E4": [
                    null
                ],
                "S3.E5": [
                    null
                ],