{
    "Correctness": {
        "Number of articles used": 10,
        "Overall Correctness": {
            "Overall Accuracy": 0.3026315789473684,
            "Overall Precision": 0.46938775510204084,
            "Overall Recall": 0.46,
            "Overall F1 Score": 0.46464646464646464
        },
        "Aggregate Correctness Statistics": {
            "Accuracy": {
                "Mean": 0.32580786860198624,
                "Lowest": 0.13333333333333333,
                "25th Quartile (Q1)": 0.24107142857142855,
                "Median": 0.2899159663865546,
                "75th Quartile (Q3)": 0.3560606060606061,
                "Highest": 0.8181818181818182
            },
            "Precision": {
                "Mean": 0.47387362637362634,
                "Lowest": 0.2,
                "25th Quartile (Q1)": 0.37740384615384615,
                "Median": 0.42727272727272725,
                "75th Quartile (Q3)": 0.5649350649350648,
                "Highest": 0.9
            },
            "Recall": {
                "Mean": 0.4694139194139194,
                "Lowest": 0.26666666666666666,
                "25th Quartile (Q1)": 0.39560439560439564,
                "Median": 0.44155844155844154,
                "75th Quartile (Q3)": 0.5,
                "Highest": 0.9
            },
            "F1 Score": {
                "Mean": 0.4683401565754507,
                "Lowest": 0.23529411764705882,
                "25th Quartile (Q1)": 0.38846153846153847,
                "Median": 0.4494949494949495,
                "75th Quartile (Q3)": 0.525,
                "Highest": 0.9
            }
        }
    },
    "Results": {
        "Article ID: 0907.2648": {
            "Adjacency List": {
                "S0.E1": [
                    null
                ],
                "S0.E2": [
                    null
                ],
                "S0.E3": [
                    null
                ],
                "S0.E4": [
                    null
                ],
                "S0.E5": [
                    null
                ],
                "S0.E6": [
                    null
                ],
                "S0.E7": [
                    null
                ],
                "S0.E8": [
                    null
                ],
                "S0.E9": [
                    null
                ],
                "S0.E10": [
                    null
                ]
            },
            "Accuracy": 0.3333333333333333,
            "Precision": 0.6,
            "Recall": 0.42857142857142855,
            "F1 Score": 0.5
        },
        "Article ID: 0907.2720": {
            "Adjacency List": {
                "S1.E1": [
                    null
                ],
                "S2.E2": [
                    null
                ],
                "S2.E3": [
                    null
                ],
                "S2.E4": [
                    null
                ],
                "S2.E5": [
                    null
                ],
                "S2.E6": [
                    null
                ],
                "S2.E7": [
                    null
                ],
                "S2.E8": [
                    null
                ],
                "S2.E9": [
                    null
                ],
                "S2.E10": [
                    null
                ]
            },
            "Accuracy": 0.8181818181818182,
            "Precision": 0.9,
            "Recall": 0.9,
            "F1 Score": 0.9
        },
        "Article ID: 0907.2870": {
            "Adjacency List": {
                "S2.E1": [
                    null
                ],
                "S2.E2": [
                    null
                ],
                "S2.E3": [
                    null
                ],
                "S2.E4": [
                    null
                ],
                "S2.E5": [
                    null
                ],
                "S3.E6": [
                    null
                ],
                "S3.E7": [
                    "S3.E9"
                ],
                "S3.E8": [
                    "S3.E9"
                ],
                "S3.E9": [
                    null
                ],
                "S3.E10": [
                    null
                ],
                "S4.E11": [
                    null
                ]
            },
            "Accuracy": 0.375,
            "Precision": 0.5454545454545454,
            "Recall": 0.5454545454545454,
            "F1 Score": 0.5454545454545454
        },
        "Article ID: 0907.2872": {
            "Adjacency List": {
                "S0.E1": [
                    "S0.E2",
                    "S0.E7"
                ],
                "S0.E2": [
                    null
                ],
                "S0.E3": [
                    null
                ],
                "S0.E4": [
                    "S0.E5",
                    "S0.E7"
                ],
                "S0.E5": [
                    "S0.E6",
                    "S0.E7"
                ],
                "S0.E6": [
                    "S0.E7"
                ],
                "S0.E7": [
                    null
                ]
            },
            "Accuracy": 0.13333333333333333,
            "Precision": 0.2,
            "Recall": 0.2857142857142857,
            "F1 Score": 0.23529411764705882
        },
        "Article ID: 0907.2959": {
            "Adjacency List": {
                "S3.E1": [
                    "S5.E2",
                    "S5.E3"
                ],
                "S5.E2": [
                    null
                ],
                "S5.E3": [
                    null
                ],
                "S6.E4": [
                    null
                ]
            },
            "Accuracy": 0.2857142857142857,
            "Precision": 0.4,
            "Recall": 0.5,
            "F1 Score": 0.4444444444444445
        },
        "Article ID: 0907.2994": {
            "Adjacency List": {
                "S2.E1": [
                    null
                ],
                "S2.E2": [
                    null
                ],
                "S2.E3": [
                    null
                ],
                "S2.E4": [
                    null
                ],
                "S2.E5": [
                    null
                ],
                "S2.E6": [
                    null
                ],
                "S2.E7": [
                    null
                ],
                "S2.E8": [
                    null
                ],
                "S2.E9": [
                    null
                ],
                "S2.E10": [
                    "S2.E11"
                ],
                "S2.E11": [
                    null
                ],
                "S2.E12": [
                    null
                ],
                "S3.E13": [
                    null
                ]
            },
            "Accuracy": 0.16666666666666666,
            "Precision": 0.3076923076923077,
            "Recall": 0.26666666666666666,
            "F1 Score": 0.28571428571428575
        },
        "Article ID: 0907.3017": {
            "Adjacency List": {
                "S3.E1": [
                    null
                ],
                "S3.E2": [
                    null
                ],
                "S3.E3": [
                    null
                ],
                "S3.E4": [
                    "S4.E5",
                    "S4.E6"
                ],
                "S4.E5": [
                    "S4.E6"
                ],
                "S4.E6": [
                    null
                ],
                "S5.E7": [
                    null
                ]
            },
            "Accuracy": 0.25,
            "Precision": 0.375,
            "Recall": 0.42857142857142855,
            "F1 Score": 0.39999999999999997
        },