{
    "Correctness": {
        "Number of articles used": 10,
        "Overall Correctness": {
            "Overall Accuracy": 0.8757921419518377,
            "Overall Precision": 0.296,
            "Overall Recall": 0.25517241379310346,
            "Overall F1 Score": 0.2740740740740741
        },
        "Aggregate Correctness Statistics": {
            "Accuracy": {
                "Mean": 0.8742232521513008,
                "Lowest": 0.8055555555555556,
                "25th Quartile (Q1)": 0.8532754010695187,
                "Median": 0.8775401069518716,
                "75th Quartile (Q3)": 0.8941558441558441,
                "Highest": 0.9393939393939394
            },
            "Precision": {
                "Mean": 0.3238862363127069,
                "Lowest": 0.09090909090909091,
                "25th Quartile (Q1)": 0.1792279411764706,
                "Median": 0.2738095238095238,
                "75th Quartile (Q3)": 0.4,
                "Highest": 0.6666666666666666
            },
            "Recall": {
                "Mean": 0.30122371745901155,
                "Lowest": 0.09090909090909091,
                "25th Quartile (Q1)": 0.14,
                "Median": 0.22478991596638653,
                "75th Quartile (Q3)": 0.38333333333333336,
                "Highest": 0.6666666666666666
            },
            "F1 Score": {
                "Mean": 0.3093437826541275,
                "Lowest": 0.09090909090909091,
                "25th Quartile (Q1)": 0.14714285714285713,
                "Median": 0.24507389162561577,
                "75th Quartile (Q3)": 0.390909090909091,
                "Highest": 0.6666666666666666
            }
        }
    },
    "Results": {
        "Article ID: 0907.2648": {
            "Adjacency List": {
                "S2.E1": [
                    null
                ],
                "S2.E2": [
                    null
                ],
                "S2.E3": [
                    null
                ],
                "S2.E4": [
                    null
                ],
                "S2.E5": [
                    null
                ],
                "S2.E6": [
                    null
                ],
                "S2.E7": [
                    "S2.E8",
                    "S2.E9",
                    "S2.E10"
                ],
                "S2.E8": [
                    null
                ],
                "S2.E9": [
                    "S2.E10"
                ],
                "S2.E10": [
                    null
                ]
            },
            "Accuracy": 0.8073394495412844,
            "Precision": 0.3333333333333333,
            "Recall": 0.23529411764705882,
            "F1 Score": 0.27586206896551724
        },
        "Article ID: 0907.2720": {
            "Adjacency List": {
                "S2.E1": [
                    null
                ],
                "S2.E2": [
                    null
                ],
                "S2.E3": [
                    null
                ],
                "S2.E4": [
                    null
                ],
                "S2.E5": [
                    null
                ],
                "S3.E6": [
                    null
                ],
                "S3.E7": [
                    null
                ],
                "S3.E8": [
                    null
                ],
                "S3.E9": [
                    null
                ],
                "S3.E10": [
                    null
                ],
                "S3.E11": [
                    null
                ],
                "S3.E12": [
                    null
                ],
                "S3.E13": [
                    null
                ],
                "S4.E14": [
                    null
                ]
            },
            "Accuracy": 0.8952380952380953,
            "Precision": 0.21428571428571427,
            "Recall": 0.21428571428571427,
            "F1 Score": 0.21428571428571427
        },
        "Article ID: 0907.2870": {
            "Adjacency List": {
                "S2.E1": [
                    null
                ],
                "S2.E2": [
                    null
                ],
                "S2.E3": [
                    null
                ],
                "S3.E4": [
                    null
                ],
                "S3.E5": [
                    null
                ],
                "S4.E6": [
                    null
                ],
                "S4.E7": [
                    null
                ],
                "S4.E8": [
                    null
                ],
                "S4.E9": [
                    null
                ],
                "S4.E10": [
                    null
                ]
            },
            "Accuracy": 0.8909090909090909,
            "Precision": 0.4,
            "Recall": 0.4,
            "F1 Score": 0.4000000000000001
        },
        "Article ID: 0907.2872": {
            "Adjacency List": {
                "S0.E1": [
                    null
                ],
                "S0.E2": [
                    "S0.E3"
                ],
                "S0.E3": [
                    null
                ],
                "S0.E4": [
                    "S0.E3"
                ],
                "S0.E5": [
                    null
                ],
                "S0.E6": [
                    null
                ],
                "S0.E7": [
                    null
                ],
                "S0.E8": [
                    null
                ],
                "S0.E9": [
                    null
                ]
            },
            "Accuracy": 0.9325842696629213,
            "Precision": 0.6666666666666666,
            "Recall": 0.6666666666666666,
            "F1 Score": 0.6666666666666666
        },
        "Article ID: 0907.2959": {
            "Adjacency List": {
                "S2.E1": [
                    "S2.E4",
                    "S4.E5"
                ],
                "S2.E2": [
                    "S2.E3",
                    "S2.E4",
                    "S4.E5"
                ],
                "S2.E3": [
                    "S2.E4",
                    "S4.E5"
                ],
                "S2.E4": [
                    "S4.E5"
                ],
                "S4.E5": [
                    null
                ],
                "S4.E6": [
                    null
                ],
                "S4.E7": [
                    null
                ],
                "S5.E8": [
                    "S5.E9",
                    "S5.E10"
                ],
                "S5.E9": [
                    "S5.E10"
                ],
                "S5.E10": [
                    null
                ]
            },
            "Accuracy": 0.8055555555555556,
            "Precision": 0.13333333333333333,
            "Recall": 0.2,
            "F1 Score": 0.16
        },
        "Article ID: 0907.2994": {
            "Adjacency List": {
                "S2.E1": [
                    null
                ],
                "S2.E2": [
                    null
                ],
                "S2.E3": [
                    null
                ],
                "S2.E4": [
                    null
                ],
                "S2.E5": [
                    null
                ],
                "S3.E6": [
                    null
                ],
                "S3.E7": [
                    null
                ],
                "S3.E8": [
                    null
                ],
                "S3.E9": [
                    null
                ],
                "S4.E10": [
                    null
                ]
            },
            "Accuracy": 0.8727272727272727,
            "Precision": 0.4,
            "Recall": 0.3333333333333333,
            "F1 Score": 0.3636363636363636
        },