{
    "Correctness": {
        "Number of articles used": 10,
        "Overall Correctness": {
            "Overall Accuracy": 0.8402366863905325,
            "Overall Precision": 0.24701195219123506,
            "Overall Recall": 0.5344827586206896,
            "Overall F1 Score": 0.33787465940054495
        },
        "Aggregate Correctness Statistics": {
            "Accuracy": {
                "Mean": 0.8280130806466761,
                "Lowest": 0.5740740740740741,
                "25th Quartile (Q1)": 0.7511655624496092,
                "Median": 0.884004884004884,
                "75th Quartile (Q3)": 0.9159784632823254,
                "Highest": 0.9743589743589743
            },
            "Precision": {
                "Mean": 0.3688694638694639,
                "Lowest": 0.13333333333333333,
                "25th Quartile (Q1)": 0.16083916083916083,
                "Median": 0.3472222222222222,
                "75th Quartile (Q3)": 0.5192307692307692,
                "Highest": 0.8333333333333334
            },
            "Recall": {
                "Mean": 0.5034195122043419,
                "Lowest": 0.15384615384615385,
                "25th Quartile (Q1)": 0.4325396825396825,
                "Median": 0.4807692307692308,
                "75th Quartile (Q3)": 0.6299342105263157,
                "Highest": 0.8333333333333334
            },
            "F1 Score": {
                "Mean": 0.3966152870267253,
                "Lowest": 0.15384615384615385,
                "25th Quartile (Q1)": 0.2276376146788991,
                "Median": 0.3668005354752343,
                "75th Quartile (Q3)": 0.5042735042735044,
                "Highest": 0.8333333333333334
            }
        }
    },
    "Results": {
        "Article ID: 0907.2648": {
            "Adjacency List": {
                "S0.E1": [
                    null
                ],
                "S0.E2": [
                    null
                ],
                "S0.E3": [
                    "S0.E10",
                    "S0.E11",
                    "S0.E12",
                    "S0.E13",
                    "S0.E14"
                ],
                "S0.E4": [
                    "S0.E5",
                    "S0.E6",
                    "S0.E7",
                    "S0.E8",
                    "S0.E9",
                    "S0.E10",
                    "S0.E11",
                    "S0.E12",
                    "S0.E13",
                    "S0.E14",
                    "S0.E15",
                    "S0.E16",
                    "S0.E17",
                    "S0.E18"
                ],
                "S0.E5": [
                    "S0.E8",
                    "S0.E9",
                    "S0.E10",
                    "S0.E11",
                    "S0.E12",
                    "S0.E13",
                    "S0.E14",
                    "S0.E15",
                    "S0.E16",
                    "S0.E17",
                    "S0.E18"
                ],
                "S0.E6": [
                    "S0.E9",
                    "S0.E10",
                    "S0.E11",
                    "S0.E12",
                    "S0.E13",
                    "S0.E14",
                    "S0.E15",
                    "S0.E16",
                    "S0.E17",
                    "S0.E18"
                ],
                "S0.E7": [
                    "S0.E8",
                    "S0.E9",
                    "S0.E10",
                    "S0.E11",
                    "S0.E12",
                    "S0.E13",
                    "S0.E14",
                    "S0.E15",
                    "S0.E16",
                    "S0.E17",
                    "S0.E18"
                ],
                "S0.E8": [
                    "S0.E9",
                    "S0.E10",
                    "S0.E11",
                    "S0.E12",
                    "S0.E13",
                    "S0.E14",
                    "S0.E15",
                    "S0.E16",
                    "S0.E17",
                    "S0.E18"
                ],
                "S0.E9": [
                    "S0.E10",
                    "S0.E11",
                    "S0.E12",
                    "S0.E13",
                    "S0.E14",
                    "S0.E15",
                    "S0.E16",
                    "S0.E17",
                    "S0.E18"
                ],
                "S0.E10": [
                    "S0.E11",
                    "S0.E12",
                    "S0.E13",
                    "S0.E14",
                    "S0.E15",
                    "S0.E16",
                    "S0.E17",
                    "S0.E18"
                ],
                "S0.E11": [
                    "S0.E12",
                    "S0.E13",
                    "S0.E14"
                ],
                "S0.E12": [
                    "S0.E13"
                ],
                "S0.E13": [
                    null
                ],
                "S0.E14": [
                    null
                ],
                "S0.E15": [
                    "S0.E16"
                ],
                "S0.E16": [
                    null
                ],
                "S0.E17": [
                    null
                ],
                "S0.E18": [
                    null
                ]
            },
            "Accuracy": 0.7447447447447447,
            "Precision": 0.13333333333333333,
            "Recall": 0.631578947368421,
            "F1 Score": 0.22018348623853212
        },
        "Article ID: 0907.2720": {
            "Adjacency List": {
                "S0.E1": [
                    null
                ],
                "S0.E2": [
                    null
                ],
                "S0.E3": [
                    null
                ],
                "S0.E4": [
                    null
                ],
                "S0.E5": [
                    null
                ],
                "S0.E6": [
                    null
                ],
                "S0.E7": [
                    null
                ],
                "S0.E8": [
                    null
                ],
                "S0.E9": [
                    null
                ],
                "S0.E10": [
                    "S0.E11"
                ],
                "S0.E11": [
                    null
                ],
                "S0.E12": [
                    null
                ],
                "S0.E13": [
                    null
                ]
            },
            "Accuracy": 0.9281767955801105,
            "Precision": 0.5384615384615384,
            "Recall": 0.5,
            "F1 Score": 0.5185185185185186
        },
        "Article ID: 0907.2870": {
            "Adjacency List": {
                "S3.E1": [
                    null
                ],
                "S3.E2": [
                    null
                ],
                "S3.E3": [
                    null
                ],
                "S3.E4": [
                    null
                ],
                "S3.E5": [
                    null
                ],
                "S3.E6": [
                    null
                ],
                "S3.E7": [
                    null
                ],
                "S6.E8": [
                    null
                ],
                "S6.E9": [
                    null
                ]
            },
            "Accuracy": 0.8888888888888888,
            "Precision": 0.4444444444444444,
            "Recall": 0.4444444444444444,
            "F1 Score": 0.4444444444444444
        },
        "Article ID: 0907.2872": {
            "Adjacency List": {
                "S1.E1": [
                    null
                ],
                "S1.E2": [
                    null
                ],
                "S1.E3": [
                    null
                ],
                "S1.E4": [
                    null
                ]
            },
            "Accuracy": 0.7,