{
    "Correctness": {
        "Number of articles used": 10,
        "Overall Correctness": {
            "Overall Accuracy": 0.10803324099722991,
            "Overall Precision": 0.1392857142857143,
            "Overall Recall": 0.325,
            "Overall F1 Score": 0.195
        },
        "Aggregate Correctness Statistics": {
            "Accuracy": {
                "Mean": 0.14255280231836048,
                "Lowest": 0.058823529411764705,
                "25th Quartile (Q1)": 0.06645782054150817,
                "Median": 0.10989010989010989,
                "75th Quartile (Q3)": 0.1804812834224599,
                "Highest": 0.30303030303030304
            },
            "Precision": {
                "Mean": 0.21168016194331987,
                "Lowest": 0.07291666666666667,
                "25th Quartile (Q1)": 0.0859375,
                "Median": 0.15263157894736842,
                "75th Quartile (Q3)": 0.3634615384615385,
                "Highest": 0.4
            },
            "Recall": {
                "Mean": 0.31937908496732026,
                "Lowest": 0.2,
                "25th Quartile (Q1)": 0.22916666666666666,
                "Median": 0.275,
                "75th Quartile (Q3)": 0.3458333333333333,
                "Highest": 0.5882352941176471
            },
            "F1 Score": {
                "Mean": 0.23959216355343532,
                "Lowest": 0.1111111111111111,
                "25th Quartile (Q1)": 0.12460815047021943,
                "Median": 0.19642857142857142,
                "75th Quartile (Q3)": 0.3057692307692308,
                "Highest": 0.46511627906976744
            }
        }
    },
    "Results": {
        "Article ID: 0907.2648": {
            "Adjacency List": {
                "S1.E1": [],
                "S1.E2": [
                    "S1.E1",
                    "S2.E3",
                    "S2.E4",
                    "S3.E6",
                    "S3.E8",
                    "S3.E9"
                ],
                "S2.E3": [
                    "S2.E4",
                    "S3.E6",
                    "S3.E8",
                    "S3.E9"
                ],
                "S2.E4": [
                    "S3.E6",
                    "S3.E8",
                    "S3.E9"
                ],
                "S2.E5": [
                    "S1.E1",
                    "S1.E2",
                    "S2.E3",
                    "S2.E4",
                    "S3.E6",
                    "S3.E8",
                    "S3.E9"
                ],
                "S3.E6": [
                    "S3.E7",
                    "S3.E8",
                    "S3.E9"
                ],
                "S3.E7": [
                    "S1.E2",
                    "S2.E3",
                    "S2.E4",
                    "S2.E5",
                    "S3.E8",
                    "S3.E9"
                ],
                "S3.E8": [
                    "S3.E9"
                ],
                "S3.E9": [],
                "S3.E10": [
                    "S3.E7",
                    "S3.E9"
                ]
            },
            "Accuracy": 0.07317073170731707,
            "Precision": 0.09375,
            "Recall": 0.25,
            "F1 Score": 0.13636363636363635
        },
        "Article ID: 0907.2720": {
            "Adjacency List": {
                "S0.E1": [
                    "S0.E2",
                    "S0.E3",
                    "S0.E4",
                    "S0.E5"
                ],
                "S0.E2": [
                    "S0.E3",
                    "S0.E5"
                ],
                "S0.E3": [
                    "S0.E4",
                    "S0.E5",
                    "S0.E6"
                ],
                "S0.E4": [
                    "S0.E5",
                    "S0.E6",
                    "S0.E8"
                ],
                "S0.E5": [
                    "S0.E6",
                    "S0.E8",
                    "S0.E9"
                ],
                "S0.E6": [
                    "S0.E8",
                    "S0.E9"
                ],
                "S0.E7": [
                    "S0.E1",
                    "S0.E2",
                    "S0.E3",
                    "S0.E4",
                    "S0.E5",
                    "S0.E6",
                    "S0.E8"
                ],
                "S0.E8": [
                    "S0.E9"
                ],
                "S0.E9": [
                    "S0.E7"
                ]
            },
            "Accuracy": 0.058823529411764705,
            "Precision": 0.07692307692307693,
            "Recall": 0.2,
            "F1 Score": 0.1111111111111111
        },
        "Article ID: 0907.2870": {
            "Adjacency List": {
                "S3.E1": [],
                "S3.E2": [
                    "S3.E1",
                    "S3.E3",
                    "S3.E4",
                    "S3.E5"
                ],
                "S3.E3": [
                    "S3.E1",
                    "S3.E4",
                    "S3.E5",
                    "S3.E6",
                    "S3.E7",
                    "S3.E8",
                    "S3.E9",
                    "S3.E10",
                    "S3.E11",
                    "S3.E12",
                    "S3.E13",
                    "S3.E14"
                ],
                "S3.E4": [
                    "S3.E1",
                    "S3.E5",
                    "S3.E6",
                    "S3.E7",
                    "S3.E8",
                    "S3.E9",
                    "S3.E10",
                    "S3.E13"
                ],
                "S3.E5": [
                    "S3.E1",
                    "S3.E6",
                    "S3.E7",
                    "S3.E8",
                    "S3.E9",
                    "S3.E10",
                    "S3.E11",
                    "S3.E12",
                    "S3.E13",
                    "S3.E14"
                ],
                "S3.E6": [
                    "S3.E7",
                    "S3.E8",
                    "S3.E9",
                    "S3.E10",
                    "S3.E11",
                    "S3.E13"
                ],
                "S3.E7": [
                    "S3.E1",
                    "S3.E8",
                    "S3.E9",
                    "S3.E10",
                    "S3.E12",
                    "S3.E13",
                    "S3.E14"
                ],
                "S3.E8": [
                    "S3.E9",
                    "S3.E10",
                    "S3.E11",
                    "S3.E12",
                    "S3.E13",
                    "S3.E14"
                ],
                "S3.E9": [
                    "S3.E10",
                    "S3.E11",
                    "S3.E12",
                    "S3.E13",
                    "S3.E14",
                    "S3.E15",
                    "S3.E16"
                ],
                "S3.E10": [
                    "S3.E11",
                    "S3.E12",
                    "S3.E13",
                    "S3.E14",
                    "S3.E15",
                    "S3.E16"
                ],
                "S3.E11": [
                    "S3.E7",
                    "S3.E12",
                    "S3.E13",
                    "S3.E14",
                    "S3.E15",
                    "S3.E16"
                ],
                "S3.E12": [
                    "S3.E13",
                    "S3.E14",
                    "S3.E15",
                    "S3.E16"
                ],
                "S3.E13": [
                    "S3.E14",
                    "S3.E15",
                    "S3.E16",
                    "S3.E17",
                    "S3.E18",
                    "S3.E19"
                ],
                "S3.E14": [
                    "S3.E15",
                    "S3.E16",
                    "S3.E17",
                    "S3.E18",
                    "S3.E19"
                ],