{
    "Correctness": {
        "Number of articles used": 15,
        "Overall Correctness": {
            "Overall Accuracy": 0.026402640264026403,
            "Overall Precision": 0.05263157894736842,
            "Overall Recall": 0.050314465408805034,
            "Overall F1 Score": 0.05144694533762058
        },
        "Aggregate Correctness Statistics": {
            "Accuracy": {
                "Mean": 0.026497113997113998,
                "Lowest": 0.0,
                "25th Quartile (Q1)": 0.0,
                "Median": 0.0,
                "75th Quartile (Q3)": 0.010416666666666666,
                "Highest": 0.14285714285714285
            },
            "Precision": {
                "Mean": 0.0745906761654793,
                "Lowest": 0.0,
                "25th Quartile (Q1)": 0.0,
                "Median": 0.0,
                "75th Quartile (Q3)": 0.011811023622047244,
                "Highest": 0.42857142857142855
            },
            "Recall": {
                "Mean": 0.042505446623093676,
                "Lowest": 0.0,
                "25th Quartile (Q1)": 0.0,
                "Median": 0.0,
                "75th Quartile (Q3)": 0.05555555555555555,
                "Highest": 0.2
            },
            "F1 Score": {
                "Mean": 0.047165532879818596,
                "Lowest": 0.0,
                "25th Quartile (Q1)": 0.0,
                "Median": 0.0,
                "75th Quartile (Q3)": 0.020408163265306124,
                "Highest": 0.25
            }
        }
    },
    "Results": {
        "Article ID: 0907.2648": {
            "Adjacency List": {
                "S2.E1": [],
                "S2.E2": [],
                "S2.E3": [],
                "S2.E4": [],
                "S2.E5": [],
                "S2.E6": []
            },
            "Accuracy": 0.0,
            "Precision": 0,
            "Recall": 0.0,
            "F1 Score": 0
        },
        "Article ID: 0907.2720": {
            "Adjacency List": {
                "S0.E1": [],
                "S0.E2": [],
                "S0.E3": [],
                "S0.E4": [],
                "S0.E5": [],
                "S0.E6": [],
                "S0.E7": [
                    "S0.E8"
                ],
                "S0.E8": [],
                "S0.E9": []
            },
            "Accuracy": 0.0,
            "Precision": 0.0,
            "Recall": 0.0,
            "F1 Score": 0
        },
        "Article ID: 0907.2870": {
            "Adjacency List": {
                "S1.E1": [],
                "S1.E2": [],
                "S1.E3": [
                    "S1.E4"
                ],
                "S1.E4": []
            },
            "Accuracy": 0.0,
            "Precision": 0.0,
            "Recall": 0.0,
            "F1 Score": 0
        },
        "Article ID: 0907.2872": {
            "Adjacency List": {
                "S3.E1": [
                    "S3.E3",
                    "S3.E4",
                    "S3.E5",
                    "S3.E6",
                    "S3.E7",
                    "S3.E8",
                    "S3.E9",
                    "S3.E10",
                    "S3.E11",
                    "S3.E12",
                    "S3.E13",
                    "S3.E14",
                    "S3.E15",
                    "S3.E16",
                    "S3.E17",
                    "S3.E18",
                    "S3.E19"
                ],
                "S3.E2": [
                    "S3.E3",
                    "S3.E4",
                    "S3.E5",
                    "S3.E6",
                    "S3.E7",
                    "S3.E8",
                    "S3.E9",
                    "S3.E10",
                    "S3.E11",
                    "S3.E12",
                    "S3.E13",
                    "S3.E14",
                    "S3.E15",
                    "S3.E16",
                    "S3.E17",
                    "S3.E18",
                    "S3.E19"
                ],
                "S3.E3": [
                    "S3.E4",
                    "S3.E5",
                    "S3.E6",
                    "S3.E7",
                    "S3.E8",
                    "S3.E9",
                    "S3.E10",
                    "S3.E11",
                    "S3.E12",
                    "S3.E13",
                    "S3.E14",
                    "S3.E15",
                    "S3.E16",
                    "S3.E17",
                    "S3.E18",
                    "S3.E19"
                ],
                "S3.E4": [
                    "S3.E5",
                    "S3.E6",
                    "S3.E7",
                    "S3.E8",
                    "S3.E9",
                    "S3.E10",
                    "S3.E11",
                    "S3.E12",
                    "S3.E13",
                    "S3.E14",
                    "S3.E15",
                    "S3.E16",
                    "S3.E17",
                    "S3.E18",
                    "S3.E19"
                ],
                "S3.E5": [
                    "S3.E6",
                    "S3.E7",
                    "S3.E8",
                    "S3.E9",
                    "S3.E10",
                    "S3.E11",
                    "S3.E12",
                    "S3.E13",
                    "S3.E14",
                    "S3.E16",
                    "S3.E19"
                ],
                "S3.E6": [
                    "S3.E7",
                    "S3.E8",
                    "S3.E9",
                    "S3.E10",
                    "S3.E11",
                    "S3.E12",
                    "S3.E13",
                    "S3.E14",
                    "S3.E15",
                    "S3.E16",
                    "S3.E17",
                    "S3.E18",
                    "S3.E19"
                ],
                "S3.E7": [
                    "S3.E8",
                    "S3.E9",
                    "S3.E10",
                    "S3.E11",
                    "S3.E12",
                    "S3.E13",
                    "S3.E14",
                    "S3.E15",
                    "S3.E16",
                    "S3.E17",
                    "S3.E19"
                ],
                "S3.E8": [
                    "S3.E9",
                    "S3.E10",
                    "S3.E11",
                    "S3.E12",
                    "S3.E13",
                    "S3.E19"
                ],
                "S3.E9": [
                    "S3.E10",
                    "S3.E11",
                    "S3.E12",
                    "S3.E13",
                    "S3.E19"
                ],
                "S3.E10": [
                    "S3.E11",
                    "S3.E12",
                    "S3.E13",
                    "S3.E14",
                    "S3.E16",
                    "S3.E19"
                ],
                "S3.E11": [
                    "S3.E12",
                    "S3.E13"
                ],
                "S3.E12": [
                    "S3.E13"
                ],
                "S3.E13": [],
                "S3.E14": [],
                "S3.E15": [
                    "S3.E16",
                    "S3.E19"
                ],
                "S3.E16": [
                    "S3.E17",
                    "S3.E18",
                    "S3.E19"
                ],
                "S3.E17": [
                    "S3.E19"
                ],
                "S3.E18": [
                    "S3.E19"
                ],
                "S3.E19": []
            },
            "Accuracy": 0.020833333333333332,
            "Precision": 0.023622047244094488,
            "Recall": 0.15,
            "F1 Score": 0.04081632653061225
        },
        "Article ID: 0907.2959": {
            "Adjacency List": {
                "S0.E1": [],
                "S0.E2": [],
                "S0.E3": [],
                "S0.E4": [],
                "S0.E5": [],
                "S0.E6": [],
                "S0.E7": [],
                "S0.E8": [],
                "S0.E9": [],