{
    "Correctness": {
        "Number of articles used": 15,
        "Overall Correctness": {
            "Overall Accuracy": 0.2616487455197133,
            "Overall Precision": 0.37823834196891193,
            "Overall Recall": 0.4591194968553459,
            "Overall F1 Score": 0.4147727272727273
        },
        "Aggregate Correctness Statistics": {
            "Accuracy": {
                "Mean": 0.2690357303515198,
                "Lowest": 0.125,
                "25th Quartile (Q1)": 0.1997354497354497,
                "Median": 0.2857142857142857,
                "75th Quartile (Q3)": 0.3078947368421052,
                "Highest": 0.46153846153846156
            },
            "Precision": {
                "Mean": 0.40729949874686716,
                "Lowest": 0.21875,
                "25th Quartile (Q1)": 0.3333333333333333,
                "Median": 0.375,
                "75th Quartile (Q3)": 0.4772727272727273,
                "Highest": 0.6666666666666666
            },
            "Recall": {
                "Mean": 0.4443039095980273,
                "Lowest": 0.2222222222222222,
                "25th Quartile (Q1)": 0.3666666666666667,
                "Median": 0.4444444444444444,
                "75th Quartile (Q3)": 0.5470085470085471,
                "Highest": 0.6470588235294118
            },
            "F1 Score": {
                "Mean": 0.4160327186777872,
                "Lowest": 0.2222222222222222,
                "25th Quartile (Q1)": 0.33272058823529416,
                "Median": 0.4444444444444444,
                "75th Quartile (Q3)": 0.4707692307692307,
                "Highest": 0.631578947368421
            }
        }
    },
    "Results": {
        "Article ID: 0907.2648": {
            "Adjacency List": {
                "S0.E1": [
                    null
                ],
                "S0.E2": [
                    null
                ],
                "S0.E3": [
                    null
                ],
                "S0.E4": [
                    null
                ],
                "S0.E5": [
                    null
                ],
                "S0.E6": [
                    null
                ],
                "S0.E7": [
                    null
                ],
                "S0.E8": [
                    null
                ],
                "S0.E9": [
                    null
                ]
            },
            "Accuracy": 0.46153846153846156,
            "Precision": 0.6666666666666666,
            "Recall": 0.6,
            "F1 Score": 0.631578947368421
        },
        "Article ID: 0907.2720": {
            "Adjacency List": {
                "S2.E1": [
                    null
                ],
                "S2.E2": [
                    null
                ],
                "S2.E3": [
                    null
                ],
                "S2.E4": [
                    null
                ],
                "S2.E5": [
                    null
                ],
                "S2.E6": [
                    null
                ]
            },
            "Accuracy": 0.3,
            "Precision": 0.5,
            "Recall": 0.42857142857142855,
            "F1 Score": 0.4615384615384615
        },
        "Article ID: 0907.2870": {
            "Adjacency List": {
                "S2.E1": [
                    "S2.E2",
                    "S2.E3"
                ],
                "S2.E2": [
                    null
                ],
                "S2.E3": [
                    null
                ],
                "S2.E4": [
                    null
                ],
                "S2.E5": [
                    "S2.E6",
                    "S2.E8"
                ],
                "S2.E6": [
                    null
                ],
                "S2.E7": [
                    null
                ],
                "S2.E8": [
                    null
                ],
                "S2.E9": [
                    null
                ],
                "S2.E10": [
                    null
                ],
                "S3.E11": [
                    null
                ],
                "S3.E12": [
                    null
                ]
            },
            "Accuracy": 0.3,
            "Precision": 0.42857142857142855,
            "Recall": 0.5,
            "F1 Score": 0.4615384615384615
        },
        "Article ID: 0907.2872": {
            "Adjacency List": {
                "S2.E1": [
                    null
                ],
                "S2.E2": [
                    null
                ],
                "S2.E3": [
                    null
                ],
                "S2.E4": [
                    "S2.E5",
                    "S2.E6",
                    "S2.E7",
                    "S2.E8",
                    "S2.E9",
                    "S2.E10",
                    "S3.E11"
                ],
                "S2.E5": [
                    "S2.E6",
                    "S2.E7",
                    "S2.E8",
                    "S2.E9",
                    "S2.E10",
                    "S3.E11"
                ],
                "S2.E6": [
                    "S2.E8",
                    "S2.E9",
                    "S2.E10",
                    "S3.E11"
                ],
                "S2.E7": [
                    "S2.E9",
                    "S2.E10",
                    "S3.E11"
                ],
                "S2.E8": [
                    "S2.E9",
                    "S2.E10",
                    "S3.E11"
                ],
                "S2.E9": [
                    "S2.E10",
                    "S3.E11"
                ],
                "S2.E10": [
                    "S3.E11"
                ],
                "S3.E11": [
                    null
                ],
                "S4.E12": [
                    null
                ],
                "S4.E13": [
                    null
                ]
            },
            "Accuracy": 0.18421052631578946,
            "Precision": 0.21875,
            "Recall": 0.5384615384615384,
            "F1 Score": 0.3111111111111111
        },
        "Article ID: 0907.2959": {
            "Adjacency List": {
                "S0.E1": [
                    null
                ],
                "S0.E2": [
                    "S0.E3",
                    "S0.E4"
                ],
                "S0.E3": [
                    "S0.E4",
                    "S0.E5"
                ],
                "S0.E4": [
                    null
                ],
                "S0.E5": [
                    null
                ],
                "S0.E6": [
                    null
                ],
                "S0.E7": [
                    "S0.E9"
                ],
                "S0.E8": [
                    "S0.E9"
                ],
                "S0.E9": [
                    null
                ]
            },
            "Accuracy": 0.3333333333333333,
            "Precision": 0.45454545454545453,
            "Recall": 0.5555555555555556,
            "F1 Score": 0.5
        },
        "Article ID: 0907.2994": {
            "Adjacency List": {
                "S2.E1": [
                    "S2.E2"
                ],
                "S2.E2": [
                    null
                ],
                "S2.E3": [
                    null
                ],
                "S2.E4": [
                    null
                ],
                "S2.E5": [
                    null
                ],
                "S3.E6": [
                    null
                ],
                "S3.E7": [
                    null
                ],
                "S3.E8": [
                    null
                ]
            },
            "Accuracy": 0.4166666666666667,
            "Precision": 0.625,
            "Recall": 0.5555555555555556,
            "F1 Score": 0.5882352941176471
        },