{
    "Correctness": {
        "Number of articles used": 10,
        "Overall Correctness": {
            "Overall Accuracy": 0.2777777777777778,
            "Overall Precision": 0.39215686274509803,
            "Overall Recall": 0.4878048780487805,
            "Overall F1 Score": 0.43478260869565216
        },
        "Aggregate Correctness Statistics": {
            "Accuracy": {
                "Mean": 0.3111008991008991,
                "Lowest": 0.12,
                "25th Quartile (Q1)": 0.1625,
                "Median": 0.27884615384615385,
                "75th Quartile (Q3)": 0.3961538461538462,
                "Highest": 0.7272727272727273
            },
            "Precision": {
                "Mean": 0.43420634920634915,
                "Lowest": 0.14285714285714285,
                "25th Quartile (Q1)": 0.2708333333333333,
                "Median": 0.425,
                "75th Quartile (Q3)": 0.5416666666666667,
                "Highest": 0.8888888888888888
            },
            "Recall": {
                "Mean": 0.4872727272727273,
                "Lowest": 0.25,
                "25th Quartile (Q1)": 0.3571428571428571,
                "Median": 0.45555555555555555,
                "75th Quartile (Q3)": 0.5674603174603174,
                "Highest": 0.8
            },
            "F1 Score": {
                "Mean": 0.4498166238272578,
                "Lowest": 0.21428571428571427,
                "25th Quartile (Q1)": 0.27898550724637683,
                "Median": 0.43529411764705883,
                "75th Quartile (Q3)": 0.5674603174603174,
                "Highest": 0.8421052631578948
            }
        }
    },
    "Results": {
        "Article ID: 0907.2648": {
            "Adjacency List": {
                "S2.E1": [
                    null
                ],
                "S2.E2": [
                    "S2.E3",
                    "S2.E5"
                ],
                "S2.E3": [
                    null
                ],
                "S2.E4": [
                    null
                ],
                "S2.E5": [
                    null
                ],
                "S3.E6": [
                    null
                ],
                "S3.E7": [
                    null
                ],
                "S3.E8": [
                    null
                ],
                "S3.E9": [
                    null
                ],
                "S3.E10": [
                    null
                ],
                "S4.E11": [
                    null
                ]
            },
            "Accuracy": 0.15,
            "Precision": 0.25,
            "Recall": 0.2727272727272727,
            "F1 Score": 0.2608695652173913
        },
        "Article ID: 0907.2720": {
            "Adjacency List": {
                "S2.E1": [
                    null
                ],
                "S2.E2": [
                    "S2.E3"
                ],
                "S2.E3": [
                    "S2.E4"
                ],
                "S2.E4": [
                    null
                ],
                "S2.E5": [
                    null
                ],
                "S2.E6": [
                    null
                ]
            },
            "Accuracy": 0.2,
            "Precision": 0.3333333333333333,
            "Recall": 0.3333333333333333,
            "F1 Score": 0.3333333333333333
        },
        "Article ID: 0907.2870": {
            "Adjacency List": {
                "S0.E1": [
                    "S0.E2",
                    "S0.E3",
                    "S0.E4",
                    "S0.E5",
                    "S0.E6",
                    "S0.E7"
                ],
                "S0.E2": [
                    "S0.E3",
                    "S0.E4",
                    "S0.E5",
                    "S0.E6",
                    "S0.E7"
                ],
                "S0.E3": [
                    "S0.E4",
                    "S0.E5",
                    "S0.E6",
                    "S0.E7"
                ],
                "S0.E4": [
                    "S0.E5",
                    "S0.E7"
                ],
                "S0.E5": [
                    "S0.E6",
                    "S0.E7"
                ],
                "S0.E6": [
                    "S0.E7"
                ],
                "S0.E7": [
                    null
                ]
            },
            "Accuracy": 0.12,
            "Precision": 0.14285714285714285,
            "Recall": 0.42857142857142855,
            "F1 Score": 0.21428571428571427
        },
        "Article ID: 0907.2872": {
            "Adjacency List": {
                "S0.E1": [
                    null
                ],
                "S0.E2": [
                    null
                ],
                "S0.E3": [
                    null
                ],
                "S0.E4": [
                    null
                ],
                "S0.E5": [
                    null
                ],
                "S0.E6": [
                    null
                ],
                "S0.E7": [
                    null
                ],
                "S0.E8": [
                    null
                ],
                "S0.E9": [
                    null
                ]
            },
            "Accuracy": 0.7272727272727273,
            "Precision": 0.8888888888888888,
            "Recall": 0.8,
            "F1 Score": 0.8421052631578948
        },
        "Article ID: 0907.2959": {
            "Adjacency List": {
                "S2.E1": [
                    null
                ],
                "S2.E2": [
                    null
                ],
                "S2.E3": [
                    null
                ],
                "S2.E4": [
                    null
                ],
                "S2.E5": [
                    null
                ],
                "S3.E6": [
                    null
                ],
                "S3.E7": [
                    null
                ],
                "S3.E8": [
                    null
                ]
            },
            "Accuracy": 0.3076923076923077,
            "Precision": 0.5,
            "Recall": 0.4444444444444444,
            "F1 Score": 0.47058823529411764
        },
        "Article ID: 0907.2994": {
            "Adjacency List": {
                "S2.E1": [
                    "S2.E2"
                ],
                "S2.E2": [
                    "S2.E3"
                ],
                "S2.E3": [
                    null
                ],
                "S2.E4": [
                    null
                ],
                "S2.E5": [
                    null
                ],
                "S2.E6": [
                    null
                ],
                "S2.E7": [
                    null
                ],
                "S2.E8": [
                    null
                ],
                "S3.E9": [
                    null
                ]
            },
            "Accuracy": 0.38461538461538464,
            "Precision": 0.5555555555555556,
            "Recall": 0.5555555555555556,
            "F1 Score": 0.5555555555555556
        },
        "Article ID: 0907.3017": {
            "Adjacency List": {
                "S2.E1": [
                    null
                ],
                "S2.E2": [
                    null
                ],
                "S2.E3": [
                    null
                ],
                "S2.E4": [
                    null
                ]
            },
            "Accuracy": 0.14285714285714285,
            "Precision": 0.25,
            "Recall": 0.25,
            "F1 Score": 0.25
        },
        "Article ID: 0907.3028": {
            "Adjacency List": {
                "S3.E1": [
                    "S5.E2",
                    "S5.E3",
                    "S6.E4"
                ],