{
    "Correctness": {
        "Number of articles used": 15,
        "Overall Correctness": {
            "Overall Accuracy": 0.2517241379310345,
            "Overall Precision": 0.41714285714285715,
            "Overall Recall": 0.3882978723404255,
            "Overall F1 Score": 0.40220385674931136
        },
        "Aggregate Correctness Statistics": {
            "Accuracy": {
                "Mean": 0.2710675281508615,
                "Lowest": 0.03571428571428571,
                "25th Quartile (Q1)": 0.1576923076923077,
                "Median": 0.2222222222222222,
                "75th Quartile (Q3)": 0.3726851851851852,
                "Highest": 0.6363636363636364
            },
            "Precision": {
                "Mean": 0.41834748040630393,
                "Lowest": 0.08333333333333333,
                "25th Quartile (Q1)": 0.2662337662337662,
                "Median": 0.4,
                "75th Quartile (Q3)": 0.5941176470588235,
                "Highest": 0.7777777777777778
            },
            "Recall": {
                "Mean": 0.3918463344933933,
                "Lowest": 0.058823529411764705,
                "25th Quartile (Q1)": 0.26666666666666666,
                "Median": 0.4117647058823529,
                "75th Quartile (Q3)": 0.5,
                "Highest": 0.7777777777777778
            },
            "F1 Score": {
                "Mean": 0.4033677145746111,
                "Lowest": 0.06896551724137931,
                "25th Quartile (Q1)": 0.27011494252873564,
                "Median": 0.36363636363636365,
                "75th Quartile (Q3)": 0.5429975429975429,
                "Highest": 0.7777777777777778
            }
        }
    },
    "Results": {
        "Article ID: 0907.2648": {
            "Adjacency List": {
                "S1.E1": [
                    null
                ],
                "S1.E2": [
                    null
                ],
                "S2.E3": [
                    null
                ],
                "S2.E4": [
                    null
                ],
                "S2.E5": [
                    null
                ],
                "S3.E6": [
                    null
                ],
                "S3.E7": [
                    null
                ],
                "S3.E8": [
                    null
                ],
                "S3.E9": [
                    null
                ],
                "S3.E10": [
                    null
                ]
            },
            "Accuracy": 0.375,
            "Precision": 0.6,
            "Recall": 0.5,
            "F1 Score": 0.5454545454545454
        },
        "Article ID: 0907.2720": {
            "Adjacency List": {
                "S2.E1": [
                    null
                ],
                "S2.E2": [
                    null
                ],
                "S2.E3": [
                    null
                ],
                "S2.E4": [
                    null
                ],
                "S2.E5": [
                    null
                ],
                "S2.E6": [
                    null
                ]
            },
            "Accuracy": 0.3,
            "Precision": 0.5,
            "Recall": 0.42857142857142855,
            "F1 Score": 0.4615384615384615
        },
        "Article ID: 0907.2870": {
            "Adjacency List": {
                "S2.E1": [
                    null
                ],
                "S2.E2": [
                    null
                ],
                "S2.E3": [
                    null
                ],
                "S2.E4": [
                    null
                ],
                "S2.E5": [
                    null
                ]
            },
            "Accuracy": 0.42857142857142855,
            "Precision": 0.6,
            "Recall": 0.6,
            "F1 Score": 0.6
        },
        "Article ID: 0907.2872": {
            "Adjacency List": {
                "S0.E1": [
                    null
                ],
                "S0.E2": [
                    null
                ],
                "S0.E3": [
                    null
                ],
                "S0.E4": [
                    null
                ],
                "S0.E5": [
                    null
                ],
                "S0.E6": [
                    null
                ],
                "S0.E7": [
                    null
                ],
                "S0.E8": [
                    null
                ],
                "S0.E9": [
                    null
                ]
            },
            "Accuracy": 0.6363636363636364,
            "Precision": 0.7777777777777778,
            "Recall": 0.7777777777777778,
            "F1 Score": 0.7777777777777778
        },
        "Article ID: 0907.2959": {
            "Adjacency List": {
                "S2.E1": [
                    null
                ],
                "S2.E2": [
                    null
                ],
                "S2.E3": [
                    null
                ],
                "S2.E4": [
                    null
                ],
                "S2.E5": [
                    null
                ],
                "S3.E6": [
                    null
                ],
                "S3.E7": [
                    null
                ],
                "S3.E8": [
                    null
                ],
                "S3.E9": [
                    null
                ],
                "S3.E10": [
                    null
                ],
                "S4.E11": [
                    null
                ]
            },
            "Accuracy": 0.2222222222222222,
            "Precision": 0.36363636363636365,
            "Recall": 0.36363636363636365,
            "F1 Score": 0.36363636363636365
        },
        "Article ID: 0907.2994": {
            "Adjacency List": {
                "S2.E1": [
                    null
                ],
                "S2.E2": [
                    null
                ],
                "S2.E3": [
                    null
                ],
                "S3.E4": [
                    null
                ],
                "S3.E5": [
                    null
                ],
                "S3.E6": [
                    null
                ],
                "S3.E7": [
                    null
                ],
                "S3.E8": [
                    null
                ],
                "S3.E9": [
                    null
                ],
                "S3.E10": [
                    null
                ],
                "S3.E11": [
                    null
                ],
                "S3.E12": [
                    null
                ],
                "S3.E13": [
                    null
                ],
                "S3.E14": [
                    null
                ]
            },
            "Accuracy": 0.11538461538461539,
            "Precision": 0.21428571428571427,
            "Recall": 0.2,
            "F1 Score": 0.20689655172413796
        },
        "Article ID: 0907.3017": {
            "Adjacency List": {
                "S2.E1": [
                    null
                ],
                "S2.E2": [
                    null
                ],
                "S2.E3": [
                    null
                ],
                "S2.E4": [
                    null
                ],
                "S2.E5": [
                    null
                ],
                "S2.E6": [
                    null
                ],
                "S2.E7": [
                    null
                ],
                "S2.E8": [
                    null
                ],
                "S2.E9": [
                    null
                ],
                "S2.E10": [
                    null
                ],
                "S2.E11": [
                    null
                ],