{
    "Correctness": {
        "Number of articles used": 5,
        "Overall Correctness": {
            "Overall Accuracy": 0.10034602076124567,
            "Overall Precision": 0.1141732283464567,
            "Overall Recall": 0.453125,
            "Overall F1 Score": 0.18238993710691825
        },
        "Aggregate Correctness Statistics": {
            "Accuracy": {
                "Mean": 0.11913335735928136,
                "Lowest": 0.04,
                "25th Quartile (Q1)": 0.07692307692307693,
                "Median": 0.10588235294117647,
                "75th Quartile (Q3)": 0.10619469026548672,
                "Highest": 0.26666666666666666
            },
            "Precision": {
                "Mean": 0.1495977474658354,
                "Lowest": 0.05405405405405406,
                "25th Quartile (Q1)": 0.10526315789473684,
                "Median": 0.1111111111111111,
                "75th Quartile (Q3)": 0.11392405063291139,
                "Highest": 0.36363636363636365
            },
            "Recall": {
                "Mean": 0.4322875816993464,
                "Lowest": 0.13333333333333333,
                "25th Quartile (Q1)": 0.2222222222222222,
                "Median": 0.5,
                "75th Quartile (Q3)": 0.6,
                "Highest": 0.7058823529411765
            },
            "F1 Score": {
                "Mean": 0.20486444261225895,
                "Lowest": 0.07692307692307693,
                "25th Quartile (Q1)": 0.14285714285714285,
                "Median": 0.19148936170212763,
                "75th Quartile (Q3)": 0.192,
                "Highest": 0.4210526315789474
            }
        }
    },
    "Results": {
        "Article ID: 0907.2648": {
            "Adjacency List": {
                "S0.E1": [
                    "S0.E2",
                    "S0.E3"
                ],
                "S0.E2": [
                    "S0.E3",
                    "S0.E4",
                    "S0.E5"
                ],
                "S0.E3": [
                    "S0.E4",
                    "S0.E5",
                    "S0.E6"
                ],
                "S0.E4": [
                    "S0.E5",
                    "S0.E6"
                ],
                "S0.E5": [
                    "S0.E6"
                ],
                "S0.E6": []
            },
            "Accuracy": 0.26666666666666666,
            "Precision": 0.36363636363636365,
            "Recall": 0.5,
            "F1 Score": 0.4210526315789474
        },
        "Article ID: 0907.2720": {
            "Adjacency List": {
                "S0.E1": [
                    "S0.E2",
                    "S0.E3",
                    "S0.E4"
                ],
                "S0.E2": [
                    "S0.E3",
                    "S0.E4"
                ],
                "S0.E3": [
                    "S0.E4",
                    "S0.E6"
                ],
                "S0.E4": [
                    "S0.E5",
                    "S0.E6",
                    "S0.E7",
                    "S0.E8",
                    "S0.E9"
                ],
                "S0.E5": [
                    "S0.E6",
                    "S0.E7",
                    "S0.E8"
                ],
                "S0.E6": [
                    "S0.E7",
                    "S0.E8"
                ],
                "S0.E7": [
                    "S0.E8"
                ],
                "S0.E8": [
                    "S0.E9"
                ],
                "S0.E9": []
            },
            "Accuracy": 0.07692307692307693,
            "Precision": 0.10526315789473684,
            "Recall": 0.2222222222222222,
            "F1 Score": 0.14285714285714285
        },
        "Article ID: 0907.2870": {
            "Adjacency List": {
                "S0.E1": [
                    "S0.E2"
                ],
                "S0.E2": [
                    "S0.E3",
                    "S0.E4",
                    "S0.E5",
                    "S0.E6",
                    "S0.E7",
                    "S0.E8",
                    "S0.E9",
                    "S0.E10",
                    "S0.E11",
                    "S0.E12",
                    "S0.E13",
                    "S0.E14"
                ],
                "S0.E3": [
                    "S0.E4",
                    "S0.E5",
                    "S0.E6",
                    "S0.E7",
                    "S0.E8",
                    "S0.E9",
                    "S0.E10",
                    "S0.E11",
                    "S0.E12",
                    "S0.E13",
                    "S0.E14"
                ],
                "S0.E4": [
                    "S0.E5",
                    "S0.E6",
                    "S0.E7",
                    "S0.E8",
                    "S0.E9",
                    "S0.E10",
                    "S0.E11",
                    "S0.E12",
                    "S0.E13",
                    "S0.E14"
                ],
                "S0.E5": [
                    "S0.E6",
                    "S0.E7",
                    "S0.E8",
                    "S0.E9",
                    "S0.E10",
                    "S0.E11",
                    "S0.E12",
                    "S0.E13",
                    "S0.E14"
                ],
                "S0.E6": [
                    "S0.E7",
                    "S0.E8",
                    "S0.E9",
                    "S0.E10",
                    "S0.E11",
                    "S0.E12",
                    "S0.E13",
                    "S0.E14"
                ],
                "S0.E7": [
                    "S0.E8",
                    "S0.E9",
                    "S0.E10",
                    "S0.E11",
                    "S0.E12",
                    "S0.E13",
                    "S0.E14"
                ],
                "S0.E8": [
                    "S0.E9",
                    "S0.E10",
                    "S0.E11",
                    "S0.E12",
                    "S0.E13",
                    "S0.E14"
                ],
                "S0.E9": [
                    "S0.E10",
                    "S0.E11",
                    "S0.E12",
                    "S0.E13",
                    "S0.E14"
                ],
                "S0.E10": [
                    "S0.E11",
                    "S0.E12",
                    "S0.E13",
                    "S0.E14"
                ],
                "S0.E11": [
                    "S0.E12",
                    "S0.E13",
                    "S0.E14"
                ],
                "S0.E12": [
                    "S0.E13",
                    "S0.E14"
                ],
                "S0.E13": [
                    "S0.E14"
                ],
                "S0.E14": []
            },
            "Accuracy": 0.10588235294117647,
            "Precision": 0.11392405063291139,
            "Recall": 0.6,
            "F1 Score": 0.19148936170212763
        },
        "Article ID: 0907.2872": {
            "Adjacency List": {
                "S2.E1": [
                    "S2.E4",
                    "S2.E5"
                ],
                "S2.E2": [
                    "S2.E1",
                    "S2.E4",
                    "S2.E5",
                    "S2.E6",
                    "S2.E7"
                ],
                "S2.E3": [
                    "S2.E1",
                    "S2.E2",
                    "S2.E4",
                    "S2.E5",
                    "S2.E6",
                    "S2.E8"
                ],
                "S2.E4": [
                    "S2.E5",
                    "S2.E6",
                    "S2.E7",
                    "S2.E8",
                    "S3.E9",
                    "S3.E10"
                ],
                "S2.E5": [
                    "S2.E6",
                    "S2.E7",
                    "S2.E8",
                    "S3.E9",
                    "S3.E10"
                ],