{
    "Correctness": {
        "Number of articles used": 15,
        "Overall Correctness": {
            "Overall Accuracy": 0.21254355400696864,
            "Overall Precision": 0.38125,
            "Overall Recall": 0.324468085106383,
            "Overall F1 Score": 0.3505747126436782
        },
        "Aggregate Correctness Statistics": {
            "Accuracy": {
                "Mean": 0.22479879784626947,
                "Lowest": 0.03571428571428571,
                "25th Quartile (Q1)": 0.1225,
                "Median": 0.18518518518518517,
                "75th Quartile (Q3)": 0.275,
                "Highest": 0.5555555555555556
            },
            "Precision": {
                "Mean": 0.3718205868205868,
                "Lowest": 0.08333333333333333,
                "25th Quartile (Q1)": 0.21825396825396826,
                "Median": 0.3333333333333333,
                "75th Quartile (Q3)": 0.5,
                "Highest": 0.7142857142857143
            },
            "Recall": {
                "Mean": 0.3269636137283196,
                "Lowest": 0.058823529411764705,
                "25th Quartile (Q1)": 0.21825396825396826,
                "Median": 0.29411764705882354,
                "75th Quartile (Q3)": 0.41428571428571426,
                "Highest": 0.7142857142857143
            },
            "F1 Score": {
                "Mean": 0.3458113331963907,
                "Lowest": 0.06896551724137931,
                "25th Quartile (Q1)": 0.21825396825396826,
                "Median": 0.3125,
                "75th Quartile (Q3)": 0.4307692307692308,
                "Highest": 0.7142857142857143
            }
        }
    },
    "Results": {
        "Article ID: 0907.2648": {
            "Adjacency List": {
                "S2.E1": [
                    null
                ],
                "S2.E2": [
                    null
                ],
                "S2.E3": [
                    null
                ],
                "S2.E4": [
                    null
                ],
                "S2.E5": [
                    null
                ],
                "S2.E6": [
                    null
                ]
            },
            "Accuracy": 0.3,
            "Precision": 0.5,
            "Recall": 0.42857142857142855,
            "F1 Score": 0.4615384615384615
        },
        "Article ID: 0907.2720": {
            "Adjacency List": {
                "S2.E1": [
                    "S2.E5"
                ],
                "S2.E2": [
                    "S2.E5"
                ],
                "S2.E3": [
                    "S2.E5"
                ],
                "S2.E4": [
                    "S2.E5"
                ],
                "S2.E5": [
                    null
                ]
            },
            "Accuracy": 0.25,
            "Precision": 0.4,
            "Recall": 0.4,
            "F1 Score": 0.4000000000000001
        },
        "Article ID: 0907.2870": {
            "Adjacency List": {
                "S2.E1": [
                    null
                ],
                "S2.E2": [
                    null
                ],
                "S2.E3": [
                    null
                ],
                "S2.E4": [
                    null
                ],
                "S2.E5": [
                    null
                ],
                "S2.E6": [
                    null
                ],
                "S2.E7": [
                    "S2.E9"
                ],
                "S2.E8": [
                    null
                ],
                "S2.E9": [
                    null
                ],
                "S2.E10": [
                    null
                ]
            },
            "Accuracy": 0.22727272727272727,
            "Precision": 0.5,
            "Recall": 0.29411764705882354,
            "F1 Score": 0.37037037037037035
        },
        "Article ID: 0907.2872": {
            "Adjacency List": {
                "S2.E1": [
                    null
                ],
                "S2.E2": [
                    null
                ],
                "S2.E3": [
                    null
                ],
                "S2.E4": [
                    null
                ],
                "S2.E5": [
                    null
                ],
                "S3.E6": [
                    null
                ],
                "S3.E7": [
                    null
                ],
                "S3.E8": [
                    null
                ],
                "S3.E9": [
                    null
                ],
                "S3.E10": [
                    null
                ],
                "S3.E11": [
                    null
                ],
                "S3.E12": [
                    null
                ],
                "S3.E13": [
                    null
                ],
                "S4.E14": [
                    null
                ]
            },
            "Accuracy": 0.12,
            "Precision": 0.21428571428571427,
            "Recall": 0.21428571428571427,
            "F1 Score": 0.21428571428571427
        },
        "Article ID: 0907.2959": {
            "Adjacency List": {
                "S2.E1": [
                    null
                ],
                "S2.E2": [
                    null
                ],
                "S2.E3": [
                    null
                ],
                "S3.E4": [
                    "S3.E5"
                ],
                "S3.E5": [
                    null
                ],
                "S4.E6": [
                    null
                ],
                "S4.E7": [
                    null
                ],
                "S4.E8": [
                    null
                ],
                "S4.E9": [
                    null
                ],
                "S4.E10": [
                    null
                ]
            },
            "Accuracy": 0.17647058823529413,
            "Precision": 0.3,
            "Recall": 0.3,
            "F1 Score": 0.3
        },
        "Article ID: 0907.2994": {
            "Adjacency List": {
                "S2.E1": [
                    null
                ],
                "S2.E2": [
                    null
                ],
                "S2.E3": [
                    null
                ],
                "S2.E4": [
                    null
                ],
                "S2.E5": [
                    null
                ],
                "S2.E6": [
                    null
                ],
                "S2.E7": [
                    null
                ],
                "S2.E8": [
                    null
                ],
                "S2.E9": [
                    null
                ],
                "S2.E10": [
                    null
                ],
                "S2.E11": [
                    null
                ],
                "S2.E12": [
                    null
                ]
            },
            "Accuracy": 0.03571428571428571,
            "Precision": 0.08333333333333333,
            "Recall": 0.058823529411764705,
            "F1 Score": 0.06896551724137931
        },
        "Article ID: 0907.3017": {
            "Adjacency List": {
                "S4.E1": [
                    null
                ],
                "S4.E2": [
                    null
                ],
                "S4.E3": [
                    null
                ],
                "S5.E4": [
                    null
                ],
                "S5.E5": [
                    null
                ],
                "S5.E6": [
                    null
                ],
                "S5.E7": [
                    null
                ],
                "S6.E8": [
                    null
                ],
                "S6.E9": [
                    null
                ],