{
    "Correctness": {
        "Number of articles used": 10,
        "Overall Correctness": {
            "Overall Accuracy": 0.18048780487804877,
            "Overall Precision": 0.33636363636363636,
            "Overall Recall": 0.2803030303030303,
            "Overall F1 Score": 0.30578512396694213
        },
        "Aggregate Correctness Statistics": {
            "Accuracy": {
                "Mean": 0.23940132966448754,
                "Lowest": 0.0,
                "25th Quartile (Q1)": 0.09774436090225563,
                "Median": 0.1388888888888889,
                "75th Quartile (Q3)": 0.36250000000000004,
                "Highest": 0.7272727272727273
            },
            "Precision": {
                "Mean": 0.37383304560936137,
                "Lowest": 0.0,
                "25th Quartile (Q1)": 0.190625,
                "Median": 0.2591093117408907,
                "75th Quartile (Q3)": 0.6071428571428571,
                "Highest": 0.8888888888888888
            },
            "Recall": {
                "Mean": 0.319763099219621,
                "Lowest": 0.0,
                "25th Quartile (Q1)": 0.16847826086956522,
                "Median": 0.23333333333333334,
                "75th Quartile (Q3)": 0.46875,
                "Highest": 0.8
            },
            "F1 Score": {
                "Mean": 0.34380734444807676,
                "Lowest": 0.0,
                "25th Quartile (Q1)": 0.17805383022774326,
                "Median": 0.24285714285714288,
                "75th Quartile (Q3)": 0.5285714285714286,
                "Highest": 0.8421052631578948
            }
        }
    },
    "Results": {
        "Article ID: 0907.2648": {
            "Adjacency List": {
                "S0.E1": [
                    null
                ],
                "S0.E2": [
                    null
                ],
                "S0.E3": [
                    null
                ],
                "S0.E4": [
                    null
                ],
                "S0.E5": [
                    null
                ],
                "S0.E6": [
                    null
                ],
                "S0.E7": [
                    null
                ],
                "S0.E8": [
                    null
                ],
                "S0.E9": [
                    null
                ]
            },
            "Accuracy": 0.46153846153846156,
            "Precision": 0.6666666666666666,
            "Recall": 0.6,
            "F1 Score": 0.631578947368421
        },
        "Article ID: 0907.2720": {
            "Adjacency List": {
                "S0.E1": [
                    null
                ],
                "S0.E2": [
                    null
                ],
                "S0.E3": [
                    null
                ],
                "S0.E4": [
                    null
                ],
                "S0.E5": [
                    null
                ],
                "S0.E6": [
                    null
                ]
            },
            "Accuracy": 0.4,
            "Precision": 0.6666666666666666,
            "Recall": 0.5,
            "F1 Score": 0.5714285714285715
        },
        "Article ID: 0907.2870": {
            "Adjacency List": {
                "S1.E1": [
                    "S2.E5"
                ],
                "S2.E2": [
                    "S2.E5"
                ],
                "S2.E3": [
                    "S2.E5"
                ],
                "S2.E4": [
                    "S2.E5"
                ],
                "S2.E5": [
                    null
                ]
            },
            "Accuracy": 0.0,
            "Precision": 0.0,
            "Recall": 0.0,
            "F1 Score": 0
        },
        "Article ID: 0907.2872": {
            "Adjacency List": {
                "S0.E1": [
                    null
                ],
                "S0.E2": [
                    null
                ],
                "S0.E3": [
                    null
                ],
                "S0.E4": [
                    null
                ],
                "S0.E5": [
                    null
                ],
                "S0.E6": [
                    null
                ],
                "S0.E7": [
                    null
                ],
                "S0.E8": [
                    null
                ],
                "S0.E9": [
                    null
                ]
            },
            "Accuracy": 0.7272727272727273,
            "Precision": 0.8888888888888888,
            "Recall": 0.8,
            "F1 Score": 0.8421052631578948
        },
        "Article ID: 0907.2959": {
            "Adjacency List": {
                "S2.E1": [
                    null
                ],
                "S2.E2": [
                    "S2.E1"
                ],
                "S2.E3": [
                    "S2.E2"
                ],
                "S2.E4": [
                    null
                ],
                "S2.E5": [
                    null
                ],
                "S2.E6": [
                    "S2.E5"
                ],
                "S2.E7": [
                    "S2.E5",
                    "S2.E6"
                ],
                "S2.E8": [
                    null
                ],
                "S2.E9": [
                    null
                ],
                "S2.E10": [
                    null
                ]
            },
            "Accuracy": 0.09523809523809523,
            "Precision": 0.18181818181818182,
            "Recall": 0.16666666666666666,
            "F1 Score": 0.17391304347826086
        },
        "Article ID: 0907.2994": {
            "Adjacency List": {
                "S2.E1": [
                    null
                ],
                "S2.E2": [
                    null
                ],
                "S2.E3": [
                    null
                ],
                "S2.E4": [
                    null
                ],
                "S2.E5": [
                    null
                ],
                "S2.E6": [
                    null
                ],
                "S2.E7": [
                    null
                ],
                "S2.E8": [
                    null
                ],
                "S2.E9": [
                    null
                ],
                "S2.E10": [
                    "S2.E11"
                ],
                "S2.E11": [
                    null
                ],
                "S2.E12": [
                    null
                ],
                "S3.E13": [
                    null
                ]
            },
            "Accuracy": 0.16666666666666666,
            "Precision": 0.3076923076923077,
            "Recall": 0.26666666666666666,
            "F1 Score": 0.28571428571428575
        },
        "Article ID: 0907.3017": {
            "Adjacency List": {
                "S0.E1": [
                    null
                ],
                "S0.E2": [
                    null
                ],
                "S0.E3": [
                    null
                ],
                "S0.E4": [
                    null
                ],
                "S0.E5": [
                    null
                ],
                "S0.E6": [
                    null
                ],
                "S0.E7": [
                    null
                ],
                "S0.E8": [
                    null
                ],
                "S0.E9": [
                    null
                ],
                "S0.E10": [
                    null
                ],
                "S0.E11": [
                    null
                ],
                "S0.E12": [
                    null
                ],
                "S0.E13": [
                    "S0.E19"
                ],
                "S0.E14": [
                    "S0.E19"
                ],