{
    "Correctness": {
        "Number of articles used": 10,
        "Overall Correctness": {
            "Overall Accuracy": 0.8368631940469377,
            "Overall Precision": 0.17695473251028807,
            "Overall Recall": 0.3359375,
            "Overall F1 Score": 0.23180592991913748
        },
        "Aggregate Correctness Statistics": {
            "Accuracy": {
                "Mean": 0.8155466873855011,
                "Lowest": 0.5192307692307693,
                "25th Quartile (Q1)": 0.7887013939838592,
                "Median": 0.8395087303936075,
                "75th Quartile (Q3)": 0.8896275480244946,
                "Highest": 0.9411764705882353
            },
            "Precision": {
                "Mean": 0.263527049602999,
                "Lowest": 0.05063291139240506,
                "25th Quartile (Q1)": 0.12179487179487179,
                "Median": 0.28181818181818186,
                "75th Quartile (Q3)": 0.3961538461538462,
                "Highest": 0.47619047619047616
            },
            "Recall": {
                "Mean": 0.3376047481929835,
                "Lowest": 0.15384615384615385,
                "25th Quartile (Q1)": 0.2589285714285714,
                "Median": 0.3484848484848485,
                "75th Quartile (Q3)": 0.3961538461538462,
                "Highest": 0.5882352941176471
            },
            "F1 Score": {
                "Mean": 0.2817423077132696,
                "Lowest": 0.08080808080808081,
                "25th Quartile (Q1)": 0.15705128205128205,
                "Median": 0.30180180180180183,
                "75th Quartile (Q3)": 0.3793706293706294,
                "Highest": 0.5263157894736842
            }
        }
    },
    "Results": {
        "Article ID: 0907.2648": {
            "Adjacency List": {
                "S0.E1": [
                    "S0.E2",
                    "S0.E3",
                    "S0.E4",
                    "S0.E5",
                    "S0.E6"
                ],
                "S0.E2": [
                    "S0.E4"
                ],
                "S0.E3": [
                    null
                ],
                "S0.E4": [
                    "S0.E5"
                ],
                "S0.E5": [
                    null
                ],
                "S0.E6": [
                    null
                ],
                "S0.E7": [
                    null
                ],
                "S0.E8": [
                    null
                ],
                "S0.E9": [
                    null
                ],
                "S0.E10": [
                    null
                ],
                "S0.E11": [
                    null
                ],
                "S0.E12": [
                    null
                ],
                "S0.E13": [
                    null
                ],
                "S0.E14": [
                    null
                ],
                "S0.E15": [
                    null
                ],
                "S0.E16": [
                    null
                ],
                "S0.E17": [
                    null
                ]
            },
            "Accuracy": 0.9411764705882353,
            "Precision": 0.47619047619047616,
            "Recall": 0.5882352941176471,
            "F1 Score": 0.5263157894736842
        },
        "Article ID: 0907.2720": {
            "Adjacency List": {
                "S0.E1": [
                    "S0.E2"
                ],
                "S0.E2": [
                    null
                ],
                "S0.E3": [
                    null
                ],
                "S0.E4": [
                    null
                ],
                "S0.E5": [
                    null
                ],
                "S0.E6": [
                    null
                ],
                "S0.E7": [
                    null
                ],
                "S0.E8": [
                    null
                ],
                "S0.E9": [
                    null
                ],
                "S0.E10": [
                    null
                ]
            },
            "Accuracy": 0.8532110091743119,
            "Precision": 0.4,
            "Recall": 0.2857142857142857,
            "F1 Score": 0.3333333333333333
        },
        "Article ID: 0907.2870": {
            "Adjacency List": {
                "S0.E1": [
                    "S0.E7",
                    "S0.E8",
                    "S0.E9",
                    "S0.E10"
                ],
                "S0.E2": [
                    "S0.E3",
                    "S0.E4",
                    "S0.E5",
                    "S0.E6",
                    "S0.E7",
                    "S0.E8",
                    "S0.E9",
                    "S0.E10"
                ],
                "S0.E3": [
                    "S0.E4",
                    "S0.E5",
                    "S0.E6",
                    "S0.E7",
                    "S0.E8",
                    "S0.E9",
                    "S0.E10"
                ],
                "S0.E4": [
                    "S0.E5",
                    "S0.E6",
                    "S0.E7",
                    "S0.E8",
                    "S0.E9",
                    "S0.E10"
                ],
                "S0.E5": [
                    "S0.E6",
                    "S0.E7",
                    "S0.E8",
                    "S0.E9",
                    "S0.E10"
                ],
                "S0.E6": [
                    "S0.E7",
                    "S0.E8",
                    "S0.E9",
                    "S0.E10"
                ],
                "S0.E7": [
                    "S0.E8",
                    "S0.E9",
                    "S0.E10"
                ],
                "S0.E8": [
                    "S0.E9"
                ],
                "S0.E9": [
                    null
                ],
                "S0.E10": [
                    null
                ],
                "S0.E11": [
                    null
                ],
                "S0.E12": [
                    null
                ],
                "S0.E13": [
                    null
                ],
                "S0.E14": [
                    null
                ],
                "S0.E15": [
                    null
                ]
            },
            "Accuracy": 0.7872340425531915,
            "Precision": 0.1111111111111111,
            "Recall": 0.3333333333333333,
            "F1 Score": 0.16666666666666666
        },
        "Article ID: 0907.2872": {
            "Adjacency List": {
                "S3.E1": [
                    "S3.E3",
                    "S3.E4",
                    "S3.E5",
                    "S3.E6",
                    "S3.E7",
                    "S3.E10",
                    "S3.E11",
                    "S3.E12",
                    "S3.E13"
                ],
                "S3.E2": [
                    "S3.E3",
                    "S3.E4",
                    "S3.E5",
                    "S3.E6",
                    "S3.E7",
                    "S3.E9",
                    "S3.E10",
                    "S3.E11",
                    "S3.E12",
                    "S3.E13",
                    "S3.E19"
                ],
                "S3.E3": [
                    "S3.E4",
                    "S3.E5",
                    "S3.E6",
                    "S3.E7",
                    "S3.E8",
                    "S3.E9",
                    "S3.E10",
                    "S3.E11",
                    "S3.E12",
                    "S3.E13",
                    "S3.E14",
                    "S3.E15",
                    "S3.E16",
                    "S3.E17",
                    "S3.E18",
                    "S3.E19"
                ],
                "S3.E4": [
                    "S3.E10",
                    "S3.E11",
                    "S3.E12",
                    "S3.E13"
                ],