{
    "Correctness": {
        "Number of articles used": 10,
        "Overall Correctness": {
            "Overall Accuracy": 0.16510903426791276,
            "Overall Precision": 0.2398190045248869,
            "Overall Recall": 0.3464052287581699,
            "Overall F1 Score": 0.28342245989304815
        },
        "Aggregate Correctness Statistics": {
            "Accuracy": {
                "Mean": 0.21535786435786436,
                "Lowest": 0.03571428571428571,
                "25th Quartile (Q1)": 0.12179487179487179,
                "Median": 0.1692857142857143,
                "75th Quartile (Q3)": 0.3306818181818182,
                "Highest": 0.46153846153846156
            },
            "Precision": {
                "Mean": 0.3240644078144078,
                "Lowest": 0.05555555555555555,
                "25th Quartile (Q1)": 0.1738095238095238,
                "Median": 0.29910714285714285,
                "75th Quartile (Q3)": 0.510989010989011,
                "Highest": 0.5714285714285714
            },
            "Recall": {
                "Mean": 0.36096171802054156,
                "Lowest": 0.058823529411764705,
                "25th Quartile (Q1)": 0.26666666666666666,
                "Median": 0.3137254901960784,
                "75th Quartile (Q3)": 0.48214285714285715,
                "Highest": 0.7058823529411765
            },
            "F1 Score": {
                "Mean": 0.33357055276569203,
                "Lowest": 0.06896551724137931,
                "25th Quartile (Q1)": 0.21666666666666667,
                "Median": 0.2894461859979101,
                "75th Quartile (Q3)": 0.4960317460317461,
                "Highest": 0.6315789473684211
            }
        }
    },
    "Results": {
        "Article ID: 0907.2648": {
            "Adjacency List": {
                "S0.E1": [
                    "S0.E2",
                    "S0.E3",
                    "S0.E4",
                    "S0.E5",
                    "S0.E6"
                ],
                "S0.E2": [
                    null
                ],
                "S0.E3": [
                    null
                ],
                "S0.E4": [
                    null
                ],
                "S0.E5": [
                    null
                ],
                "S0.E6": [
                    null
                ],
                "S0.E7": [
                    null
                ],
                "S0.E8": [
                    null
                ],
                "S0.E9": [
                    null
                ],
                "S0.E10": [
                    null
                ],
                "S0.E11": [
                    null
                ],
                "S0.E12": [
                    null
                ],
                "S0.E13": [
                    null
                ],
                "S0.E14": [
                    null
                ],
                "S0.E15": [
                    null
                ],
                "S0.E16": [
                    null
                ],
                "S0.E17": [
                    null
                ]
            },
            "Accuracy": 0.46153846153846156,
            "Precision": 0.5714285714285714,
            "Recall": 0.7058823529411765,
            "F1 Score": 0.6315789473684211
        },
        "Article ID: 0907.2720": {
            "Adjacency List": {
                "S2.E1": [
                    null
                ],
                "S2.E2": [
                    null
                ],
                "S2.E3": [
                    null
                ],
                "S2.E4": [
                    null
                ],
                "S2.E5": [
                    null
                ],
                "S2.E6": [
                    null
                ],
                "S2.E7": [
                    null
                ],
                "S2.E8": [
                    null
                ],
                "S2.E9": [
                    null
                ],
                "S2.E10": [
                    null
                ],
                "S2.E11": [
                    null
                ],
                "S2.E12": [
                    null
                ],
                "S2.E13": [
                    null
                ],
                "S3.E14": [
                    null
                ]
            },
            "Accuracy": 0.2727272727272727,
            "Precision": 0.42857142857142855,
            "Recall": 0.42857142857142855,
            "F1 Score": 0.42857142857142855
        },
        "Article ID: 0907.2870": {
            "Adjacency List": {
                "S0.E1": [
                    null
                ],
                "S0.E2": [
                    null
                ],
                "S0.E3": [
                    null
                ],
                "S0.E4": [
                    null
                ],
                "S0.E5": [
                    null
                ],
                "S0.E6": [
                    null
                ],
                "S0.E7": [
                    null
                ],
                "S0.E8": [
                    null
                ],
                "S0.E9": [
                    null
                ],
                "S0.E10": [
                    null
                ],
                "S0.E11": [
                    null
                ],
                "S0.E12": [
                    null
                ],
                "S0.E13": [
                    null
                ]
            },
            "Accuracy": 0.35,
            "Precision": 0.5384615384615384,
            "Recall": 0.5,
            "F1 Score": 0.5185185185185186
        },
        "Article ID: 0907.2872": {
            "Adjacency List": {
                "S0.E1": [
                    null
                ],
                "S0.E2": [
                    "S0.E3"
                ],
                "S0.E3": [
                    "S0.E4"
                ],
                "S0.E4": [
                    null
                ],
                "S0.E5": [
                    null
                ],
                "S0.E6": [
                    null
                ],
                "S0.E7": [
                    "S0.E9"
                ],
                "S0.E8": [
                    "S0.E9"
                ],
                "S0.E9": [
                    null
                ]
            },
            "Accuracy": 0.38461538461538464,
            "Precision": 0.5555555555555556,
            "Recall": 0.5555555555555556,
            "F1 Score": 0.5555555555555556
        },
        "Article ID: 0907.2959": {
            "Adjacency List": {
                "S2.E1": [
                    "S2.E2",
                    "S2.E3",
                    "S3.E4",
                    "S3.E5"
                ],
                "S2.E2": [
                    "S2.E3",
                    "S3.E4",
                    "S3.E5"
                ],
                "S2.E3": [
                    "S3.E4",
                    "S3.E5"
                ],
                "S3.E4": [
                    "S3.E5"
                ],
                "S3.E5": [
                    null
                ],
                "S3.E6": [
                    null
                ],
                "S3.E7": [
                    "S3.E8",
                    "S3.E9",
                    "S3.E10",
                    "S3.E11",
                    "S3.E12",
                    "S3.E13",
                    "S3.E14"
                ],
                "S3.E8": [
                    "S3.E9",
                    "S3.E13",
                    "S3.E14"
                ],
                "S3.E9": [
                    "S3.E11",
                    "S3.E13",
                    "S3.E14"
                ],