{
    "Correctness": {
        "Number of articles used": 5,
        "Overall Correctness": {
            "Overall Accuracy": 0.09333333333333334,
            "Overall Precision": 0.125,
            "Overall Recall": 0.2692307692307692,
            "Overall F1 Score": 0.17073170731707316
        },
        "Aggregate Correctness Statistics": {
            "Accuracy": {
                "Mean": 0.10112607637597641,
                "Lowest": 0.04918032786885246,
                "25th Quartile (Q1)": 0.07692307692307693,
                "Median": 0.09090909090909091,
                "75th Quartile (Q3)": 0.12195121951219512,
                "Highest": 0.16666666666666666
            },
            "Precision": {
                "Mean": 0.1516404163212674,
                "Lowest": 0.06382978723404255,
                "25th Quartile (Q1)": 0.14285714285714285,
                "Median": 0.15151515151515152,
                "75th Quartile (Q3)": 0.2,
                "Highest": 0.2
            },
            "Recall": {
                "Mean": 0.26936005171299293,
                "Lowest": 0.14285714285714285,
                "25th Quartile (Q1)": 0.14285714285714285,
                "Median": 0.17647058823529413,
                "75th Quartile (Q3)": 0.38461538461538464,
                "Highest": 0.5
            },
            "F1 Score": {
                "Mean": 0.18127587991718425,
                "Lowest": 0.09374999999999999,
                "25th Quartile (Q1)": 0.14285714285714285,
                "Median": 0.16666666666666666,
                "75th Quartile (Q3)": 0.21739130434782608,
                "Highest": 0.28571428571428575
            }
        }
    },
    "Results": {
        "Article ID: 0907.2648": {
            "Adjacency List": {
                "S0.E1": [
                    "S0.E2",
                    "S0.E3",
                    "S0.E4",
                    "S0.E5",
                    "S0.E7"
                ],
                "S0.E2": [
                    "S0.E3",
                    "S0.E4",
                    "S0.E5",
                    "S0.E7"
                ],
                "S0.E3": [
                    "S0.E4",
                    "S0.E5",
                    "S0.E6",
                    "S0.E7",
                    "S0.E8"
                ],
                "S0.E4": [
                    "S0.E5",
                    "S0.E6",
                    "S0.E7",
                    "S0.E8"
                ],
                "S0.E5": [
                    "S0.E6",
                    "S0.E7",
                    "S0.E8"
                ],
                "S0.E6": [
                    "S0.E7",
                    "S0.E8"
                ],
                "S0.E7": [
                    "S0.E8",
                    "S0.E9",
                    "S0.E10",
                    "S0.E11",
                    "S0.E12"
                ],
                "S0.E8": [
                    "S0.E9",
                    "S0.E10",
                    "S0.E11",
                    "S0.E12"
                ],
                "S0.E9": [
                    "S0.E10",
                    "S0.E11",
                    "S0.E12"
                ],
                "S0.E10": [
                    "S0.E11",
                    "S0.E12",
                    "S0.E13",
                    "S0.E14"
                ],
                "S0.E11": [
                    "S0.E12",
                    "S0.E13",
                    "S0.E14"
                ],
                "S0.E12": [
                    "S0.E13",
                    "S0.E14",
                    "S0.E15",
                    "S0.E16"
                ],
                "S0.E13": [
                    "S0.E14"
                ],
                "S0.E14": [],
                "S0.E15": [],
                "S0.E16": [],
                "S0.E17": []
            },
            "Accuracy": 0.04918032786885246,
            "Precision": 0.06382978723404255,
            "Recall": 0.17647058823529413,
            "F1 Score": 0.09374999999999999
        },
        "Article ID: 0907.2720": {
            "Adjacency List": {
                "S0.E1": [
                    "S0.E2",
                    "S0.E3",
                    "S0.E4",
                    "S0.E5",
                    "S0.E7"
                ],
                "S0.E2": [
                    "S0.E3",
                    "S0.E4",
                    "S0.E5",
                    "S0.E7"
                ],
                "S0.E3": [
                    "S0.E4",
                    "S0.E5",
                    "S0.E6",
                    "S0.E7",
                    "S0.E8"
                ],
                "S0.E4": [
                    "S0.E5",
                    "S0.E6",
                    "S0.E7",
                    "S0.E8"
                ],
                "S0.E5": [
                    "S0.E6",
                    "S0.E7",
                    "S0.E8",
                    "S0.E9",
                    "S0.E10"
                ],
                "S0.E6": [
                    "S0.E7",
                    "S0.E8"
                ],
                "S0.E7": [
                    "S0.E8",
                    "S0.E9",
                    "S0.E10"
                ],
                "S0.E8": [
                    "S0.E9",
                    "S0.E10"
                ],
                "S0.E9": [
                    "S0.E10",
                    "S0.E11"
                ],
                "S0.E10": [
                    "S0.E11"
                ],
                "S0.E11": [],
                "S0.E12": [],
                "S0.E13": []
            },
            "Accuracy": 0.12195121951219512,
            "Precision": 0.15151515151515152,
            "Recall": 0.38461538461538464,
            "F1 Score": 0.21739130434782608
        },
        "Article ID: 0907.2870": {
            "Adjacency List": {
                "S0.E1": [],
                "S0.E2": [
                    "S0.E3"
                ],
                "S0.E3": [
                    "S0.E4",
                    "S0.E5",
                    "S0.E6"
                ],
                "S0.E4": [
                    "S0.E5",
                    "S0.E6"
                ],
                "S0.E5": [
                    "S0.E6"
                ],
                "S0.E6": [],
                "S0.E7": []
            },
            "Accuracy": 0.07692307692307693,
            "Precision": 0.14285714285714285,
            "Recall": 0.14285714285714285,
            "F1 Score": 0.14285714285714285
        },
        "Article ID: 0907.2872": {
            "Adjacency List": {
                "S0.E1": [
                    "S0.E2",
                    "S0.E3",
                    "S0.E4",
                    "S0.E5"
                ],
                "S0.E2": [
                    "S0.E3",
                    "S0.E4",
                    "S0.E5",
                    "S0.E7"
                ],
                "S0.E3": [
                    "S0.E4",
                    "S0.E5",
                    "S0.E6",
                    "S0.E7",
                    "S0.E8"
                ],
                "S0.E4": [
                    "S0.E5",
                    "S0.E6",
                    "S0.E7"
                ],
                "S0.E5": [
                    "S0.E6",
                    "S0.E7"
                ],
                "S0.E6": [
                    "S0.E7"
                ],
                "S0.E7": [
                    "S0.E8"
                ],
                "S0.E8": []
            },
            "Accuracy": 0.16666666666666666,
            "Precision": 0.2,
            "Recall": 0.5,
            "F1 Score": 0.28571428571428575
        },
        "Article ID: 0907.2959": {
            "Adjacency List": {
                "S0.E1": [
                    "S0.E2",
                    "S0.E3"
                ],