{
    "Correctness": {
        "Number of articles used": 15,
        "Overall Correctness": {
            "Overall Accuracy": 0.03515625,
            "Overall Precision": 0.0989010989010989,
            "Overall Recall": 0.05172413793103448,
            "Overall F1 Score": 0.06792452830188679
        },
        "Aggregate Correctness Statistics": {
            "Accuracy": {
                "Mean": 0.03990638990638991,
                "Lowest": 0.0,
                "25th Quartile (Q1)": 0.0,
                "Median": 0.0,
                "75th Quartile (Q3)": 0.03968253968253968,
                "Highest": 0.3333333333333333
            },
            "Precision": {
                "Mean": 0.14034391534391535,
                "Lowest": 0.0,
                "25th Quartile (Q1)": 0.0,
                "Median": 0.0,
                "75th Quartile (Q3)": 0.08035714285714285,
                "Highest": 1.0
            },
            "Recall": {
                "Mean": 0.05630973601561837,
                "Lowest": 0.0,
                "25th Quartile (Q1)": 0.0,
                "Median": 0.0,
                "75th Quartile (Q3)": 0.06904761904761905,
                "Highest": 0.375
            },
            "F1 Score": {
                "Mean": 0.06645046744466078,
                "Lowest": 0.0,
                "25th Quartile (Q1)": 0.0,
                "Median": 0.0,
                "75th Quartile (Q3)": 0.0758873929008568,
                "Highest": 0.5
            }
        }
    },
    "Results": {
        "Article ID: 0907.2648": {
            "Adjacency List": {
                "S0.E1": [
                    "S0.E2",
                    "S0.E3",
                    "S0.E4",
                    "S0.E5",
                    "S0.E6",
                    "S0.E7",
                    "S0.E8",
                    "S0.E9",
                    "S0.E10",
                    "S0.E11",
                    "S0.E12",
                    "S0.E13",
                    "S0.E14",
                    "S0.E15",
                    "S0.E16"
                ],
                "S0.E2": [
                    "S0.E3",
                    "S0.E4",
                    "S0.E5",
                    "S0.E6",
                    "S0.E9",
                    "S0.E10",
                    "S0.E11"
                ],
                "S0.E3": [
                    "S0.E4",
                    "S0.E5",
                    "S0.E6"
                ],
                "S0.E4": [
                    "S0.E5",
                    "S0.E6"
                ],
                "S0.E5": [
                    "S0.E6"
                ],
                "S0.E6": [],
                "S0.E7": [],
                "S0.E8": [
                    "S0.E9",
                    "S0.E10",
                    "S0.E11"
                ],
                "S0.E9": [
                    "S0.E10",
                    "S0.E11",
                    "S0.E14"
                ],
                "S0.E10": [
                    "S0.E11"
                ],
                "S0.E11": [],
                "S0.E12": [],
                "S0.E13": [
                    "S0.E14"
                ],
                "S0.E14": [],
                "S0.E15": [],
                "S0.E16": [],
                "S0.E17": []
            },
            "Accuracy": 0.019230769230769232,
            "Precision": 0.027777777777777776,
            "Recall": 0.058823529411764705,
            "F1 Score": 0.03773584905660377
        },
        "Article ID: 0907.2720": {
            "Adjacency List": {
                "S0.E1": [
                    "S0.E2"
                ],
                "S0.E2": [],
                "S0.E3": [],
                "S0.E4": [],
                "S0.E5": [],
                "S0.E6": [],
                "S0.E7": [],
                "S0.E8": [],
                "S0.E9": [],
                "S0.E10": []
            },
            "Accuracy": 0.07142857142857142,
            "Precision": 1.0,
            "Recall": 0.07142857142857142,
            "F1 Score": 0.13333333333333333
        },
        "Article ID: 0907.2870": {
            "Adjacency List": {
                "S2.E1": [],
                "S2.E2": [],
                "S2.E3": [],
                "S2.E4": [],
                "S2.E5": [],
                "S3.E6": [],
                "S3.E7": [],
                "S3.E8": [],
                "S3.E9": [],
                "S3.E10": [],
                "S4.E11": []
            },
            "Accuracy": 0.0,
            "Precision": 0,
            "Recall": 0.0,
            "F1 Score": 0
        },
        "Article ID: 0907.2872": {
            "Adjacency List": {
                "S2.E1": [],
                "S2.E2": [],
                "S2.E3": [],
                "S3.E4": [],
                "S3.E5": [],
                "S3.E6": [],
                "S3.E7": [],
                "S3.E8": [],
                "S3.E9": [],
                "S3.E10": [],
                "S3.E11": [],
                "S3.E12": [],
                "S3.E13": [],
                "S3.E14": []
            },
            "Accuracy": 0.0,
            "Precision": 0,
            "Recall": 0.0,
            "F1 Score": 0
        },
        "Article ID: 0907.2959": {
            "Adjacency List": {
                "S0.E1": [],
                "S0.E2": [],
                "S0.E3": [],
                "S0.E4": [],
                "S0.E5": [],
                "S0.E6": []
            },
            "Accuracy": 0.0,
            "Precision": 0,
            "Recall": 0.0,
            "F1 Score": 0
        },
        "Article ID: 0907.2994": {
            "Adjacency List": {
                "S0.E1": [],
                "S0.E2": [
                    "S0.E7",
                    "S0.E8",
                    "S0.E9",
                    "S0.E10"
                ],
                "S0.E3": [
                    "S0.E7",
                    "S0.E8",
                    "S0.E9",
                    "S0.E10"
                ],
                "S0.E4": [
                    "S0.E5",
                    "S0.E6",
                    "S0.E7",
                    "S0.E8",
                    "S0.E9",
                    "S0.E10"
                ],
                "S0.E5": [
                    "S0.E6",
                    "S0.E7",
                    "S0.E8",
                    "S0.E9",
                    "S0.E10"
                ],
                "S0.E6": [
                    "S0.E7",
                    "S0.E8",
                    "S0.E9",
                    "S0.E10"
                ],
                "S0.E7": [
                    "S0.E8",
                    "S0.E9",
                    "S0.E10"
                ],
                "S0.E8": [
                    "S0.E9",
                    "S0.E10"
                ],
                "S0.E9": [],
                "S0.E10": [],
                "S0.E11": [],
                "S0.E12": [],
                "S0.E13": [],
                "S0.E14": [],
                "S0.E15": []
            },
            "Accuracy": 0.023809523809523808,
            "Precision": 0.03571428571428571,
            "Recall": 0.06666666666666667,
            "F1 Score": 0.046511627906976744
        },
        "Article ID: 0907.3017": {
            "Adjacency List": {
                "S2.E1": [
                    "S2.E4"
                ],
                "S2.E2": [
                    "S2.E4"
                ],
                "S2.E3": [
                    "S2.E4",
                    "S3.E5"
                ],
                "S2.E4": [
                    "S3.E5",
                    "S3.E6",
                    "S3.E7",
                    "S3.E8"
                ],
                "S3.E5": [],
                "S3.E6": [],
                "S3.E7": [],
                "S3.E8": [],
                "S3.E9": [],
                "S3.E10": [],
                "S3.E11": []
            },
            "Accuracy": 0.05555555555555555,