{
    "Correctness": {
        "Number of articles used": 15,
        "Overall Correctness": {
            "Overall Accuracy": 0.23469387755102042,
            "Overall Precision": 0.3854748603351955,
            "Overall Recall": 0.375,
            "Overall F1 Score": 0.38016528925619836
        },
        "Aggregate Correctness Statistics": {
            "Accuracy": {
                "Mean": 0.27503479853479856,
                "Lowest": 0.06666666666666667,
                "25th Quartile (Q1)": 0.14285714285714285,
                "Median": 0.1875,
                "75th Quartile (Q3)": 0.42307692307692313,
                "Highest": 0.5833333333333334
            },
            "Precision": {
                "Mean": 0.4167618492618493,
                "Lowest": 0.125,
                "25th Quartile (Q1)": 0.2403846153846154,
                "Median": 0.2857142857142857,
                "75th Quartile (Q3)": 0.6181818181818182,
                "Highest": 0.7777777777777778
            },
            "Recall": {
                "Mean": 0.4040583490583491,
                "Lowest": 0.11538461538461539,
                "25th Quartile (Q1)": 0.25,
                "Median": 0.42857142857142855,
                "75th Quartile (Q3)": 0.5777777777777777,
                "Highest": 0.7
            },
            "F1 Score": {
                "Mean": 0.4052398222422421,
                "Lowest": 0.125,
                "25th Quartile (Q1)": 0.25,
                "Median": 0.3157894736842105,
                "75th Quartile (Q3)": 0.5935672514619883,
                "Highest": 0.7368421052631577
            }
        }
    },
    "Results": {
        "Article ID: 0907.2648": {
            "Adjacency List": {
                "S0.E1": [
                    null
                ],
                "S0.E2": [
                    null
                ],
                "S0.E3": [
                    null
                ],
                "S0.E4": [
                    null
                ],
                "S0.E5": [
                    null
                ],
                "S0.E6": [
                    null
                ],
                "S0.E7": [
                    null
                ],
                "S0.E8": [
                    null
                ],
                "S0.E9": [
                    null
                ],
                "S0.E10": [
                    null
                ]
            },
            "Accuracy": 0.3333333333333333,
            "Precision": 0.6,
            "Recall": 0.42857142857142855,
            "F1 Score": 0.5
        },
        "Article ID: 0907.2720": {
            "Adjacency List": {
                "S0.E1": [
                    null
                ],
                "S0.E2": [
                    null
                ],
                "S0.E3": [
                    null
                ],
                "S0.E4": [
                    null
                ],
                "S0.E5": [
                    null
                ],
                "S0.E6": [
                    null
                ],
                "S0.E7": [
                    null
                ],
                "S0.E8": [
                    null
                ],
                "S0.E9": [
                    null
                ]
            },
            "Accuracy": 0.46153846153846156,
            "Precision": 0.6666666666666666,
            "Recall": 0.6,
            "F1 Score": 0.631578947368421
        },
        "Article ID: 0907.2870": {
            "Adjacency List": {
                "S2.E1": [
                    null
                ],
                "S2.E2": [
                    null
                ],
                "S2.E3": [
                    null
                ],
                "S2.E4": [
                    "S2.E1",
                    "S2.E2",
                    "S2.E3"
                ],
                "S2.E5": [
                    "S2.E1",
                    "S2.E2",
                    "S2.E3",
                    "S2.E4"
                ],
                "S2.E6": [
                    "S2.E1",
                    "S2.E2",
                    "S2.E3",
                    "S2.E4",
                    "S2.E5"
                ],
                "S2.E7": [
                    "S2.E1",
                    "S2.E2",
                    "S2.E4"
                ],
                "S2.E8": [
                    "S2.E1",
                    "S2.E2",
                    "S2.E4",
                    "S2.E6"
                ],
                "S2.E9": [
                    null
                ],
                "S2.E10": [
                    null
                ],
                "S3.E11": [
                    null
                ],
                "S3.E12": [
                    null
                ]
            },
            "Accuracy": 0.1875,
            "Precision": 0.23076923076923078,
            "Recall": 0.5,
            "F1 Score": 0.3157894736842105
        },
        "Article ID: 0907.2872": {
            "Adjacency List": {
                "S0.E1": [
                    null
                ],
                "S0.E2": [
                    null
                ],
                "S0.E3": [
                    null
                ],
                "S0.E4": [
                    null
                ],
                "S0.E5": [
                    null
                ],
                "S0.E6": [
                    "S0.E9"
                ],
                "S0.E7": [
                    "S0.E9"
                ],
                "S0.E8": [
                    "S0.E9"
                ],
                "S0.E9": [
                    null
                ]
            },
            "Accuracy": 0.38461538461538464,
            "Precision": 0.5555555555555556,
            "Recall": 0.5555555555555556,
            "F1 Score": 0.5555555555555556
        },
        "Article ID: 0907.2959": {
            "Adjacency List": {
                "S0.E1": [
                    null
                ],
                "S0.E2": [
                    null
                ],
                "S0.E3": [
                    null
                ],
                "S0.E4": [
                    null
                ],
                "S0.E5": [
                    null
                ],
                "S0.E6": [
                    null
                ],
                "S0.E7": [
                    null
                ],
                "S0.E8": [
                    null
                ],
                "S0.E9": [
                    null
                ],
                "S0.E10": [
                    null
                ],
                "S0.E11": [
                    null
                ],
                "S0.E12": [
                    null
                ],
                "S0.E13": [
                    null
                ]
            },
            "Accuracy": 0.35,
            "Precision": 0.5384615384615384,
            "Recall": 0.5,
            "F1 Score": 0.5185185185185186
        },
        "Article ID: 0907.2994": {
            "Adjacency List": {
                "S1.E1": [
                    null
                ],
                "S1.E2": [
                    null
                ],
                "S2.E3": [
                    null
                ],
                "S2.E4": [
                    null
                ],
                "S2.E5": [
                    null
                ],
                "S2.E6": [
                    null
                ],
                "S2.E7": [
                    null
                ],
                "S3.E8": [
                    null
                ]
            },
            "Accuracy": 0.14285714285714285,
            "Precision": 0.25,
            "Recall": 0.25,
            "F1 Score": 0.25
        },