{
    "Correctness": {
        "Number of articles used": 20,
        "Overall Correctness": {
            "Overall Accuracy": 0.0410958904109589,
            "Overall Precision": 0.16666666666666666,
            "Overall Recall": 0.05172413793103448,
            "Overall F1 Score": 0.07894736842105264
        },
        "Aggregate Correctness Statistics": {
            "Accuracy": {
                "Mean": 0.03618284493284493,
                "Lowest": 0.0,
                "25th Quartile (Q1)": 0.0,
                "Median": 0.0,
                "75th Quartile (Q3)": 0.052655677655677656,
                "Highest": 0.2
            },
            "Precision": {
                "Mean": 0.13627450980392158,
                "Lowest": 0.0,
                "25th Quartile (Q1)": 0.0,
                "Median": 0.0,
                "75th Quartile (Q3)": 0.10661764705882353,
                "Highest": 1.0
            },
            "Recall": {
                "Mean": 0.047424242424242424,
                "Lowest": 0.0,
                "25th Quartile (Q1)": 0.0,
                "Median": 0.0,
                "75th Quartile (Q3)": 0.10277777777777777,
                "Highest": 0.2222222222222222
            },
            "F1 Score": {
                "Mean": 0.06351046698872785,
                "Lowest": 0.0,
                "25th Quartile (Q1)": 0.0,
                "Median": 0.0,
                "75th Quartile (Q3)": 0.09903381642512078,
                "Highest": 0.3333333333333333
            }
        }
    },
    "Results": {
        "Article ID: 0907.2648": {
            "Adjacency List": {
                "S0.E1": [],
                "S0.E2": [],
                "S0.E3": [],
                "S0.E4": [],
                "S0.E5": [],
                "S0.E6": [],
                "S0.E7": [],
                "S0.E8": [],
                "S0.E9": []
            },
            "Accuracy": 0.0,
            "Precision": 0,
            "Recall": 0.0,
            "F1 Score": 0
        },
        "Article ID: 0907.2720": {
            "Adjacency List": {
                "S0.E1": [],
                "S0.E2": [],
                "S0.E3": [],
                "S0.E4": [
                    "S0.E5"
                ],
                "S0.E5": [],
                "S0.E6": []
            },
            "Accuracy": 0.0,
            "Precision": 0.0,
            "Recall": 0.0,
            "F1 Score": 0
        },
        "Article ID: 0907.2870": {
            "Adjacency List": {
                "S2.E1": [],
                "S2.E2": [
                    "S2.E3"
                ],
                "S2.E3": [],
                "S2.E4": [],
                "S2.E5": [],
                "S3.E6": [],
                "S3.E7": [
                    "S3.E8",
                    "S3.E9"
                ],
                "S3.E8": [
                    "S3.E9"
                ],
                "S3.E9": [],
                "S3.E10": [],
                "S4.E11": []
            },
            "Accuracy": 0.15384615384615385,
            "Precision": 0.5,
            "Recall": 0.18181818181818182,
            "F1 Score": 0.26666666666666666
        },
        "Article ID: 0907.2872": {
            "Adjacency List": {
                "S0.E1": [],
                "S0.E2": [
                    "S0.E3"
                ],
                "S0.E3": [],
                "S0.E4": [],
                "S0.E5": [],
                "S0.E6": [],
                "S0.E7": [],
                "S0.E8": [],
                "S0.E9": []
            },
            "Accuracy": 0.1111111111111111,
            "Precision": 1.0,
            "Recall": 0.1111111111111111,
            "F1 Score": 0.19999999999999998
        },
        "Article ID: 0907.2959": {
            "Adjacency List": {
                "S2.E1": [],
                "S2.E2": [],
                "S2.E3": [],
                "S2.E4": [],
                "S2.E5": [],
                "S2.E6": [],
                "S2.E7": [],
                "S2.E8": [],
                "S2.E9": [],
                "S2.E10": [],
                "S3.E11": [],
                "S3.E12": [],
                "S3.E13": [],
                "S3.E14": []
            },
            "Accuracy": 0.0,
            "Precision": 0,
            "Recall": 0.0,
            "F1 Score": 0
        },
        "Article ID: 0907.2994": {
            "Adjacency List": {
                "S3.E1": [],
                "S3.E2": [],
                "S3.E3": [],
                "S3.E4": [],
                "S3.E5": [],
                "S3.E6": [],
                "S3.E7": [],
                "S6.E8": [],
                "S6.E9": []
            },
            "Accuracy": 0.0,
            "Precision": 0,
            "Recall": 0.0,
            "F1 Score": 0
        },
        "Article ID: 0907.3017": {
            "Adjacency List": {
                "S0.E1": [],
                "S0.E2": [],
                "S0.E3": [],
                "S0.E4": [],
                "S0.E5": [],
                "S0.E6": []
            },
            "Accuracy": 0.0,
            "Precision": 0,
            "Recall": 0.0,
            "F1 Score": 0
        },
        "Article ID: 0907.3028": {
            "Adjacency List": {
                "S3.E1": [
                    "S3.E3"
                ],
                "S3.E2": [
                    "S3.E3"
                ],
                "S3.E3": [
                    "S3.E4",
                    "S3.E5",
                    "S3.E6",
                    "S3.E7",
                    "S3.E8",
                    "S3.E9",
                    "S3.E10",
                    "S3.E11",
                    "S3.E12",
                    "S3.E13"
                ],
                "S3.E4": [
                    "S3.E5",
                    "S3.E7"
                ],
                "S3.E5": [],
                "S3.E6": [],
                "S3.E7": [
                    "S3.E10",
                    "S3.E12",
                    "S3.E13"
                ],
                "S3.E8": [],
                "S3.E9": [
                    "S3.E10",
                    "S3.E11",
                    "S3.E12",
                    "S3.E13"
                ],
                "S3.E10": [
                    "S3.E11",
                    "S3.E12",
                    "S3.E13"
                ],
                "S3.E11": [
                    "S3.E12",
                    "S3.E13"
                ],
                "S3.E12": [
                    "S3.E13"
                ],
                "S3.E13": [],
                "S3.E14": [],
                "S3.E15": [
                    "S3.E16",
                    "S3.E19"
                ],
                "S3.E16": [
                    "S3.E17",
                    "S3.E18",
                    "S3.E19"
                ],
                "S3.E17": [
                    "S3.E19"
                ],
                "S3.E18": [
                    "S3.E19"
                ],
                "S3.E19": []
            },
            "Accuracy": 0.038461538461538464,
            "Precision": 0.058823529411764705,
            "Recall": 0.1,
            "F1 Score": 0.07407407407407408
        },
        "Article ID: 0907.3040": {
            "Adjacency List": {
                "S2.E1": [],
                "S2.E2": [],
                "S2.E3": [],
                "S2.E4": [],
                "S2.E5": [],
                "S2.E6": [],
                "S2.E7": [],
                "S2.E8": [],
                "S2.E9": [],
                "S2.E10": [],
                "S2.E11": [],
                "S2.E12": []
            },
            "Accuracy": 0.0,
            "Precision": 0,
            "Recall": 0.0,
            "F1 Score": 0
        },
        "Article ID: 0907.3145": {
            "Adjacency List": {
                "S2.E1": [],
                "S2.E2": [],
                "S2.E3": [
                    "S2.E4"
                ],
                "S2.E4": [],