{
    "Correctness": {
        "Number of articles used": 10,
        "Overall Correctness": {
            "Overall Accuracy": 0.07258064516129033,
            "Overall Precision": 0.09310344827586207,
            "Overall Recall": 0.24770642201834864,
            "Overall F1 Score": 0.13533834586466167
        },
        "Aggregate Correctness Statistics": {
            "Accuracy": {
                "Mean": 0.07438636572488588,
                "Lowest": 0.0,
                "25th Quartile (Q1)": 0.052747625508819534,
                "Median": 0.08012820512820512,
                "75th Quartile (Q3)": 0.0880952380952381,
                "Highest": 0.16666666666666666
            },
            "Precision": {
                "Mean": 0.10641939096826314,
                "Lowest": 0.0,
                "25th Quartile (Q1)": 0.0625,
                "Median": 0.106203007518797,
                "75th Quartile (Q3)": 0.12472527472527471,
                "Highest": 0.25
            },
            "Recall": {
                "Mean": 0.23342185592185594,
                "Lowest": 0.0,
                "25th Quartile (Q1)": 0.14375,
                "Median": 0.25396825396825395,
                "75th Quartile (Q3)": 0.32499999999999996,
                "Highest": 0.4166666666666667
            },
            "F1 Score": {
                "Mean": 0.13529807283178483,
                "Lowest": 0.0,
                "25th Quartile (Q1)": 0.09993961352657006,
                "Median": 0.14835164835164835,
                "75th Quartile (Q3)": 0.16192266380236303,
                "Highest": 0.28571428571428575
            }
        }
    },
    "Results": {
        "Article ID: 0907.2648": {
            "Adjacency List": {
                "S0.E1": [
                    "S0.E2",
                    "S0.E3",
                    "S0.E4",
                    "S0.E5",
                    "S0.E6",
                    "S0.E7"
                ],
                "S0.E2": [
                    "S0.E3",
                    "S0.E5",
                    "S0.E7"
                ],
                "S0.E3": [
                    "S0.E4",
                    "S0.E5",
                    "S0.E6",
                    "S0.E7"
                ],
                "S0.E4": [
                    "S0.E5",
                    "S0.E6",
                    "S0.E7",
                    "S0.E8",
                    "S0.E9"
                ],
                "S0.E5": [
                    "S0.E6",
                    "S0.E7",
                    "S0.E8",
                    "S0.E9"
                ],
                "S0.E6": [
                    "S0.E7",
                    "S0.E8",
                    "S0.E9"
                ],
                "S0.E7": [
                    "S0.E8",
                    "S0.E9"
                ],
                "S0.E8": [
                    "S0.E9"
                ],
                "S0.E9": []
            },
            "Accuracy": 0.08571428571428572,
            "Precision": 0.10714285714285714,
            "Recall": 0.3,
            "F1 Score": 0.15789473684210525
        },
        "Article ID: 0907.2720": {
            "Adjacency List": {
                "S2.E1": [
                    "S2.E2",
                    "S2.E3",
                    "S2.E4",
                    "S2.E5",
                    "S2.E6",
                    "S2.E7",
                    "S2.E8",
                    "S2.E9",
                    "S2.E10"
                ],
                "S2.E2": [
                    "S2.E3",
                    "S2.E4",
                    "S2.E5",
                    "S2.E6",
                    "S2.E7",
                    "S2.E8",
                    "S2.E9",
                    "S2.E10",
                    "S3.E11",
                    "S3.E12"
                ],
                "S2.E3": [
                    "S2.E4",
                    "S2.E5",
                    "S2.E6",
                    "S2.E7",
                    "S2.E8",
                    "S2.E9",
                    "S2.E10"
                ],
                "S2.E4": [
                    "S2.E5",
                    "S2.E6",
                    "S2.E7",
                    "S2.E8",
                    "S2.E9",
                    "S2.E10",
                    "S3.E11",
                    "S3.E12"
                ],
                "S2.E5": [
                    "S2.E6",
                    "S2.E7",
                    "S2.E8",
                    "S2.E9",
                    "S2.E10",
                    "S3.E11",
                    "S3.E12"
                ],
                "S2.E6": [
                    "S2.E7",
                    "S2.E8",
                    "S2.E9",
                    "S2.E10",
                    "S3.E11",
                    "S3.E12"
                ],
                "S2.E7": [
                    "S2.E8",
                    "S2.E9",
                    "S2.E10",
                    "S3.E12"
                ],
                "S2.E8": [
                    "S2.E9",
                    "S2.E10",
                    "S3.E12"
                ],
                "S2.E9": [
                    "S2.E10",
                    "S3.E11",
                    "S3.E12"
                ],
                "S2.E10": [
                    "S3.E11",
                    "S3.E12"
                ],
                "S3.E11": [
                    "S3.E12"
                ],
                "S3.E12": []
            },
            "Accuracy": 0.07462686567164178,
            "Precision": 0.08333333333333333,
            "Recall": 0.4166666666666667,
            "F1 Score": 0.1388888888888889
        },
        "Article ID: 0907.2870": {
            "Adjacency List": {
                "S0.E1": [],
                "S0.E2": [
                    "S0.E3",
                    "S0.E4",
                    "S0.E5"
                ],
                "S0.E3": [
                    "S0.E4",
                    "S0.E5"
                ],
                "S0.E4": [
                    "S0.E5",
                    "S0.E6",
                    "S0.E7",
                    "S0.E8"
                ],
                "S0.E5": [
                    "S0.E6",
                    "S0.E7",
                    "S0.E8",
                    "S0.E9"
                ],
                "S0.E6": [
                    "S0.E7",
                    "S0.E8",
                    "S0.E9"
                ],
                "S0.E7": [
                    "S0.E8",
                    "S0.E9"
                ],
                "S0.E8": [
                    "S0.E9"
                ],
                "S0.E9": []
            },
            "Accuracy": 0.07692307692307693,
            "Precision": 0.10526315789473684,
            "Recall": 0.2222222222222222,
            "F1 Score": 0.14285714285714285
        },
        "Article ID: 0907.2872": {
            "Adjacency List": {
                "S2.E1": [],
                "S2.E2": [
                    "S2.E1"
                ],
                "S2.E3": [
                    "S2.E1",
                    "S2.E2"
                ],
                "S2.E4": [
                    "S2.E1",
                    "S2.E2",
                    "S2.E3"
                ],
                "S2.E5": [],
                "S3.E6": [
                    "S3.E8",
                    "S3.E9",
                    "S3.E10"
                ],
                "S3.E7": [
                    "S2.E3",
                    "S2.E4",
                    "S2.E5",
                    "S3.E6",
                    "S3.E8",
                    "S3.E9",
                    "S3.E10",
                    "S3.E12",
                    "S3.E13"
                ],
                "S3.E8": [
                    "S3.E9",
                    "S3.E10",
                    "S3.E11",
                    "S3.E12",
                    "S3.E13"
                ],