{
    "Correctness": {
        "Number of articles used": 10,
        "Overall Correctness": {
            "Overall Accuracy": 0.022727272727272728,
            "Overall Precision": 0.10526315789473684,
            "Overall Recall": 0.028169014084507043,
            "Overall F1 Score": 0.044444444444444446
        },
        "Aggregate Correctness Statistics": {
            "Accuracy": {
                "Mean": 0.013333333333333332,
                "Lowest": 0.0,
                "25th Quartile (Q1)": 0.0,
                "Median": 0.0,
                "75th Quartile (Q3)": 0.0,
                "Highest": 0.13333333333333333
            },
            "Precision": {
                "Mean": 0.03636363636363636,
                "Lowest": 0.0,
                "25th Quartile (Q1)": 0.0,
                "Median": 0.0,
                "75th Quartile (Q3)": 0.0,
                "Highest": 0.36363636363636365
            },
            "Recall": {
                "Mean": 0.017391304347826087,
                "Lowest": 0.0,
                "25th Quartile (Q1)": 0.0,
                "Median": 0.0,
                "75th Quartile (Q3)": 0.0,
                "Highest": 0.17391304347826086
            },
            "F1 Score": {
                "Mean": 0.02352941176470588,
                "Lowest": 0.0,
                "25th Quartile (Q1)": 0.0,
                "Median": 0.0,
                "75th Quartile (Q3)": 0.0,
                "Highest": 0.2352941176470588
            }
        }
    },
    "Results": {
        "Article ID: 0907.2648": {
            "Adjacency List": {
                "S0.E1": [],
                "S0.E2": [],
                "S0.E3": [],
                "S0.E4": [],
                "S0.E5": [],
                "S0.E6": [],
                "S0.E7": [
                    "S0.E9"
                ],
                "S0.E8": [
                    "S0.E9"
                ],
                "S0.E9": []
            },
            "Accuracy": 0.0,
            "Precision": 0.0,
            "Recall": 0.0,
            "F1 Score": 0
        },
        "Article ID: 0907.2720": {
            "Adjacency List": {
                "S2.E1": [],
                "S2.E2": [],
                "S2.E3": [],
                "S2.E4": [],
                "S2.E5": [
                    "S3.E14"
                ],
                "S2.E6": [
                    "S3.E14"
                ],
                "S2.E7": [
                    "S3.E14"
                ],
                "S2.E8": [
                    "S3.E14"
                ],
                "S2.E9": [
                    "S3.E14"
                ],
                "S2.E10": [
                    "S3.E14"
                ],
                "S3.E11": [
                    "S3.E14"
                ],
                "S3.E12": [
                    "S3.E14"
                ],
                "S3.E13": [
                    "S3.E14"
                ],
                "S3.E14": []
            },
            "Accuracy": 0.0,
            "Precision": 0.0,
            "Recall": 0.0,
            "F1 Score": 0
        },
        "Article ID: 0907.2870": {
            "Adjacency List": {
                "S2.E1": [],
                "S2.E2": [
                    "S2.E5"
                ],
                "S2.E3": [
                    "S2.E5"
                ],
                "S2.E4": [
                    "S2.E5"
                ],
                "S2.E5": []
            },
            "Accuracy": 0.0,
            "Precision": 0.0,
            "Recall": 0.0,
            "F1 Score": 0
        },
        "Article ID: 0907.2872": {
            "Adjacency List": {
                "S0.E1": [],
                "S0.E2": [],
                "S0.E3": [],
                "S0.E4": [],
                "S0.E5": [],
                "S0.E6": [],
                "S0.E7": [],
                "S0.E8": [],
                "S0.E9": []
            },
            "Accuracy": 0.0,
            "Precision": 0,
            "Recall": 0.0,
            "F1 Score": 0
        },
        "Article ID: 0907.2959": {
            "Adjacency List": {
                "S0.E1": [],
                "S0.E2": [
                    "S0.E3"
                ],
                "S0.E3": [],
                "S0.E4": [
                    "S0.E3"
                ],
                "S0.E5": [],
                "S0.E6": [],
                "S0.E7": [],
                "S0.E8": [],
                "S0.E9": []
            },
            "Accuracy": 0.0,
            "Precision": 0.0,
            "Recall": 0.0,
            "F1 Score": 0
        },
        "Article ID: 0907.2994": {
            "Adjacency List": {
                "S0.E1": [],
                "S0.E2": [],
                "S0.E3": [],
                "S0.E4": [],
                "S0.E5": [],
                "S0.E6": [],
                "S0.E7": [],
                "S0.E8": [],
                "S0.E9": [],
                "S0.E10": [],
                "S0.E11": [],
                "S0.E12": [],
                "S0.E13": [],
                "S0.E14": []
            },
            "Accuracy": 0.0,
            "Precision": 0,
            "Recall": 0.0,
            "F1 Score": 0
        },
        "Article ID: 0907.3017": {
            "Adjacency List": {
                "S0.E1": [],
                "S0.E2": [],
                "S0.E3": [],
                "S0.E4": [],
                "S0.E5": [],
                "S0.E6": [],
                "S0.E7": [],
                "S0.E8": [
                    "S0.E9",
                    "S0.E10",
                    "S0.E19"
                ],
                "S0.E9": [],
                "S0.E10": [],
                "S0.E11": [],
                "S0.E12": [
                    "S0.E19"
                ],
                "S0.E13": [
                    "S0.E14",
                    "S0.E19"
                ],
                "S0.E14": [
                    "S0.E19"
                ],
                "S0.E15": [
                    "S0.E19"
                ],
                "S0.E16": [
                    "S0.E19"
                ],
                "S0.E17": [
                    "S0.E19"
                ],
                "S0.E18": [
                    "S0.E19"
                ],
                "S0.E19": []
            },
            "Accuracy": 0.13333333333333333,
            "Precision": 0.36363636363636365,
            "Recall": 0.17391304347826086,
            "F1 Score": 0.2352941176470588
        },
        "Article ID: 0907.3028": {
            "Adjacency List": {
                "S2.E1": [],
                "S2.E2": [],
                "S2.E3": [],
                "S2.E4": [],
                "S2.E5": [],
                "S2.E6": [],
                "S2.E7": [
                    "S3.E15"
                ],
                "S2.E8": [
                    "S3.E15"
                ],
                "S2.E9": [
                    "S3.E15"
                ],
                "S2.E10": [
                    "S3.E15"
                ],
                "S3.E11": [
                    "S3.E15"
                ],
                "S3.E12": [
                    "S3.E15"
                ],
                "S3.E13": [
                    "S3.E15"
                ],
                "S3.E14": [
                    "S3.E15"
                ],
                "S3.E15": []
            },
            "Accuracy": 0.0,
            "Precision": 0.0,
            "Recall": 0.0,
            "F1 Score": 0
        },
        "Article ID: 0907.3040": {
            "Adjacency List": {
                "S2.E1": [],
                "S2.E2": [],
                "S2.E3": [],
                "S2.E4": [],
                "S2.E5": [],
                "S2.E6": [
                    "S2.E5"
                ],
                "S2.E7": [],
                "S2.E8": [
                    "S2.E5",
                    "S2.E6"
                ],
                "S2.E9": [],
                "S3.E10": [],