{
    "Correctness": {
        "Number of articles used": 10,
        "Overall Correctness": {
            "Overall Accuracy": 0.10982658959537572,
            "Overall Precision": 0.14232209737827714,
            "Overall Recall": 0.3247863247863248,
            "Overall F1 Score": 0.19791666666666669
        },
        "Aggregate Correctness Statistics": {
            "Accuracy": {
                "Mean": 0.11513242843237106,
                "Lowest": 0.0,
                "25th Quartile (Q1)": 0.051573426573426576,
                "Median": 0.10533515731874145,
                "75th Quartile (Q3)": 0.13940092165898615,
                "Highest": 0.2727272727272727
            },
            "Precision": {
                "Mean": 0.16550091755110113,
                "Lowest": 0.0,
                "25th Quartile (Q1)": 0.06725146198830409,
                "Median": 0.14119601328903653,
                "75th Quartile (Q3)": 0.22916666666666666,
                "Highest": 0.42857142857142855
            },
            "Recall": {
                "Mean": 0.286545340624288,
                "Lowest": 0.0,
                "25th Quartile (Q1)": 0.13541666666666666,
                "Median": 0.3068181818181818,
                "75th Quartile (Q3)": 0.42142857142857143,
                "Highest": 0.631578947368421
            },
            "F1 Score": {
                "Mean": 0.19496753112094659,
                "Lowest": 0.0,
                "25th Quartile (Q1)": 0.09722222222222221,
                "Median": 0.19036954087346022,
                "75th Quartile (Q3)": 0.24464285714285713,
                "Highest": 0.42857142857142855
            }
        }
    },
    "Results": {
        "Article ID: 0907.2648": {
            "Adjacency List": {
                "S4.E1": [
                    "S4.E2",
                    "S4.E3",
                    "S4.E4",
                    "S4.E6",
                    "S4.E7"
                ],
                "S4.E2": [
                    "S4.E3",
                    "S4.E4",
                    "S4.E6",
                    "S4.E7",
                    "S4.E8"
                ],
                "S4.E3": [
                    "S4.E4",
                    "S4.E5",
                    "S4.E6",
                    "S4.E7",
                    "S4.E8",
                    "S4.E9",
                    "S4.E10",
                    "S5.E14"
                ],
                "S4.E4": [
                    "S4.E5",
                    "S4.E6",
                    "S4.E7",
                    "S4.E8",
                    "S4.E9",
                    "S4.E10",
                    "S4.E11",
                    "S4.E12",
                    "S5.E13",
                    "S5.E14"
                ],
                "S4.E5": [
                    "S4.E6",
                    "S4.E7",
                    "S4.E8",
                    "S4.E9",
                    "S4.E10",
                    "S4.E11",
                    "S5.E13",
                    "S5.E14"
                ],
                "S4.E6": [
                    "S4.E7",
                    "S4.E8",
                    "S4.E9",
                    "S4.E10",
                    "S4.E11",
                    "S4.E12",
                    "S5.E13",
                    "S5.E14",
                    "S5.E15",
                    "S5.E16"
                ],
                "S4.E7": [
                    "S4.E8",
                    "S4.E9",
                    "S4.E10",
                    "S4.E11",
                    "S4.E12",
                    "S5.E13",
                    "S5.E14",
                    "S5.E15",
                    "S5.E16"
                ],
                "S4.E8": [
                    "S4.E9",
                    "S4.E10",
                    "S4.E11",
                    "S4.E12",
                    "S5.E13",
                    "S5.E14"
                ],
                "S4.E9": [
                    "S4.E10",
                    "S4.E11",
                    "S4.E12",
                    "S5.E13",
                    "S5.E14"
                ],
                "S4.E10": [
                    "S4.E11",
                    "S4.E12",
                    "S5.E13",
                    "S5.E14",
                    "S5.E15",
                    "S5.E16"
                ],
                "S4.E11": [
                    "S4.E12",
                    "S5.E13",
                    "S5.E14",
                    "S5.E16"
                ],
                "S4.E12": [
                    "S5.E13",
                    "S5.E14",
                    "S5.E15",
                    "S5.E16"
                ],
                "S5.E13": [
                    "S5.E14",
                    "S5.E15",
                    "S5.E16"
                ],
                "S5.E14": [
                    "S5.E15",
                    "S5.E16"
                ],
                "S5.E15": [
                    "S5.E16"
                ],
                "S5.E16": []
            },
            "Accuracy": 0.12903225806451613,
            "Precision": 0.13953488372093023,
            "Recall": 0.631578947368421,
            "F1 Score": 0.22857142857142856
        },
        "Article ID: 0907.2720": {
            "Adjacency List": {
                "S0.E1": [
                    "S0.E2"
                ],
                "S0.E2": [
                    "S0.E3",
                    "S0.E4"
                ],
                "S0.E3": [
                    "S0.E4",
                    "S0.E5"
                ],
                "S0.E4": [
                    "S0.E5"
                ],
                "S0.E5": [],
                "S0.E6": []
            },
            "Accuracy": 0.09090909090909091,
            "Precision": 0.16666666666666666,
            "Recall": 0.16666666666666666,
            "F1 Score": 0.16666666666666666
        },
        "Article ID: 0907.2870": {
            "Adjacency List": {
                "S2.E1": [
                    "S2.E3"
                ],
                "S2.E2": [
                    "S2.E1",
                    "S2.E3",
                    "S2.E4",
                    "S2.E8",
                    "S2.E10"
                ],
                "S2.E3": [
                    "S2.E4",
                    "S2.E6",
                    "S2.E7",
                    "S2.E8",
                    "S2.E9",
                    "S2.E10",
                    "S2.E11"
                ],
                "S2.E4": [
                    "S2.E8",
                    "S2.E9",
                    "S2.E10"
                ],
                "S2.E5": [
                    "S2.E1",
                    "S2.E2",
                    "S2.E3",
                    "S2.E4",
                    "S2.E9"
                ],
                "S2.E6": [
                    "S2.E5",
                    "S2.E7",
                    "S2.E8",
                    "S2.E9",
                    "S2.E10",
                    "S2.E11"
                ],
                "S2.E7": [
                    "S2.E5",
                    "S2.E8",
                    "S2.E9",
                    "S2.E10",
                    "S2.E11"
                ],
                "S2.E8": [
                    "S2.E5",
                    "S2.E9",
                    "S2.E10",
                    "S2.E11"
                ],
                "S2.E9": [
                    "S2.E10",
                    "S2.E11"
                ],
                "S2.E10": [
                    "S2.E5",
                    "S2.E11"
                ],
                "S2.E11": [
                    "S2.E5"
                ],
                "S2.E12": [],
                "S3.E13": [
                    "S3.E14"
                ],
                "S3.E14": []
            },
            "Accuracy": 0.11764705882352941,
            "Precision": 0.14285714285714285,
            "Recall": 0.4,