{
    "Correctness": {
        "Number of articles used": 5,
        "Overall Correctness": {
            "Overall Accuracy": 0.1134020618556701,
            "Overall Precision": 0.13580246913580246,
            "Overall Recall": 0.4074074074074074,
            "Overall F1 Score": 0.2037037037037037
        },
        "Aggregate Correctness Statistics": {
            "Accuracy": {
                "Mean": 0.1455064935064935,
                "Lowest": 0.0,
                "25th Quartile (Q1)": 0.045454545454545456,
                "Median": 0.09333333333333334,
                "75th Quartile (Q3)": 0.2857142857142857,
                "Highest": 0.30303030303030304
            },
            "Precision": {
                "Mean": 0.18773924778501438,
                "Lowest": 0.0,
                "25th Quartile (Q1)": 0.05263157894736842,
                "Median": 0.10144927536231885,
                "75th Quartile (Q3)": 0.38461538461538464,
                "Highest": 0.4
            },
            "Recall": {
                "Mean": 0.3753393665158371,
                "Lowest": 0.0,
                "25th Quartile (Q1)": 0.25,
                "Median": 0.5,
                "75th Quartile (Q3)": 0.5384615384615384,
                "Highest": 0.5882352941176471
            },
            "F1 Score": {
                "Mean": 0.2334497905140831,
                "Lowest": 0.0,
                "25th Quartile (Q1)": 0.08695652173913043,
                "Median": 0.17073170731707318,
                "75th Quartile (Q3)": 0.4444444444444445,
                "Highest": 0.46511627906976744
            }
        }
    },
    "Results": {
        "Article ID: 0907.2648": {
            "Adjacency List": {
                "S2.E1": [
                    "S2.E6",
                    "S2.E8",
                    "S2.E9"
                ],
                "S2.E2": [
                    "S2.E1",
                    "S2.E6",
                    "S2.E8",
                    "S2.E9"
                ],
                "S2.E3": [
                    "S2.E1",
                    "S2.E2",
                    "S2.E6",
                    "S2.E7",
                    "S2.E8",
                    "S2.E9",
                    "S2.E10"
                ],
                "S2.E4": [
                    "S2.E1",
                    "S2.E2",
                    "S2.E3",
                    "S2.E6",
                    "S2.E8",
                    "S2.E9",
                    "S3.E11",
                    "S3.E12"
                ],
                "S2.E5": [
                    "S2.E1",
                    "S2.E2",
                    "S2.E3",
                    "S2.E4"
                ],
                "S2.E6": [
                    "S2.E5",
                    "S2.E7",
                    "S2.E8",
                    "S2.E9",
                    "S2.E10",
                    "S3.E11",
                    "S3.E12"
                ],
                "S2.E7": [
                    "S2.E1",
                    "S2.E2",
                    "S2.E4",
                    "S2.E5",
                    "S2.E8",
                    "S2.E9",
                    "S2.E10",
                    "S3.E12"
                ],
                "S2.E8": [
                    "S2.E5",
                    "S2.E9",
                    "S2.E10",
                    "S3.E12"
                ],
                "S2.E9": [
                    "S2.E5",
                    "S2.E10",
                    "S3.E11",
                    "S3.E12"
                ],
                "S2.E10": [
                    "S2.E1",
                    "S2.E2",
                    "S2.E4",
                    "S2.E5",
                    "S3.E11",
                    "S3.E12"
                ],
                "S3.E11": [
                    "S2.E5"
                ],
                "S3.E12": [
                    "S2.E5"
                ]
            },
            "Accuracy": 0.045454545454545456,
            "Precision": 0.05263157894736842,
            "Recall": 0.25,
            "F1 Score": 0.08695652173913043
        },
        "Article ID: 0907.2720": {
            "Adjacency List": {
                "S2.E1": [
                    "S2.E2",
                    "S2.E3",
                    "S2.E4",
                    "S2.E5",
                    "S2.E6",
                    "S2.E7",
                    "S2.E8",
                    "S2.E9",
                    "S2.E10",
                    "S3.E11",
                    "S4.E12"
                ],
                "S2.E2": [
                    "S2.E4",
                    "S2.E5",
                    "S2.E6",
                    "S2.E7",
                    "S2.E8",
                    "S2.E9",
                    "S2.E10",
                    "S4.E12"
                ],
                "S2.E3": [
                    "S2.E2",
                    "S2.E4",
                    "S2.E5",
                    "S2.E6",
                    "S2.E7",
                    "S2.E8",
                    "S2.E9",
                    "S2.E10",
                    "S3.E11",
                    "S4.E12"
                ],
                "S2.E4": [
                    "S2.E5",
                    "S2.E6",
                    "S2.E7",
                    "S2.E8",
                    "S2.E9",
                    "S2.E10",
                    "S3.E11",
                    "S4.E12"
                ],
                "S2.E5": [
                    "S2.E6",
                    "S2.E7",
                    "S2.E8",
                    "S2.E9",
                    "S2.E10",
                    "S3.E11",
                    "S4.E12"
                ],
                "S2.E6": [
                    "S2.E7",
                    "S2.E8",
                    "S2.E9",
                    "S2.E10",
                    "S3.E11",
                    "S4.E12"
                ],
                "S2.E7": [
                    "S2.E8",
                    "S2.E9",
                    "S2.E10",
                    "S3.E11",
                    "S4.E12",
                    "S4.E13"
                ],
                "S2.E8": [
                    "S2.E9",
                    "S2.E10",
                    "S3.E11",
                    "S4.E12"
                ],
                "S2.E9": [
                    "S2.E10",
                    "S3.E11",
                    "S4.E12",
                    "S4.E13"
                ],
                "S2.E10": [
                    "S3.E11",
                    "S4.E12",
                    "S4.E13"
                ],
                "S3.E11": [
                    "S4.E12"
                ],
                "S4.E12": [
                    "S4.E13"
                ],
                "S4.E13": []
            },
            "Accuracy": 0.09333333333333334,
            "Precision": 0.10144927536231885,
            "Recall": 0.5384615384615384,
            "F1 Score": 0.17073170731707318
        },
        "Article ID: 0907.2870": {
            "Adjacency List": {
                "S2.E1": [],
                "S2.E2": [
                    "S2.E1"
                ],
                "S2.E3": [
                    "S2.E1",
                    "S2.E2"
                ],
                "S2.E4": [
                    "S2.E2",
                    "S2.E3"
                ]
            },
            "Accuracy": 0.2857142857142857,
            "Precision": 0.4,
            "Recall": 0.5,
            "F1 Score": 0.4444444444444445
        },
        "Article ID: 0907.2872": {
            "Adjacency List": {
                "S3.E1": [],
                "S3.E2": [
                    "S3.E1"
                ],
                "S3.E3": [
                    "S3.E1",
                    "S3.E2"
                ],
                "S3.E4": [
                    "S3.E2",
                    "S3.E3"
                ],
                "S3.E5": [],
                "S5.E6": [],