{
    "Correctness": {
        "Number of articles used": 10,
        "Overall Correctness": {
            "Overall Accuracy": 0.07894736842105263,
            "Overall Precision": 0.2647058823529412,
            "Overall Recall": 0.10112359550561797,
            "Overall F1 Score": 0.14634146341463414
        },
        "Aggregate Correctness Statistics": {
            "Accuracy": {
                "Mean": 0.06631578947368422,
                "Lowest": 0.0,
                "25th Quartile (Q1)": 0.0,
                "Median": 0.05,
                "75th Quartile (Q3)": 0.10394736842105262,
                "Highest": 0.2
            },
            "Precision": {
                "Mean": 0.29500000000000004,
                "Lowest": 0.0,
                "25th Quartile (Q1)": 0.0,
                "Median": 0.1,
                "75th Quartile (Q3)": 0.4375,
                "Highest": 1.0
            },
            "Recall": {
                "Mean": 0.08929292929292929,
                "Lowest": 0.0,
                "25th Quartile (Q1)": 0.0,
                "Median": 0.05,
                "75th Quartile (Q3)": 0.16414141414141414,
                "Highest": 0.3
            },
            "F1 Score": {
                "Mean": 0.11601731601731602,
                "Lowest": 0.0,
                "25th Quartile (Q1)": 0.0,
                "Median": 0.0909090909090909,
                "75th Quartile (Q3)": 0.18831168831168832,
                "Highest": 0.33333333333333337
            }
        }
    },
    "Results": {
        "Article ID: 0907.2648": {
            "Adjacency List": {
                "S0.E1": [
                    "S0.E2",
                    "S0.E3"
                ],
                "S0.E2": [
                    "S0.E3"
                ],
                "S0.E3": [],
                "S0.E4": [],
                "S0.E5": [
                    "S0.E6",
                    "S0.E7",
                    "S0.E8",
                    "S0.E9"
                ],
                "S0.E6": [
                    "S0.E7",
                    "S0.E8",
                    "S0.E9"
                ],
                "S0.E7": [
                    "S0.E9"
                ],
                "S0.E8": [
                    "S0.E9"
                ],
                "S0.E9": []
            },
            "Accuracy": 0.15789473684210525,
            "Precision": 0.25,
            "Recall": 0.3,
            "F1 Score": 0.2727272727272727
        },
        "Article ID: 0907.2720": {
            "Adjacency List": {
                "S0.E1": [],
                "S0.E2": [],
                "S0.E3": [],
                "S0.E4": [],
                "S0.E5": [],
                "S0.E6": [
                    "S0.E7",
                    "S0.E9"
                ],
                "S0.E7": [
                    "S0.E8",
                    "S0.E9"
                ],
                "S0.E8": [],
                "S0.E9": []
            },
            "Accuracy": 0.0,
            "Precision": 0.0,
            "Recall": 0.0,
            "F1 Score": 0
        },
        "Article ID: 0907.2870": {
            "Adjacency List": {
                "S1.E1": [],
                "S1.E2": [],
                "S1.E3": [],
                "S1.E4": []
            },
            "Accuracy": 0.0,
            "Precision": 0,
            "Recall": 0.0,
            "F1 Score": 0
        },
        "Article ID: 0907.2872": {
            "Adjacency List": {
                "S4.E1": [],
                "S4.E2": [
                    "S4.E3",
                    "S5.E4"
                ],
                "S4.E3": [
                    "S5.E4"
                ],
                "S5.E4": [],
                "S5.E5": [],
                "S5.E6": [],
                "S5.E7": [],
                "S6.E8": [],
                "S6.E9": [],
                "S6.E10": [],
                "S6.E11": [],
                "S6.E12": [],
                "S6.E13": [],
                "S6.E14": []
            },
            "Accuracy": 0.0,
            "Precision": 0.0,
            "Recall": 0.0,
            "F1 Score": 0
        },
        "Article ID: 0907.2959": {
            "Adjacency List": {
                "S2.E1": [],
                "S2.E2": [],
                "S2.E3": [
                    "S2.E4"
                ],
                "S2.E4": [],
                "S2.E5": [],
                "S2.E6": [
                    "S2.E8"
                ],
                "S2.E7": [],
                "S2.E8": [],
                "S3.E9": []
            },
            "Accuracy": 0.2,
            "Precision": 1.0,
            "Recall": 0.2,
            "F1 Score": 0.33333333333333337
        },
        "Article ID: 0907.2994": {
            "Adjacency List": {
                "S2.E1": [
                    "S2.E2"
                ],
                "S2.E2": [],
                "S2.E3": [],
                "S2.E4": [],
                "S2.E5": [],
                "S3.E6": [
                    "S3.E7"
                ],
                "S3.E7": [],
                "S3.E8": []
            },
            "Accuracy": 0.1,
            "Precision": 0.5,
            "Recall": 0.1111111111111111,
            "F1 Score": 0.1818181818181818
        },
        "Article ID: 0907.3017": {
            "Adjacency List": {
                "S1.E1": [],
                "S1.E2": [],
                "S1.E3": [],
                "S3.E4": []
            },
            "Accuracy": 0.0,
            "Precision": 0,
            "Recall": 0.0,
            "F1 Score": 0
        },
        "Article ID: 0907.3028": {
            "Adjacency List": {
                "S3.E1": [
                    "S3.E2",
                    "S3.E3",
                    "S3.E4",
                    "S3.E5",
                    "S3.E6",
                    "S3.E7",
                    "S3.E8",
                    "S3.E9"
                ],
                "S3.E2": [
                    "S3.E4"
                ],
                "S3.E3": [
                    "S3.E4"
                ],
                "S3.E4": [],
                "S3.E5": [],
                "S3.E6": [],
                "S3.E7": [],
                "S3.E8": [],
                "S3.E9": [],
                "S3.E10": []
            },
            "Accuracy": 0.10526315789473684,
            "Precision": 0.2,
            "Recall": 0.18181818181818182,
            "F1 Score": 0.1904761904761905
        },
        "Article ID: 0907.3040": {
            "Adjacency List": {
                "S2.E1": [],
                "S2.E2": [],
                "S2.E3": [],
                "S2.E4": [],
                "S4.E5": [],
                "S4.E6": [],
                "S4.E7": [],
                "S5.E8": [],
                "S5.E9": [
                    "S5.E10"
                ],
                "S5.E10": []
            },
            "Accuracy": 0.1,
            "Precision": 1.0,
            "Recall": 0.1,
            "F1 Score": 0.18181818181818182
        },
        "Article ID: 0907.3145": {
            "Adjacency List": {
                "S3.E1": [],
                "S3.E2": [],
                "S3.E3": [],
                "S3.E4": [],
                "S3.E5": [],
                "S4.E6": [],
                "S4.E7": []
            },
            "Accuracy": 0.0,
            "Precision": 0,
            "Recall": 0.0,
            "F1 Score": 0
        }
    },