{
    "Correctness": {
        "Number of articles used": 10,
        "Overall Correctness": {
            "Overall Accuracy": 0.08571428571428572,
            "Overall Precision": 0.11297071129707113,
            "Overall Recall": 0.2621359223300971,
            "Overall F1 Score": 0.15789473684210525
        },
        "Aggregate Correctness Statistics": {
            "Accuracy": {
                "Mean": 0.07879619446880944,
                "Lowest": 0.0,
                "25th Quartile (Q1)": 0.024021962937542895,
                "Median": 0.075,
                "75th Quartile (Q3)": 0.12380952380952381,
                "Highest": 0.1891891891891892
            },
            "Precision": {
                "Mean": 0.11190537969831138,
                "Lowest": 0.0,
                "25th Quartile (Q1)": 0.032196969696969696,
                "Median": 0.10882352941176471,
                "75th Quartile (Q3)": 0.14255218216318785,
                "Highest": 0.3333333333333333
            },
            "Recall": {
                "Mean": 0.22604575163398694,
                "Lowest": 0.0,
                "25th Quartile (Q1)": 0.0875,
                "Median": 0.19444444444444442,
                "75th Quartile (Q3)": 0.2625,
                "Highest": 0.5882352941176471
            },
            "F1 Score": {
                "Mean": 0.13961160855342442,
                "Lowest": 0.0,
                "25th Quartile (Q1)": 0.046875,
                "Median": 0.13942307692307693,
                "75th Quartile (Q3)": 0.21994884910485935,
                "Highest": 0.31818181818181823
            }
        }
    },
    "Results": {
        "Article ID: 0907.2648": {
            "Adjacency List": {
                "S0.E1": [
                    "S0.E2",
                    "S0.E3",
                    "S0.E4",
                    "S0.E5",
                    "S0.E7"
                ],
                "S0.E2": [
                    "S0.E3",
                    "S0.E4",
                    "S0.E5",
                    "S0.E6",
                    "S0.E7"
                ],
                "S0.E3": [
                    "S0.E4",
                    "S0.E5",
                    "S0.E6",
                    "S0.E7",
                    "S0.E8",
                    "S0.E9"
                ],
                "S0.E4": [
                    "S0.E5",
                    "S0.E6",
                    "S0.E7",
                    "S0.E8",
                    "S0.E9"
                ],
                "S0.E5": [
                    "S0.E6",
                    "S0.E7",
                    "S0.E8",
                    "S0.E9"
                ],
                "S0.E6": [
                    "S0.E7",
                    "S0.E8",
                    "S0.E9"
                ],
                "S0.E7": [
                    "S0.E8",
                    "S0.E9",
                    "S0.E10"
                ],
                "S0.E8": [
                    "S0.E9"
                ],
                "S0.E9": [],
                "S0.E10": []
            },
            "Accuracy": 0.1891891891891892,
            "Precision": 0.21875,
            "Recall": 0.5833333333333334,
            "F1 Score": 0.31818181818181823
        },
        "Article ID: 0907.2720": {
            "Adjacency List": {
                "S1.E1": [],
                "S2.E2": [
                    "S2.E3",
                    "S2.E5",
                    "S2.E6"
                ],
                "S2.E3": [
                    "S2.E5",
                    "S2.E6"
                ],
                "S2.E4": [
                    "S2.E5",
                    "S2.E6"
                ],
                "S2.E5": [
                    "S2.E6",
                    "S2.E7",
                    "S2.E8",
                    "S2.E9",
                    "S2.E10"
                ],
                "S2.E6": [
                    "S2.E7",
                    "S2.E8",
                    "S2.E9",
                    "S2.E10"
                ],
                "S2.E7": [
                    "S2.E8",
                    "S2.E9",
                    "S2.E10"
                ],
                "S2.E8": [
                    "S2.E9",
                    "S2.E10"
                ],
                "S2.E9": [
                    "S2.E10"
                ],
                "S2.E10": []
            },
            "Accuracy": 0.03225806451612903,
            "Precision": 0.045454545454545456,
            "Recall": 0.1,
            "F1 Score": 0.06250000000000001
        },
        "Article ID: 0907.2870": {
            "Adjacency List": {
                "S0.E1": [],
                "S0.E2": [
                    "S0.E5"
                ],
                "S0.E3": [
                    "S0.E4",
                    "S0.E5"
                ],
                "S0.E4": [
                    "S0.E5",
                    "S0.E6",
                    "S0.E7",
                    "S0.E8"
                ],
                "S0.E5": [
                    "S0.E6",
                    "S0.E7",
                    "S0.E8",
                    "S0.E9"
                ],
                "S0.E6": [
                    "S0.E7",
                    "S0.E8",
                    "S0.E9"
                ],
                "S0.E7": [
                    "S0.E8",
                    "S0.E9"
                ],
                "S0.E8": [
                    "S0.E9"
                ],
                "S0.E9": []
            },
            "Accuracy": 0.08333333333333333,
            "Precision": 0.11764705882352941,
            "Recall": 0.2222222222222222,
            "F1 Score": 0.15384615384615383
        },
        "Article ID: 0907.2872": {
            "Adjacency List": {
                "S2.E1": [],
                "S2.E2": [
                    "S2.E1",
                    "S2.E5"
                ],
                "S2.E3": [
                    "S2.E1",
                    "S2.E2",
                    "S2.E5"
                ],
                "S2.E4": [
                    "S2.E1",
                    "S2.E2",
                    "S2.E3",
                    "S2.E5"
                ],
                "S2.E5": [
                    "S2.E1"
                ],
                "S2.E6": []
            },
            "Accuracy": 0.06666666666666667,
            "Precision": 0.1,
            "Recall": 0.16666666666666666,
            "F1 Score": 0.125
        },
        "Article ID: 0907.2959": {
            "Adjacency List": {
                "S2.E1": [],
                "S2.E2": [
                    "S2.E1",
                    "S3.E9"
                ],
                "S2.E3": [],
                "S3.E4": [
                    "S2.E2"
                ],
                "S3.E5": [
                    "S2.E2",
                    "S3.E4",
                    "S3.E9"
                ],
                "S3.E6": [
                    "S3.E9"
                ],
                "S3.E7": [
                    "S3.E8",
                    "S3.E9",
                    "S3.E10",
                    "S3.E11",
                    "S3.E13"
                ],
                "S3.E8": [
                    "S3.E9",
                    "S3.E10",
                    "S3.E11",
                    "S3.E13"
                ],
                "S3.E9": [
                    "S3.E10",
                    "S3.E11",
                    "S3.E12",
                    "S3.E13",
                    "S3.E14"
                ],
                "S3.E10": [
                    "S3.E11",
                    "S3.E12",
                    "S3.E13",
                    "S3.E14"
                ],
                "S3.E11": [
                    "S3.E12",
                    "S3.E13",
                    "S3.E14"
                ],
                "S3.E12": [
                    "S3.E13",
                    "S3.E14"
                ],