{
    "Correctness": {
        "Number of articles used": 10,
        "Overall Correctness": {
            "Overall Accuracy": 0.14240506329113925,
            "Overall Precision": 0.19230769230769232,
            "Overall Recall": 0.3543307086614173,
            "Overall F1 Score": 0.24930747922437674
        },
        "Aggregate Correctness Statistics": {
            "Accuracy": {
                "Mean": 0.13312212939331583,
                "Lowest": 0.0,
                "25th Quartile (Q1)": 0.07936507936507936,
                "Median": 0.1125,
                "75th Quartile (Q3)": 0.1972972972972973,
                "Highest": 0.2857142857142857
            },
            "Precision": {
                "Mean": 0.18357613439934412,
                "Lowest": 0.0,
                "25th Quartile (Q1)": 0.10403726708074534,
                "Median": 0.1715686274509804,
                "75th Quartile (Q3)": 0.2421875,
                "Highest": 0.46153846153846156
            },
            "Recall": {
                "Mean": 0.31975690975690974,
                "Lowest": 0.0,
                "25th Quartile (Q1)": 0.19886363636363635,
                "Median": 0.3,
                "75th Quartile (Q3)": 0.48214285714285715,
                "Highest": 0.5833333333333334
            },
            "F1 Score": {
                "Mean": 0.22529551890721308,
                "Lowest": 0.0,
                "25th Quartile (Q1)": 0.1469265367316342,
                "Median": 0.20202020202020204,
                "75th Quartile (Q3)": 0.32954545454545453,
                "Highest": 0.4444444444444445
            }
        }
    },
    "Results": {
        "Article ID: 0907.2648": {
            "Adjacency List": {
                "S0.E1": [
                    "S0.E2",
                    "S0.E3",
                    "S0.E4",
                    "S0.E5",
                    "S0.E7"
                ],
                "S0.E2": [
                    "S0.E3",
                    "S0.E4",
                    "S0.E5",
                    "S0.E6",
                    "S0.E7"
                ],
                "S0.E3": [
                    "S0.E4",
                    "S0.E5",
                    "S0.E6",
                    "S0.E7",
                    "S0.E8",
                    "S0.E9"
                ],
                "S0.E4": [
                    "S0.E5",
                    "S0.E6",
                    "S0.E7",
                    "S0.E8",
                    "S0.E9"
                ],
                "S0.E5": [
                    "S0.E6",
                    "S0.E7",
                    "S0.E8",
                    "S0.E9"
                ],
                "S0.E6": [
                    "S0.E7",
                    "S0.E8",
                    "S0.E9"
                ],
                "S0.E7": [
                    "S0.E8",
                    "S0.E9",
                    "S0.E10"
                ],
                "S0.E8": [
                    "S0.E9"
                ],
                "S0.E9": [],
                "S0.E10": []
            },
            "Accuracy": 0.1891891891891892,
            "Precision": 0.21875,
            "Recall": 0.5833333333333334,
            "F1 Score": 0.31818181818181823
        },
        "Article ID: 0907.2720": {
            "Adjacency List": {
                "S0.E1": [
                    "S0.E2"
                ],
                "S0.E2": [],
                "S0.E3": [
                    "S0.E4"
                ],
                "S0.E4": [
                    "S0.E5",
                    "S0.E6"
                ],
                "S0.E5": [
                    "S0.E6"
                ],
                "S0.E6": [
                    "S0.E7",
                    "S0.E8",
                    "S0.E9",
                    "S0.E10"
                ],
                "S0.E7": [
                    "S0.E8"
                ],
                "S0.E8": [
                    "S0.E9",
                    "S0.E10"
                ],
                "S0.E9": [
                    "S0.E10"
                ],
                "S0.E10": []
            },
            "Accuracy": 0.2857142857142857,
            "Precision": 0.46153846153846156,
            "Recall": 0.42857142857142855,
            "F1 Score": 0.4444444444444445
        },
        "Article ID: 0907.2870": {
            "Adjacency List": {
                "S2.E1": [],
                "S2.E2": [
                    "S2.E1",
                    "S3.E4",
                    "S3.E5",
                    "S4.E7"
                ],
                "S2.E3": [
                    "S3.E4",
                    "S3.E5"
                ],
                "S3.E4": [
                    "S3.E5",
                    "S4.E6",
                    "S4.E7",
                    "S4.E8",
                    "S4.E9",
                    "S4.E10"
                ],
                "S3.E5": [
                    "S4.E6",
                    "S4.E7",
                    "S4.E8",
                    "S4.E9",
                    "S4.E10"
                ],
                "S4.E6": [
                    "S4.E7",
                    "S4.E8"
                ],
                "S4.E7": [
                    "S4.E8",
                    "S4.E9",
                    "S4.E10"
                ],
                "S4.E8": [
                    "S4.E9"
                ],
                "S4.E9": [],
                "S4.E10": []
            },
            "Accuracy": 0.1,
            "Precision": 0.13043478260869565,
            "Recall": 0.3,
            "F1 Score": 0.18181818181818182
        },
        "Article ID: 0907.2872": {
            "Adjacency List": {
                "S2.E1": [
                    "S2.E2",
                    "S2.E3",
                    "S2.E4",
                    "S3.E5",
                    "S3.E6",
                    "S3.E7"
                ],
                "S2.E2": [
                    "S2.E3",
                    "S2.E4",
                    "S3.E5",
                    "S3.E6",
                    "S3.E7"
                ],
                "S2.E3": [
                    "S2.E4",
                    "S3.E5",
                    "S3.E6",
                    "S3.E7"
                ],
                "S2.E4": [
                    "S3.E5",
                    "S3.E6",
                    "S3.E7"
                ],
                "S3.E5": [
                    "S3.E6",
                    "S3.E7"
                ],
                "S3.E6": [
                    "S3.E7"
                ],
                "S3.E7": []
            },
            "Accuracy": 0.07407407407407407,
            "Precision": 0.09523809523809523,
            "Recall": 0.25,
            "F1 Score": 0.13793103448275862
        },
        "Article ID: 0907.2959": {
            "Adjacency List": {
                "S2.E1": [
                    "S2.E2",
                    "S2.E3",
                    "S2.E4"
                ],
                "S2.E2": [
                    "S2.E4"
                ],
                "S2.E3": [
                    "S2.E2",
                    "S2.E4",
                    "S2.E5"
                ],
                "S2.E4": [
                    "S2.E5"
                ],
                "S2.E5": [],
                "S2.E6": [],
                "S2.E7": [
                    "S2.E8",
                    "S3.E9"
                ],
                "S2.E8": [
                    "S3.E9"
                ],
                "S3.E9": [
                    "S3.E10"
                ],
                "S3.E10": []
            },
            "Accuracy": 0.09523809523809523,
            "Precision": 0.16666666666666666,
            "Recall": 0.18181818181818182,
            "F1 Score": 0.17391304347826086
        },
        "Article ID: 0907.2967": {
            "Adjacency List": {
                "S0.E1": [
                    "S0.E3"
                ],