{
    "Correctness": {
        "Number of articles used": 10,
        "Overall Correctness": {
            "Overall Accuracy": 0.07960199004975124,
            "Overall Precision": 0.1415929203539823,
            "Overall Recall": 0.15384615384615385,
            "Overall F1 Score": 0.14746543778801843
        },
        "Aggregate Correctness Statistics": {
            "Accuracy": {
                "Mean": 0.055208706022659516,
                "Lowest": 0.0,
                "25th Quartile (Q1)": 0.0,
                "Median": 0.0,
                "75th Quartile (Q3)": 0.0993217054263566,
                "Highest": 0.23076923076923078
            },
            "Precision": {
                "Mean": 0.14972027972027974,
                "Lowest": 0.0,
                "25th Quartile (Q1)": 0.0,
                "Median": 0.0,
                "75th Quartile (Q3)": 0.1652097902097902,
                "Highest": 1.0
            },
            "Recall": {
                "Mean": 0.11792286145227322,
                "Lowest": 0.0,
                "25th Quartile (Q1)": 0.0,
                "Median": 0.0,
                "75th Quartile (Q3)": 0.20641025641025643,
                "Highest": 0.5294117647058824
            },
            "F1 Score": {
                "Mean": 0.0953613955703739,
                "Lowest": 0.0,
                "25th Quartile (Q1)": 0.0,
                "Median": 0.0,
                "75th Quartile (Q3)": 0.1805668016194332,
                "Highest": 0.375
            }
        }
    },
    "Results": {
        "Article ID: 0907.2648": {
            "Adjacency List": {
                "S2.E1": [],
                "S2.E2": [
                    "S2.E3",
                    "S2.E4"
                ],
                "S2.E3": [
                    "S2.E4"
                ],
                "S2.E4": [],
                "S2.E5": [],
                "S2.E6": []
            },
            "Accuracy": 0.0,
            "Precision": 0.0,
            "Recall": 0.0,
            "F1 Score": 0
        },
        "Article ID: 0907.2720": {
            "Adjacency List": {
                "S0.E1": [],
                "S0.E2": [],
                "S0.E3": [],
                "S0.E4": [],
                "S0.E5": [],
                "S0.E6": []
            },
            "Accuracy": 0.0,
            "Precision": 0,
            "Recall": 0.0,
            "F1 Score": 0
        },
        "Article ID: 0907.2870": {
            "Adjacency List": {
                "S0.E1": [],
                "S0.E2": [],
                "S0.E3": [],
                "S0.E4": [],
                "S0.E5": [],
                "S0.E6": []
            },
            "Accuracy": 0.0,
            "Precision": 0,
            "Recall": 0.0,
            "F1 Score": 0
        },
        "Article ID: 0907.2872": {
            "Adjacency List": {
                "S0.E1": [
                    "S0.E2",
                    "S0.E3",
                    "S0.E4",
                    "S0.E5",
                    "S0.E6",
                    "S0.E7"
                ],
                "S0.E2": [
                    "S0.E3",
                    "S0.E5"
                ],
                "S0.E3": [
                    "S0.E4",
                    "S0.E5"
                ],
                "S0.E4": [],
                "S0.E5": [],
                "S0.E6": [],
                "S0.E7": []
            },
            "Accuracy": 0.13333333333333333,
            "Precision": 0.2,
            "Recall": 0.2857142857142857,
            "F1 Score": 0.23529411764705882
        },
        "Article ID: 0907.2959": {
            "Adjacency List": {
                "S0.E1": [
                    "S0.E4"
                ],
                "S0.E2": [
                    "S0.E3"
                ],
                "S0.E3": [],
                "S0.E4": [
                    "S0.E2",
                    "S0.E3"
                ],
                "S0.E5": [],
                "S0.E6": [],
                "S0.E7": [],
                "S0.E8": [],
                "S0.E9": []
            },
            "Accuracy": 0.0,
            "Precision": 0.0,
            "Recall": 0.0,
            "F1 Score": 0
        },
        "Article ID: 0907.2994": {
            "Adjacency List": {
                "S0.E1": [],
                "S0.E2": [],
                "S0.E3": [],
                "S0.E4": [],
                "S0.E5": [],
                "S0.E6": [],
                "S0.E7": [],
                "S0.E8": [],
                "S0.E9": [],
                "S0.E10": [],
                "S0.E11": [],
                "S0.E12": [],
                "S0.E13": [],
                "S0.E14": []
            },
            "Accuracy": 0.0,
            "Precision": 0,
            "Recall": 0.0,
            "F1 Score": 0
        },
        "Article ID: 0907.3017": {
            "Adjacency List": {
                "S1.E1": [],
                "S2.E2": [],
                "S2.E3": [],
                "S2.E4": [],
                "S2.E5": [],
                "S3.E6": [
                    "S3.E7"
                ],
                "S3.E7": [
                    "S3.E8"
                ],
                "S3.E8": [],
                "S3.E9": [],
                "S4.E10": [
                    "S4.E11"
                ],
                "S4.E11": [],
                "S4.E12": [],
                "S4.E13": []
            },
            "Accuracy": 0.23076923076923078,
            "Precision": 1.0,
            "Recall": 0.23076923076923078,
            "F1 Score": 0.375
        },
        "Article ID: 0907.3028": {
            "Adjacency List": {
                "S1.E1": [],
                "S1.E2": [],
                "S1.E3": [],
                "S2.E4": [
                    "S2.E5",
                    "S2.E6",
                    "S2.E7"
                ],
                "S2.E5": [
                    "S2.E6",
                    "S2.E7"
                ],
                "S2.E6": [],
                "S2.E7": [],
                "S2.E8": [],
                "S2.E9": [
                    "S2.E10",
                    "S3.E11",
                    "S3.E12"
                ],
                "S2.E10": [
                    "S3.E11",
                    "S3.E12"
                ],
                "S3.E11": [
                    "S3.E12"
                ],
                "S3.E12": [],
                "S3.E13": [],
                "S3.E14": [],
                "S3.E15": []
            },
            "Accuracy": 0.08333333333333333,
            "Precision": 0.18181818181818182,
            "Recall": 0.13333333333333333,
            "F1 Score": 0.15384615384615383
        },
        "Article ID: 0907.3040": {
            "Adjacency List": {
                "S3.E1": [],
                "S3.E2": [
                    "S3.E1"
                ],
                "S3.E3": [],
                "S3.E4": [
                    "S3.E1",
                    "S3.E2",
                    "S3.E3"
                ],
                "S3.E5": [],
                "S4.E6": [],
                "S4.E7": []
            },
            "Accuracy": 0.0,
            "Precision": 0.0,
            "Recall": 0.0,
            "F1 Score": 0
        },
        "Article ID: 0907.3145": {
            "Adjacency List": {
                "S2.E1": [
                    "S2.E2",
                    "S2.E3",
                    "S2.E4",
                    "S2.E5",
                    "S3.E13",
                    "S3.E14",
                    "S3.E15",
                    "S3.E16"
                ],
                "S2.E2": [
                    "S2.E3",
                    "S2.E4",
                    "S2.E5",
                    "S3.E13",
                    "S3.E14",
                    "S3.E15",
                    "S3.E16"
                ],