{
    "Correctness": {
        "Number of articles used": 10,
        "Overall Correctness": {
            "Overall Accuracy": 0.17374517374517376,
            "Overall Precision": 0.24064171122994651,
            "Overall Recall": 0.38461538461538464,
            "Overall F1 Score": 0.2960526315789474
        },
        "Aggregate Correctness Statistics": {
            "Accuracy": {
                "Mean": 0.2265458152958153,
                "Lowest": 0.03571428571428571,
                "25th Quartile (Q1)": 0.13852813852813853,
                "Median": 0.2,
                "75th Quartile (Q3)": 0.24305555555555555,
                "Highest": 0.5625
            },
            "Precision": {
                "Mean": 0.33473178994918124,
                "Lowest": 0.08333333333333333,
                "25th Quartile (Q1)": 0.20303030303030303,
                "Median": 0.3333333333333333,
                "75th Quartile (Q3)": 0.3560606060606061,
                "Highest": 0.75
            },
            "Recall": {
                "Mean": 0.4017775104152813,
                "Lowest": 0.058823529411764705,
                "25th Quartile (Q1)": 0.3333333333333333,
                "Median": 0.38181818181818183,
                "75th Quartile (Q3)": 0.5535714285714286,
                "Highest": 0.6923076923076923
            },
            "F1 Score": {
                "Mean": 0.3480759489035351,
                "Lowest": 0.06896551724137931,
                "25th Quartile (Q1)": 0.2421621621621622,
                "Median": 0.3333333333333333,
                "75th Quartile (Q3)": 0.39090909090909093,
                "Highest": 0.7199999999999999
            }
        }
    },
    "Results": {
        "Article ID: 0907.2648": {
            "Adjacency List": {
                "S0.E1": [
                    "S0.E2",
                    "S0.E3"
                ],
                "S0.E2": [
                    "S0.E3"
                ],
                "S0.E3": [
                    null
                ],
                "S0.E4": [
                    null
                ],
                "S0.E5": [
                    "S0.E6",
                    "S0.E7",
                    "S0.E8",
                    "S0.E9"
                ],
                "S0.E6": [
                    "S0.E7",
                    "S0.E8",
                    "S0.E9"
                ],
                "S0.E7": [
                    null
                ],
                "S0.E8": [
                    null
                ],
                "S0.E9": [
                    null
                ]
            },
            "Accuracy": 0.19047619047619047,
            "Precision": 0.26666666666666666,
            "Recall": 0.4,
            "F1 Score": 0.32
        },
        "Article ID: 0907.2720": {
            "Adjacency List": {
                "S0.E1": [
                    null
                ],
                "S0.E2": [
                    null
                ],
                "S0.E3": [
                    "S0.E10",
                    "S0.E11",
                    "S0.E12",
                    "S0.E13",
                    "S0.E14",
                    "S0.E15"
                ],
                "S0.E4": [
                    "S0.E5",
                    "S0.E6",
                    "S0.E7",
                    "S0.E8",
                    "S0.E9",
                    "S0.E10",
                    "S0.E11",
                    "S0.E12",
                    "S0.E13",
                    "S0.E14",
                    "S0.E15",
                    "S0.E16",
                    "S0.E17",
                    "S0.E18"
                ],
                "S0.E5": [
                    "S0.E7",
                    "S0.E8",
                    "S0.E9",
                    "S0.E10",
                    "S0.E11",
                    "S0.E12",
                    "S0.E13",
                    "S0.E14",
                    "S0.E15",
                    "S0.E16",
                    "S0.E17",
                    "S0.E18"
                ],
                "S0.E6": [
                    "S0.E9",
                    "S0.E10",
                    "S0.E11",
                    "S0.E12",
                    "S0.E13",
                    "S0.E14",
                    "S0.E15",
                    "S0.E16",
                    "S0.E17"
                ],
                "S0.E7": [
                    "S0.E8",
                    "S0.E9",
                    "S0.E10",
                    "S0.E11",
                    "S0.E12",
                    "S0.E13",
                    "S0.E14",
                    "S0.E15",
                    "S0.E16",
                    "S0.E17",
                    "S0.E18"
                ],
                "S0.E8": [
                    "S0.E9",
                    "S0.E10",
                    "S0.E11",
                    "S0.E12",
                    "S0.E13",
                    "S0.E14",
                    "S0.E15",
                    "S0.E16",
                    "S0.E17",
                    "S0.E18"
                ],
                "S0.E9": [
                    "S0.E10",
                    "S0.E11",
                    "S0.E12",
                    "S0.E13",
                    "S0.E14",
                    "S0.E15",
                    "S0.E16",
                    "S0.E17",
                    "S0.E18"
                ],
                "S0.E10": [
                    "S0.E11",
                    "S0.E12",
                    "S0.E13",
                    "S0.E14",
                    "S0.E15",
                    "S0.E16",
                    "S0.E17"
                ],
                "S0.E11": [
                    "S0.E12",
                    "S0.E13",
                    "S0.E14",
                    "S0.E15",
                    "S0.E16"
                ],
                "S0.E12": [
                    null
                ],
                "S0.E13": [
                    null
                ],
                "S0.E14": [
                    null
                ],
                "S0.E15": [
                    null
                ],
                "S0.E16": [
                    null
                ],
                "S0.E17": [
                    null
                ],
                "S0.E18": [
                    null
                ]
            },
            "Accuracy": 0.12121212121212122,
            "Precision": 0.13043478260869565,
            "Recall": 0.631578947368421,
            "F1 Score": 0.21621621621621623
        },
        "Article ID: 0907.2870": {
            "Adjacency List": {
                "S2.E1": [
                    null
                ],
                "S2.E2": [
                    null
                ],
                "S2.E3": [
                    null
                ],
                "S2.E4": [
                    null
                ],
                "S2.E5": [
                    null
                ],
                "S3.E6": [
                    null
                ],
                "S3.E7": [
                    null
                ],
                "S3.E8": [
                    null
                ],
                "S3.E9": [
                    null
                ],
                "S3.E10": [
                    null
                ],
                "S4.E11": [
                    null
                ]
            },
            "Accuracy": 0.2222222222222222,
            "Precision": 0.36363636363636365,
            "Recall": 0.36363636363636365,
            "F1 Score": 0.36363636363636365
        },
        "Article ID: 0907.2872": {
            "Adjacency List": {
                "S2.E1": [
                    null
                ],
                "S2.E2": [
                    null
                ],
                "S2.E3": [
                    null
                ],
                "S2.E4": [
                    null
                ],