{
    "Correctness": {
        "Number of articles used": 10,
        "Overall Correctness": {
            "Overall Accuracy": 0.8756868131868132,
            "Overall Precision": 0.32044198895027626,
            "Overall Recall": 0.5,
            "Overall F1 Score": 0.39057239057239057
        },
        "Aggregate Correctness Statistics": {
            "Accuracy": {
                "Mean": 0.8727224652524785,
                "Lowest": 0.7586206896551724,
                "25th Quartile (Q1)": 0.8295284431137724,
                "Median": 0.8861682749484396,
                "75th Quartile (Q3)": 0.9238636363636363,
                "Highest": 0.9363636363636364
            },
            "Precision": {
                "Mean": 0.43736735486735484,
                "Lowest": 0.125,
                "25th Quartile (Q1)": 0.28146853146853146,
                "Median": 0.45238095238095233,
                "75th Quartile (Q3)": 0.5803571428571429,
                "Highest": 0.75
            },
            "Recall": {
                "Mean": 0.5029115525969072,
                "Lowest": 0.125,
                "25th Quartile (Q1)": 0.42500000000000004,
                "Median": 0.5240274599542334,
                "75th Quartile (Q3)": 0.6363636363636364,
                "Highest": 0.75
            },
            "F1 Score": {
                "Mean": 0.45505423111574483,
                "Lowest": 0.125,
                "25th Quartile (Q1)": 0.3038379530916845,
                "Median": 0.4484848484848485,
                "75th Quartile (Q3)": 0.6137123745819397,
                "Highest": 0.75
            }
        }
    },
    "Results": {
        "Article ID: 0907.2648": {
            "Adjacency List": {
                "S0.E1": [
                    null
                ],
                "S0.E2": [
                    null
                ],
                "S0.E3": [
                    "S0.E11",
                    "S0.E13"
                ],
                "S0.E4": [
                    "S0.E5",
                    "S0.E6",
                    "S0.E9",
                    "S0.E10",
                    "S0.E11",
                    "S0.E12",
                    "S0.E13",
                    "S0.E14",
                    "S0.E15"
                ],
                "S0.E5": [
                    "S0.E10",
                    "S0.E11",
                    "S0.E12",
                    "S0.E13",
                    "S0.E14"
                ],
                "S0.E6": [
                    "S0.E11",
                    "S0.E12",
                    "S0.E13"
                ],
                "S0.E7": [
                    "S0.E9",
                    "S0.E10",
                    "S0.E11",
                    "S0.E12",
                    "S0.E13",
                    "S0.E14",
                    "S0.E15",
                    "S0.E16"
                ],
                "S0.E8": [
                    "S0.E9",
                    "S0.E10",
                    "S0.E11",
                    "S0.E12",
                    "S0.E13",
                    "S0.E14",
                    "S0.E15",
                    "S0.E16",
                    "S0.E17"
                ],
                "S0.E9": [
                    "S0.E10",
                    "S0.E11",
                    "S0.E12",
                    "S0.E13",
                    "S0.E14",
                    "S0.E15",
                    "S0.E16",
                    "S0.E17"
                ],
                "S0.E10": [
                    "S0.E11",
                    "S0.E12",
                    "S0.E13",
                    "S0.E14",
                    "S0.E15",
                    "S0.E16"
                ],
                "S0.E11": [
                    "S0.E12",
                    "S0.E13",
                    "S0.E14",
                    "S0.E15"
                ],
                "S0.E12": [
                    null
                ],
                "S0.E13": [
                    null
                ],
                "S0.E14": [
                    null
                ],
                "S0.E15": [
                    null
                ],
                "S0.E16": [
                    null
                ],
                "S0.E17": [
                    null
                ],
                "S0.E18": [
                    null
                ]
            },
            "Accuracy": 0.8143712574850299,
            "Precision": 0.15873015873015872,
            "Recall": 0.5263157894736842,
            "F1 Score": 0.24390243902439024
        },
        "Article ID: 0907.2720": {
            "Adjacency List": {
                "S2.E1": [
                    null
                ],
                "S2.E2": [
                    null
                ],
                "S2.E3": [
                    null
                ],
                "S2.E4": [
                    null
                ],
                "S2.E5": [
                    null
                ],
                "S2.E6": [
                    null
                ],
                "S2.E7": [
                    null
                ],
                "S2.E8": [
                    null
                ],
                "S2.E9": [
                    null
                ],
                "S3.E10": [
                    null
                ]
            },
            "Accuracy": 0.9363636363636364,
            "Precision": 0.7,
            "Recall": 0.6363636363636364,
            "F1 Score": 0.6666666666666666
        },
        "Article ID: 0907.2870": {
            "Adjacency List": {
                "S1.E1": [
                    null
                ],
                "S1.E2": [
                    null
                ],
                "S1.E3": [
                    null
                ],
                "S3.E4": [
                    null
                ]
            },
            "Accuracy": 0.9,
            "Precision": 0.75,
            "Recall": 0.75,
            "F1 Score": 0.75
        },
        "Article ID: 0907.2872": {
            "Adjacency List": {
                "S2.E1": [
                    null
                ],
                "S2.E2": [
                    null
                ],
                "S2.E3": [
                    null
                ],
                "S2.E4": [
                    "S2.E5",
                    "S2.E6",
                    "S2.E8"
                ],
                "S2.E5": [
                    "S2.E6"
                ],
                "S2.E6": [
                    null
                ],
                "S2.E7": [
                    null
                ],
                "S2.E8": [
                    null
                ],
                "S2.E9": [
                    null
                ],
                "S4.E10": [
                    null
                ],
                "S4.E11": [
                    null
                ],
                "S4.E12": [
                    null
                ]
            },
            "Accuracy": 0.9358974358974359,
            "Precision": 0.5714285714285714,
            "Recall": 0.6666666666666666,
            "F1 Score": 0.6153846153846153
        },
        "Article ID: 0907.2959": {
            "Adjacency List": {
                "S2.E1": [
                    null
                ],
                "S2.E2": [
                    null
                ],
                "S2.E3": [
                    null
                ],
                "S2.E4": [
                    null
                ],
                "S2.E5": [
                    null
                ],
                "S2.E6": [
                    null
                ],
                "S2.E7": [
                    null
                ],
                "S2.E8": [
                    null
                ],
                "S2.E9": [
                    null
                ],