{
    "Correctness": {
        "Number of articles used": 10,
        "Overall Correctness": {
            "Overall Accuracy": 0.08923884514435695,
            "Overall Precision": 0.11643835616438356,
            "Overall Recall": 0.2764227642276423,
            "Overall F1 Score": 0.163855421686747
        },
        "Aggregate Correctness Statistics": {
            "Accuracy": {
                "Mean": 0.0909918117188467,
                "Lowest": 0.0,
                "25th Quartile (Q1)": 0.04020408163265306,
                "Median": 0.08461538461538462,
                "75th Quartile (Q3)": 0.14740655987795576,
                "Highest": 0.21212121212121213
            },
            "Precision": {
                "Mean": 0.12206430756275957,
                "Lowest": 0.0,
                "25th Quartile (Q1)": 0.05442942942942943,
                "Median": 0.106203007518797,
                "75th Quartile (Q3)": 0.20980392156862746,
                "Highest": 0.28
            },
            "Recall": {
                "Mean": 0.2526143790849673,
                "Lowest": 0.0,
                "25th Quartile (Q1)": 0.13333333333333333,
                "Median": 0.26111111111111107,
                "75th Quartile (Q3)": 0.4,
                "Highest": 0.47058823529411764
            },
            "F1 Score": {
                "Mean": 0.15940414536520583,
                "Lowest": 0.0,
                "25th Quartile (Q1)": 0.0773001508295626,
                "Median": 0.15593561368209255,
                "75th Quartile (Q3)": 0.2564935064935065,
                "Highest": 0.35000000000000003
            }
        }
    },
    "Results": {
        "Article ID: 0907.2648": {
            "Adjacency List": {
                "S0.E1": [
                    "S0.E2",
                    "S0.E3"
                ],
                "S0.E2": [
                    "S0.E3",
                    "S0.E6"
                ],
                "S0.E3": [
                    "S0.E6"
                ],
                "S0.E4": [
                    "S0.E5",
                    "S0.E6"
                ],
                "S0.E5": [
                    "S0.E6",
                    "S0.E7",
                    "S0.E8",
                    "S0.E9"
                ],
                "S0.E6": [
                    "S0.E7",
                    "S0.E8",
                    "S0.E9"
                ],
                "S0.E7": [
                    "S0.E8",
                    "S0.E9"
                ],
                "S0.E8": [
                    "S0.E9"
                ],
                "S0.E9": []
            },
            "Accuracy": 0.17391304347826086,
            "Precision": 0.23529411764705882,
            "Recall": 0.4,
            "F1 Score": 0.29629629629629634
        },
        "Article ID: 0907.2720": {
            "Adjacency List": {
                "S2.E1": [],
                "S2.E2": [
                    "S2.E1"
                ],
                "S2.E3": [],
                "S2.E4": [],
                "S2.E5": []
            },
            "Accuracy": 0.0,
            "Precision": 0.0,
            "Recall": 0.0,
            "F1 Score": 0
        },
        "Article ID: 0907.2870": {
            "Adjacency List": {
                "S0.E1": [
                    "S0.E2",
                    "S0.E3",
                    "S0.E4"
                ],
                "S0.E2": [
                    "S0.E3",
                    "S0.E4"
                ],
                "S0.E3": [
                    "S0.E4",
                    "S0.E6"
                ],
                "S0.E4": [
                    "S0.E5",
                    "S0.E6",
                    "S0.E7",
                    "S0.E8",
                    "S0.E9"
                ],
                "S0.E5": [
                    "S0.E6",
                    "S0.E7",
                    "S0.E8"
                ],
                "S0.E6": [
                    "S0.E7",
                    "S0.E8"
                ],
                "S0.E7": [
                    "S0.E8"
                ],
                "S0.E8": [
                    "S0.E9"
                ],
                "S0.E9": []
            },
            "Accuracy": 0.07692307692307693,
            "Precision": 0.10526315789473684,
            "Recall": 0.2222222222222222,
            "F1 Score": 0.14285714285714285
        },
        "Article ID: 0907.2872": {
            "Adjacency List": {
                "S2.E1": [
                    "S2.E3",
                    "S2.E4",
                    "S2.E6"
                ],
                "S2.E2": [
                    "S2.E1",
                    "S2.E3",
                    "S2.E4",
                    "S2.E5",
                    "S2.E6",
                    "S2.E7",
                    "S2.E8"
                ],
                "S2.E3": [
                    "S2.E4",
                    "S2.E5",
                    "S2.E6",
                    "S2.E7",
                    "S2.E8"
                ],
                "S2.E4": [
                    "S2.E5",
                    "S2.E6",
                    "S2.E7",
                    "S2.E8",
                    "S2.E9"
                ],
                "S2.E5": [
                    "S2.E6",
                    "S2.E7",
                    "S2.E8"
                ],
                "S2.E6": [
                    "S2.E7",
                    "S2.E8",
                    "S2.E9"
                ],
                "S2.E7": [
                    "S2.E8",
                    "S2.E9"
                ],
                "S2.E8": [
                    "S2.E9"
                ],
                "S2.E9": [],
                "S4.E10": [],
                "S4.E11": [],
                "S4.E12": []
            },
            "Accuracy": 0.0,
            "Precision": 0.0,
            "Recall": 0.0,
            "F1 Score": 0
        },
        "Article ID: 0907.2959": {
            "Adjacency List": {
                "S2.E1": [
                    "S2.E2",
                    "S2.E3"
                ],
                "S2.E2": [
                    "S2.E3"
                ],
                "S2.E3": [],
                "S2.E4": [
                    "S4.E5"
                ],
                "S4.E5": [
                    "S4.E6",
                    "S4.E7"
                ],
                "S4.E6": [
                    "S4.E7",
                    "S5.E8"
                ],
                "S4.E7": [
                    "S5.E8"
                ],
                "S5.E8": [
                    "S5.E9",
                    "S5.E10"
                ],
                "S5.E9": [
                    "S5.E10"
                ],
                "S5.E10": []
            },
            "Accuracy": 0.15789473684210525,
            "Precision": 0.25,
            "Recall": 0.3,
            "F1 Score": 0.2727272727272727
        },
        "Article ID: 0907.2967": {
            "Adjacency List": {
                "S2.E1": [
                    "S2.E3",
                    "S2.E4",
                    "S2.E5",
                    "S3.E6"
                ],
                "S2.E2": [
                    "S2.E1",
                    "S3.E6",
                    "S3.E8",
                    "S3.E9"
                ],
                "S2.E3": [
                    "S2.E2",
                    "S2.E4",
                    "S2.E5",
                    "S3.E6",
                    "S3.E8",
                    "S3.E9"
                ],
                "S2.E4": [
                    "S2.E2",
                    "S2.E5",
                    "S3.E6",
                    "S3.E8",
                    "S3.E9"
                ],
                "S2.E5": [
                    "S2.E2",
                    "S3.E6",
                    "S3.E8",
                    "S3.E9"
                ],