{
    "Correctness": {
        "Number of articles used": 10,
        "Overall Correctness": {
            "Overall Accuracy": 0.22164948453608246,
            "Overall Precision": 0.36752136752136755,
            "Overall Recall": 0.35833333333333334,
            "Overall F1 Score": 0.3628691983122363
        },
        "Aggregate Correctness Statistics": {
            "Accuracy": {
                "Mean": 0.2546715613820877,
                "Lowest": 0.07407407407407407,
                "25th Quartile (Q1)": 0.17105263157894735,
                "Median": 0.25396825396825395,
                "75th Quartile (Q3)": 0.36019736842105265,
                "Highest": 0.42857142857142855
            },
            "Precision": {
                "Mean": 0.4032710345210345,
                "Lowest": 0.09523809523809523,
                "25th Quartile (Q1)": 0.28928571428571426,
                "Median": 0.37606837606837606,
                "75th Quartile (Q3)": 0.5863636363636363,
                "Highest": 0.6666666666666666
            },
            "Recall": {
                "Mean": 0.39884004884004887,
                "Lowest": 0.11538461538461539,
                "25th Quartile (Q1)": 0.2875,
                "Median": 0.4365079365079365,
                "75th Quartile (Q3)": 0.5,
                "Highest": 0.6
            },
            "F1 Score": {
                "Mean": 0.3906305461987621,
                "Lowest": 0.13793103448275862,
                "25th Quartile (Q1)": 0.29150197628458496,
                "Median": 0.40404040404040403,
                "75th Quartile (Q3)": 0.5290909090909091,
                "Highest": 0.6
            }
        }
    },
    "Results": {
        "Article ID: 0907.2648": {
            "Adjacency List": {
                "S0.E1": [
                    "S0.E2",
                    "S0.E3"
                ],
                "S0.E2": [
                    "S0.E3"
                ],
                "S0.E3": [
                    null
                ],
                "S0.E4": [
                    null
                ],
                "S0.E5": [
                    "S0.E6",
                    "S0.E7",
                    "S0.E9"
                ],
                "S0.E6": [
                    "S0.E7",
                    "S0.E9"
                ],
                "S0.E7": [
                    null
                ],
                "S0.E8": [
                    null
                ],
                "S0.E9": [
                    null
                ]
            },
            "Accuracy": 0.21052631578947367,
            "Precision": 0.3076923076923077,
            "Recall": 0.4,
            "F1 Score": 0.34782608695652173
        },
        "Article ID: 0907.2720": {
            "Adjacency List": {
                "S1.E1": [
                    null
                ],
                "S1.E2": [
                    null
                ],
                "S2.E3": [
                    null
                ],
                "S2.E4": [
                    null
                ],
                "S2.E5": [
                    null
                ],
                "S3.E6": [
                    null
                ],
                "S3.E7": [
                    null
                ],
                "S3.E8": [
                    null
                ],
                "S3.E9": [
                    null
                ],
                "S3.E10": [
                    null
                ]
            },
            "Accuracy": 0.375,
            "Precision": 0.6,
            "Recall": 0.5,
            "F1 Score": 0.5454545454545454
        },
        "Article ID: 0907.2870": {
            "Adjacency List": {
                "S2.E1": [
                    null
                ],
                "S2.E2": [
                    null
                ],
                "S2.E3": [
                    null
                ],
                "S2.E4": [
                    null
                ],
                "S2.E5": [
                    null
                ]
            },
            "Accuracy": 0.42857142857142855,
            "Precision": 0.6,
            "Recall": 0.6,
            "F1 Score": 0.6
        },
        "Article ID: 0907.2872": {
            "Adjacency List": {
                "S2.E1": [
                    "S2.E2",
                    "S2.E3",
                    "S2.E4",
                    "S3.E5",
                    "S3.E6",
                    "S3.E7"
                ],
                "S2.E2": [
                    "S2.E3",
                    "S2.E4",
                    "S3.E5",
                    "S3.E6",
                    "S3.E7"
                ],
                "S2.E3": [
                    "S3.E5",
                    "S3.E6",
                    "S3.E7"
                ],
                "S2.E4": [
                    "S3.E5",
                    "S3.E6",
                    "S3.E7"
                ],
                "S3.E5": [
                    "S3.E6",
                    "S3.E7"
                ],
                "S3.E6": [
                    "S3.E7"
                ],
                "S3.E7": [
                    null
                ]
            },
            "Accuracy": 0.07407407407407407,
            "Precision": 0.09523809523809523,
            "Recall": 0.25,
            "F1 Score": 0.13793103448275862
        },
        "Article ID: 0907.2959": {
            "Adjacency List": {
                "S2.E1": [
                    "S2.E2"
                ],
                "S2.E2": [
                    null
                ],
                "S2.E3": [
                    null
                ],
                "S2.E4": [
                    null
                ],
                "S2.E5": [
                    null
                ],
                "S2.E6": [
                    null
                ],
                "S2.E7": [
                    null
                ],
                "S2.E8": [
                    null
                ],
                "S3.E9": [
                    null
                ]
            },
            "Accuracy": 0.2857142857142857,
            "Precision": 0.4444444444444444,
            "Recall": 0.4444444444444444,
            "F1 Score": 0.4444444444444444
        },
        "Article ID: 0907.2994": {
            "Adjacency List": {
                "S3.E1": [
                    "S5.E2",
                    "S5.E3",
                    "S6.E4"
                ],
                "S5.E2": [
                    "S5.E3",
                    "S6.E4"
                ],
                "S5.E3": [
                    "S6.E4"
                ],
                "S6.E4": [
                    null
                ]
            },
            "Accuracy": 0.2222222222222222,
            "Precision": 0.2857142857142857,
            "Recall": 0.5,
            "F1 Score": 0.36363636363636365
        },
        "Article ID: 0907.3017": {
            "Adjacency List": {
                "S2.E1": [
                    "S2.E2"
                ],
                "S2.E2": [
                    "S4.E5"
                ],
                "S2.E3": [
                    null
                ],
                "S2.E4": [
                    null
                ],
                "S4.E5": [
                    null
                ],
                "S4.E6": [
                    null
                ],
                "S5.E7": [
                    null
                ],
                "S5.E8": [
                    null
                ],
                "S5.E9": [
                    null
                ],
                "S5.E10": [
                    null
                ],
                "S5.E11": [
                    null
                ],
                "S5.E12": [
                    "S5.E13",
                    "S5.E14"
                ],
                "S5.E13": [
                    "S5.E14"
                ],