{
    "Correctness": {
        "Number of articles used": 5,
        "Overall Correctness": {
            "Overall Accuracy": 0.07692307692307693,
            "Overall Precision": 0.1276595744680851,
            "Overall Recall": 0.16216216216216217,
            "Overall F1 Score": 0.14285714285714288
        },
        "Aggregate Correctness Statistics": {
            "Accuracy": {
                "Mean": 0.08846447669977082,
                "Lowest": 0.0,
                "25th Quartile (Q1)": 0.0,
                "Median": 0.11764705882352941,
                "75th Quartile (Q3)": 0.14285714285714285,
                "Highest": 0.18181818181818182
            },
            "Precision": {
                "Mean": 0.1388888888888889,
                "Lowest": 0.0,
                "25th Quartile (Q1)": 0.0,
                "Median": 0.2222222222222222,
                "75th Quartile (Q3)": 0.2222222222222222,
                "Highest": 0.25
            },
            "Recall": {
                "Mean": 0.17714285714285713,
                "Lowest": 0.0,
                "25th Quartile (Q1)": 0.0,
                "Median": 0.2,
                "75th Quartile (Q3)": 0.2857142857142857,
                "Highest": 0.4
            },
            "F1 Score": {
                "Mean": 0.1536437246963563,
                "Lowest": 0.0,
                "25th Quartile (Q1)": 0.0,
                "Median": 0.2105263157894737,
                "75th Quartile (Q3)": 0.25,
                "Highest": 0.3076923076923077
            }
        }
    },
    "Results": {
        "Article ID: 0907.2648": {
            "Adjacency List": {
                "S1.E1": [],
                "S2.E2": [
                    "S2.E5",
                    "S2.E6"
                ],
                "S2.E3": [
                    "S2.E2",
                    "S2.E5",
                    "S2.E6"
                ],
                "S2.E4": [
                    "S2.E5",
                    "S2.E6"
                ],
                "S2.E5": [
                    "S2.E6",
                    "S2.E7",
                    "S2.E8",
                    "S2.E9"
                ],
                "S2.E6": [
                    "S2.E7",
                    "S2.E8",
                    "S2.E9",
                    "S2.E10"
                ],
                "S2.E7": [
                    "S2.E8",
                    "S2.E9",
                    "S2.E10"
                ],
                "S2.E8": [
                    "S2.E9",
                    "S2.E10"
                ],
                "S2.E9": [],
                "S2.E10": [
                    "S2.E9"
                ]
            },
            "Accuracy": 0.0,
            "Precision": 0.0,
            "Recall": 0.0,
            "F1 Score": 0
        },
        "Article ID: 0907.2720": {
            "Adjacency List": {
                "S2.E1": [],
                "S2.E2": [
                    "S2.E1"
                ],
                "S2.E3": [
                    "S2.E1",
                    "S2.E2",
                    "S2.E5"
                ],
                "S2.E4": [
                    "S2.E1",
                    "S2.E2",
                    "S2.E3"
                ],
                "S2.E5": [
                    "S2.E4"
                ]
            },
            "Accuracy": 0.18181818181818182,
            "Precision": 0.25,
            "Recall": 0.4,
            "F1 Score": 0.3076923076923077
        },
        "Article ID: 0907.2870": {
            "Adjacency List": {
                "S1.E1": [],
                "S2.E2": [],
                "S2.E3": [],
                "S2.E4": [],
                "S2.E5": []
            },
            "Accuracy": 0.0,
            "Precision": 0,
            "Recall": 0.0,
            "F1 Score": 0
        },
        "Article ID: 0907.2872": {
            "Adjacency List": {
                "S2.E1": [
                    "S2.E3"
                ],
                "S2.E2": [
                    "S2.E1"
                ],
                "S2.E3": [
                    "S2.E2"
                ],
                "S2.E4": [],
                "S4.E5": [
                    "S4.E6",
                    "S4.E7"
                ],
                "S4.E6": [
                    "S4.E7"
                ],
                "S4.E7": [],
                "S5.E8": [
                    "S5.E9",
                    "S5.E10"
                ],
                "S5.E9": [
                    "S5.E10"
                ],
                "S5.E10": []
            },
            "Accuracy": 0.11764705882352941,
            "Precision": 0.2222222222222222,
            "Recall": 0.2,
            "F1 Score": 0.2105263157894737
        },
        "Article ID: 0907.2959": {
            "Adjacency List": {
                "S3.E1": [
                    "S3.E3"
                ],
                "S3.E2": [
                    "S3.E1",
                    "S4.E5"
                ],
                "S3.E3": [
                    "S3.E2",
                    "S4.E5"
                ],
                "S3.E4": [
                    "S3.E1",
                    "S3.E2",
                    "S3.E3",
                    "S4.E5"
                ],
                "S4.E5": [],
                "S4.E6": [],
                "S5.E7": []
            },
            "Accuracy": 0.14285714285714285,
            "Precision": 0.2222222222222222,
            "Recall": 0.2857142857142857,
            "F1 Score": 0.25
        }
    },