{
    "Correctness": {
        "Number of articles used": 10,
        "Overall Correctness": {
            "Overall Accuracy": 0.8939169139465876,
            "Overall Precision": 0.37719298245614036,
            "Overall Recall": 0.3739130434782609,
            "Overall F1 Score": 0.37554585152838427
        },
        "Aggregate Correctness Statistics": {
            "Accuracy": {
                "Mean": 0.8812373589446152,
                "Lowest": 0.8028169014084507,
                "25th Quartile (Q1)": 0.8595238095238095,
                "Median": 0.8859307359307359,
                "75th Quartile (Q3)": 0.8975354813962408,
                "Highest": 0.9380952380952381
            },
            "Precision": {
                "Mean": 0.39175740925740926,
                "Lowest": 0.125,
                "25th Quartile (Q1)": 0.28928571428571426,
                "Median": 0.39610389610389607,
                "75th Quartile (Q3)": 0.5371794871794872,
                "Highest": 0.6
            },
            "Recall": {
                "Mean": 0.38005411255411253,
                "Lowest": 0.125,
                "25th Quartile (Q1)": 0.27840909090909094,
                "Median": 0.41428571428571426,
                "75th Quartile (Q3)": 0.48214285714285715,
                "Highest": 0.6
            },
            "F1 Score": {
                "Mean": 0.383144208920071,
                "Lowest": 0.125,
                "25th Quartile (Q1)": 0.28787878787878785,
                "Median": 0.39610389610389607,
                "75th Quartile (Q3)": 0.513888888888889,
                "Highest": 0.6
            }
        }
    },
    "Results": {
        "Article ID: 0907.2648": {
            "Adjacency List": {
                "S0.E1": [
                    null
                ],
                "S0.E2": [
                    null
                ],
                "S0.E3": [
                    null
                ],
                "S0.E4": [
                    null
                ],
                "S0.E5": [
                    null
                ],
                "S0.E6": [
                    null
                ],
                "S0.E7": [
                    null
                ],
                "S0.E8": [
                    null
                ],
                "S0.E9": [
                    null
                ],
                "S0.E10": [
                    null
                ]
            },
            "Accuracy": 0.8909090909090909,
            "Precision": 0.6,
            "Recall": 0.42857142857142855,
            "F1 Score": 0.5
        },
        "Article ID: 0907.2720": {
            "Adjacency List": {
                "S2.E1": [
                    null
                ],
                "S2.E2": [
                    null
                ],
                "S2.E3": [
                    null
                ],
                "S2.E4": [
                    null
                ],
                "S2.E5": [
                    null
                ]
            },
            "Accuracy": 0.8666666666666667,
            "Precision": 0.6,
            "Recall": 0.6,
            "F1 Score": 0.6
        },
        "Article ID: 0907.2870": {
            "Adjacency List": {
                "S0.E1": [
                    null
                ],
                "S0.E2": [
                    null
                ],
                "S0.E3": [
                    null
                ],
                "S0.E4": [
                    null
                ],
                "S0.E5": [
                    null
                ],
                "S0.E6": [
                    null
                ],
                "S0.E7": [
                    null
                ],
                "S0.E8": [
                    null
                ],
                "S0.E9": [
                    null
                ],
                "S0.E10": [
                    null
                ],
                "S0.E11": [
                    null
                ],
                "S0.E12": [
                    null
                ],
                "S0.E13": [
                    null
                ]
            },
            "Accuracy": 0.9285714285714286,
            "Precision": 0.5384615384615384,
            "Recall": 0.5,
            "F1 Score": 0.5185185185185186
        },
        "Article ID: 0907.2872": {
            "Adjacency List": {
                "S2.E1": [
                    null
                ],
                "S2.E2": [
                    null
                ],
                "S2.E3": [
                    null
                ],
                "S2.E4": [
                    null
                ],
                "S2.E5": [
                    null
                ],
                "S2.E6": [
                    null
                ],
                "S2.E7": [
                    null
                ],
                "S2.E8": [
                    null
                ],
                "S2.E9": [
                    null
                ],
                "S2.E10": [
                    null
                ],
                "S2.E11": [
                    null
                ],
                "S2.E12": [
                    null
                ],
                "S3.E13": [
                    null
                ],
                "S3.E14": [
                    null
                ]
            },
            "Accuracy": 0.8809523809523809,
            "Precision": 0.14285714285714285,
            "Recall": 0.13333333333333333,
            "F1 Score": 0.1379310344827586
        },
        "Article ID: 0907.2959": {
            "Adjacency List": {
                "S2.E1": [
                    "S2.E2"
                ],
                "S2.E2": [
                    null
                ],
                "S2.E3": [
                    null
                ],
                "S3.E4": [
                    null
                ],
                "S3.E5": [
                    null
                ],
                "S3.E6": [
                    null
                ],
                "S3.E7": [
                    null
                ]
            },
            "Accuracy": 0.8571428571428571,
            "Precision": 0.42857142857142855,
            "Recall": 0.42857142857142855,
            "F1 Score": 0.42857142857142855
        },
        "Article ID: 0907.2994": {
            "Adjacency List": {
                "S4.E1": [
                    null
                ],
                "S4.E2": [
                    "S4.E3",
                    "S5.E4"
                ],
                "S4.E3": [
                    "S5.E4"
                ],
                "S5.E4": [
                    null
                ],
                "S5.E5": [
                    null
                ],
                "S5.E6": [
                    null
                ],
                "S5.E7": [
                    null
                ],
                "S6.E8": [
                    null
                ],
                "S6.E9": [
                    null
                ],
                "S6.E10": [
                    null
                ],
                "S6.E11": [
                    null
                ],
                "S6.E12": [
                    null
                ],
                "S6.E13": [
                    null
                ],
                "S6.E14": [
                    null
                ]
            },
            "Accuracy": 0.9380952380952381,
            "Precision": 0.5333333333333333,
            "Recall": 0.5714285714285714,
            "F1 Score": 0.5517241379310344
        },
        "Article ID: 0907.3017": {
            "Adjacency List": {
                "S1.E1": [
                    null
                ],
                "S1.E2": [
                    null
                ],
                "S1.E3": [
                    null
                ],