{
    "Correctness": {
        "Number of articles used": 10,
        "Overall Correctness": {
            "Overall Accuracy": 0.12429378531073447,
            "Overall Precision": 0.16176470588235295,
            "Overall Recall": 0.3492063492063492,
            "Overall F1 Score": 0.22110552763819097
        },
        "Aggregate Correctness Statistics": {
            "Accuracy": {
                "Mean": 0.14765741074323008,
                "Lowest": 0.044444444444444446,
                "25th Quartile (Q1)": 0.0974702380952381,
                "Median": 0.14416475972540044,
                "75th Quartile (Q3)": 0.18516129032258064,
                "Highest": 0.3333333333333333
            },
            "Precision": {
                "Mean": 0.19587229180460886,
                "Lowest": 0.05555555555555555,
                "25th Quartile (Q1)": 0.13465298142717497,
                "Median": 0.1834733893557423,
                "75th Quartile (Q3)": 0.2406191369606004,
                "Highest": 0.4444444444444444
            },
            "Recall": {
                "Mean": 0.3686134453781512,
                "Lowest": 0.17647058823529413,
                "25th Quartile (Q1)": 0.25416666666666665,
                "Median": 0.303030303030303,
                "75th Quartile (Q3)": 0.5340909090909091,
                "Highest": 0.5882352941176471
            },
            "F1 Score": {
                "Mean": 0.24899591547332448,
                "Lowest": 0.0851063829787234,
                "25th Quartile (Q1)": 0.17760459392945038,
                "Median": 0.2517482517482518,
                "75th Quartile (Q3)": 0.31220876048462254,
                "Highest": 0.5
            }
        }
    },
    "Results": {
        "Article ID: 0907.2648": {
            "Adjacency List": {
                "S0.E1": [
                    "S0.E2",
                    "S0.E3",
                    "S0.E4",
                    "S0.E5",
                    "S0.E7"
                ],
                "S0.E2": [
                    "S0.E3",
                    "S0.E4",
                    "S0.E5",
                    "S0.E7"
                ],
                "S0.E3": [
                    "S0.E4",
                    "S0.E5",
                    "S0.E6",
                    "S0.E7",
                    "S0.E8"
                ],
                "S0.E4": [
                    "S0.E5",
                    "S0.E6",
                    "S0.E7",
                    "S0.E8"
                ],
                "S0.E5": [
                    "S0.E6",
                    "S0.E7",
                    "S0.E8"
                ],
                "S0.E6": [
                    "S0.E7",
                    "S0.E8"
                ],
                "S0.E7": [
                    "S0.E8",
                    "S0.E9",
                    "S0.E10",
                    "S0.E11",
                    "S0.E12"
                ],
                "S0.E8": [
                    "S0.E9",
                    "S0.E10",
                    "S0.E11",
                    "S0.E12"
                ],
                "S0.E9": [
                    "S0.E10",
                    "S0.E11",
                    "S0.E12"
                ],
                "S0.E10": [
                    "S0.E11",
                    "S0.E12",
                    "S0.E13",
                    "S0.E14"
                ],
                "S0.E11": [
                    "S0.E12",
                    "S0.E13",
                    "S0.E14"
                ],
                "S0.E12": [
                    "S0.E13",
                    "S0.E14",
                    "S0.E15",
                    "S0.E16"
                ],
                "S0.E13": [
                    "S0.E14"
                ],
                "S0.E14": [],
                "S0.E15": [],
                "S0.E16": [],
                "S0.E17": []
            },
            "Accuracy": 0.04918032786885246,
            "Precision": 0.06382978723404255,
            "Recall": 0.17647058823529413,
            "F1 Score": 0.09374999999999999
        },
        "Article ID: 0907.2720": {
            "Adjacency List": {
                "S2.E1": [
                    "S2.E3",
                    "S2.E4",
                    "S2.E5",
                    "S2.E7",
                    "S2.E8",
                    "S2.E9"
                ],
                "S2.E2": [
                    "S2.E1",
                    "S2.E4",
                    "S2.E5",
                    "S2.E6",
                    "S2.E7",
                    "S2.E8",
                    "S2.E9"
                ],
                "S2.E3": [
                    "S2.E2",
                    "S2.E4",
                    "S2.E5",
                    "S2.E6",
                    "S2.E7",
                    "S2.E8",
                    "S2.E9"
                ],
                "S2.E4": [
                    "S2.E5",
                    "S2.E6",
                    "S2.E7",
                    "S2.E8",
                    "S2.E9",
                    "S2.E10"
                ],
                "S2.E5": [
                    "S2.E6",
                    "S2.E7",
                    "S2.E8",
                    "S2.E9",
                    "S2.E10"
                ],
                "S2.E6": [
                    "S2.E7",
                    "S2.E8",
                    "S2.E9",
                    "S2.E10"
                ],
                "S2.E7": [
                    "S2.E8",
                    "S2.E9",
                    "S2.E10"
                ],
                "S2.E8": [
                    "S2.E9",
                    "S2.E10"
                ],
                "S2.E9": [
                    "S2.E10"
                ],
                "S2.E10": []
            },
            "Accuracy": 0.20833333333333334,
            "Precision": 0.24390243902439024,
            "Recall": 0.5882352941176471,
            "F1 Score": 0.3448275862068965
        },
        "Article ID: 0907.2870": {
            "Adjacency List": {
                "S2.E1": [
                    "S2.E4",
                    "S2.E5"
                ],
                "S2.E2": [
                    "S2.E1",
                    "S2.E4",
                    "S2.E5",
                    "S3.E9"
                ],
                "S2.E3": [
                    "S2.E1",
                    "S2.E2",
                    "S3.E6",
                    "S3.E8",
                    "S3.E9"
                ],
                "S2.E4": [
                    "S2.E3",
                    "S2.E5",
                    "S3.E6",
                    "S3.E8",
                    "S3.E9"
                ],
                "S2.E5": [
                    "S2.E3",
                    "S3.E6",
                    "S3.E8",
                    "S3.E9"
                ],
                "S3.E6": [
                    "S3.E8",
                    "S3.E9"
                ],
                "S3.E7": [
                    "S2.E1",
                    "S2.E2",
                    "S2.E3",
                    "S2.E4",
                    "S2.E5",
                    "S3.E6"
                ],
                "S3.E8": [
                    "S3.E7",
                    "S3.E9"
                ],
                "S3.E9": [
                    "S3.E7",
                    "S4.E11"
                ],
                "S3.E10": [
                    "S3.E7",
                    "S3.E8",
                    "S3.E9"
                ],
                "S4.E11": [
                    "S3.E7"
                ]
            },
            "Accuracy": 0.044444444444444446,
            "Precision": 0.05555555555555555,
            "Recall": 0.18181818181818182,
            "F1 Score": 0.0851063829787234
        },
        "Article ID: 0907.2872": {
            "Adjacency List": {
                "S2.E1": [],
                "S2.E2": [
                    "S2.E1"
                ],