{
    "Correctness": {
        "Number of articles used": 15,
        "Overall Correctness": {
            "Overall Accuracy": 0.06575342465753424,
            "Overall Precision": 0.12972972972972974,
            "Overall Recall": 0.11764705882352941,
            "Overall F1 Score": 0.12339331619537275
        },
        "Aggregate Correctness Statistics": {
            "Accuracy": {
                "Mean": 0.038220779220779225,
                "Lowest": 0.0,
                "25th Quartile (Q1)": 0.0,
                "Median": 0.0,
                "75th Quartile (Q3)": 0.07272727272727272,
                "Highest": 0.16
            },
            "Precision": {
                "Mean": 0.06400946585530763,
                "Lowest": 0.0,
                "25th Quartile (Q1)": 0.0,
                "Median": 0.0,
                "75th Quartile (Q3)": 0.1050709939148073,
                "Highest": 0.2857142857142857
            },
            "Recall": {
                "Mean": 0.08759650618447226,
                "Lowest": 0.0,
                "25th Quartile (Q1)": 0.0,
                "Median": 0.0,
                "75th Quartile (Q3)": 0.13777089783281732,
                "Highest": 0.5217391304347826
            },
            "F1 Score": {
                "Mean": 0.06779059964967012,
                "Lowest": 0.0,
                "25th Quartile (Q1)": 0.0,
                "Median": 0.0,
                "75th Quartile (Q3)": 0.13438735177865613,
                "Highest": 0.2758620689655172
            }
        }
    },
    "Results": {
        "Article ID: 0907.2648": {
            "Adjacency List": {
                "S1.E1": [],
                "S1.E2": [],
                "S2.E3": [],
                "S2.E4": [],
                "S2.E5": [],
                "S3.E6": [],
                "S3.E7": [],
                "S3.E8": [],
                "S3.E9": [],
                "S3.E10": []
            },
            "Accuracy": 0.0,
            "Precision": 0,
            "Recall": 0.0,
            "F1 Score": 0
        },
        "Article ID: 0907.2720": {
            "Adjacency List": {
                "S0.E1": [
                    "S0.E3",
                    "S0.E4"
                ],
                "S0.E2": [
                    "S0.E3",
                    "S0.E4",
                    "S0.E5",
                    "S0.E7"
                ],
                "S0.E3": [
                    "S0.E4",
                    "S0.E5",
                    "S0.E7"
                ],
                "S0.E4": [
                    "S0.E5",
                    "S0.E7"
                ],
                "S0.E5": [],
                "S0.E6": [],
                "S0.E7": [
                    "S0.E9"
                ],
                "S0.E8": [],
                "S0.E9": [],
                "S0.E10": []
            },
            "Accuracy": 0.14285714285714285,
            "Precision": 0.25,
            "Recall": 0.25,
            "F1 Score": 0.25
        },
        "Article ID: 0907.2870": {
            "Adjacency List": {
                "S1.E1": [],
                "S2.E2": [],
                "S2.E3": [],
                "S2.E4": [],
                "S2.E5": [],
                "S2.E6": [],
                "S2.E7": [],
                "S2.E8": [],
                "S2.E9": [],
                "S2.E10": []
            },
            "Accuracy": 0.0,
            "Precision": 0,
            "Recall": 0.0,
            "F1 Score": 0
        },
        "Article ID: 0907.2872": {
            "Adjacency List": {
                "S2.E1": [],
                "S2.E2": [],
                "S2.E3": [
                    "S3.E4",
                    "S3.E5"
                ],
                "S3.E4": [
                    "S3.E5"
                ],
                "S3.E5": [],
                "S3.E6": [],
                "S3.E7": [
                    "S3.E8",
                    "S3.E9",
                    "S3.E11",
                    "S3.E13"
                ],
                "S3.E8": [],
                "S3.E9": [],
                "S3.E10": [
                    "S3.E11",
                    "S3.E13"
                ],
                "S3.E11": [
                    "S3.E12",
                    "S3.E13",
                    "S3.E14"
                ],
                "S3.E12": [
                    "S3.E13"
                ],
                "S3.E13": [
                    "S3.E14"
                ],
                "S3.E14": []
            },
            "Accuracy": 0.16,
            "Precision": 0.2857142857142857,
            "Recall": 0.26666666666666666,
            "F1 Score": 0.2758620689655172
        },
        "Article ID: 0907.2959": {
            "Adjacency List": {
                "S3.E1": [],
                "S3.E2": [],
                "S3.E3": [
                    "S3.E7",
                    "S3.E8",
                    "S3.E9"
                ],
                "S3.E4": [
                    "S3.E7",
                    "S3.E8",
                    "S3.E9",
                    "S3.E10"
                ],
                "S3.E5": [
                    "S3.E7",
                    "S3.E8",
                    "S3.E9",
                    "S3.E10"
                ],
                "S3.E6": [
                    "S3.E7",
                    "S3.E8",
                    "S3.E9",
                    "S3.E10",
                    "S3.E11",
                    "S3.E12"
                ],
                "S3.E7": [
                    "S3.E8",
                    "S3.E9",
                    "S3.E10",
                    "S3.E11",
                    "S3.E12",
                    "S3.E13"
                ],
                "S3.E8": [
                    "S3.E9"
                ],
                "S3.E9": [],
                "S3.E10": [
                    "S3.E11"
                ],
                "S3.E11": [
                    "S3.E12"
                ],
                "S3.E12": [],
                "S3.E13": [],
                "S3.E14": [],
                "S3.E15": [
                    "S3.E16"
                ],
                "S3.E16": [],
                "S3.E17": [],
                "S3.E18": [],
                "S3.E19": []
            },
            "Accuracy": 0.0,
            "Precision": 0.0,
            "Recall": 0.0,
            "F1 Score": 0
        },
        "Article ID: 0907.2994": {
            "Adjacency List": {
                "S2.E1": [],
                "S2.E2": [],
                "S2.E3": [],
                "S2.E4": [],
                "S2.E5": [],
                "S3.E6": [
                    "S3.E7"
                ],
                "S3.E7": [],
                "S3.E8": []
            },
            "Accuracy": 0.0,
            "Precision": 0.0,
            "Recall": 0.0,
            "F1 Score": 0
        },
        "Article ID: 0907.3017": {
            "Adjacency List": {
                "S2.E1": [],
                "S2.E2": [],
                "S2.E3": [],
                "S2.E4": [],
                "S2.E5": [],
                "S2.E6": [],
                "S2.E7": [],
                "S2.E8": [],
                "S3.E9": [],
                "S3.E10": []
            },
            "Accuracy": 0.0,
            "Precision": 0,
            "Recall": 0.0,
            "F1 Score": 0
        },
        "Article ID: 0907.3028": {
            "Adjacency List": {
                "S2.E1": [
                    "S2.E3",
                    "S2.E4",
                    "S2.E5",
                    "S2.E6",
                    "S2.E7"
                ],
                "S2.E2": [
                    "S2.E3",
                    "S2.E4",
                    "S2.E5",
                    "S2.E6",
                    "S2.E7"
                ],
                "S2.E3": [
                    "S2.E4",
                    "S2.E5",
                    "S2.E6",
                    "S2.E7"
                ],
                "S2.E4": [],