{
    "Correctness": {
        "Number of articles used": 10,
        "Overall Correctness": {
            "Overall Accuracy": 0.8841033672670321,
            "Overall Precision": 0.38095238095238093,
            "Overall Recall": 0.4067796610169492,
            "Overall F1 Score": 0.39344262295081966
        },
        "Aggregate Correctness Statistics": {
            "Accuracy": {
                "Mean": 0.8767903142055685,
                "Lowest": 0.8363636363636363,
                "25th Quartile (Q1)": 0.8551948051948052,
                "Median": 0.8718220338983051,
                "75th Quartile (Q3)": 0.8845529470529471,
                "Highest": 0.9743589743589743
            },
            "Precision": {
                "Mean": 0.42099178599178594,
                "Lowest": 0.23076923076923078,
                "25th Quartile (Q1)": 0.28928571428571426,
                "Median": 0.37222222222222223,
                "75th Quartile (Q3)": 0.452020202020202,
                "Highest": 0.8333333333333334
            },
            "Recall": {
                "Mean": 0.4242063492063492,
                "Lowest": 0.2,
                "25th Quartile (Q1)": 0.25416666666666665,
                "Median": 0.4722222222222222,
                "75th Quartile (Q3)": 0.5,
                "Highest": 0.8333333333333334
            },
            "F1 Score": {
                "Mean": 0.4149285648584341,
                "Lowest": 0.21428571428571427,
                "25th Quartile (Q1)": 0.2735109717868338,
                "Median": 0.39243498817966904,
                "75th Quartile (Q3)": 0.47478991596638653,
                "Highest": 0.8333333333333334
            }
        }
    },
    "Results": {
        "Article ID: 0907.2648": {
            "Adjacency List": {
                "S0.E1": [
                    "S0.E2",
                    "S0.E3"
                ],
                "S0.E2": [
                    "S0.E3"
                ],
                "S0.E3": [
                    null
                ],
                "S0.E4": [
                    null
                ],
                "S0.E5": [
                    "S0.E6",
                    "S0.E9"
                ],
                "S0.E6": [
                    null
                ],
                "S0.E7": [
                    null
                ],
                "S0.E8": [
                    null
                ],
                "S0.E9": [
                    null
                ]
            },
            "Accuracy": 0.875,
            "Precision": 0.45454545454545453,
            "Recall": 0.5,
            "F1 Score": 0.47619047619047616
        },
        "Article ID: 0907.2720": {
            "Adjacency List": {
                "S0.E1": [
                    null
                ],
                "S0.E2": [
                    null
                ],
                "S0.E3": [
                    null
                ],
                "S0.E4": [
                    null
                ],
                "S0.E5": [
                    null
                ],
                "S0.E6": [
                    null
                ],
                "S0.E7": [
                    null
                ],
                "S0.E8": [
                    null
                ],
                "S0.E9": [
                    null
                ],
                "S0.E10": [
                    null
                ]
            },
            "Accuracy": 0.8363636363636363,
            "Precision": 0.3,
            "Recall": 0.21428571428571427,
            "F1 Score": 0.25
        },
        "Article ID: 0907.2870": {
            "Adjacency List": {
                "S0.E1": [
                    null
                ],
                "S0.E2": [
                    "S0.E3"
                ],
                "S0.E3": [
                    null
                ],
                "S0.E4": [
                    null
                ],
                "S0.E5": [
                    null
                ],
                "S0.E6": [
                    null
                ],
                "S0.E7": [
                    "S0.E9"
                ],
                "S0.E8": [
                    "S0.E9"
                ],
                "S0.E9": [
                    null
                ]
            },
            "Accuracy": 0.8863636363636364,
            "Precision": 0.4444444444444444,
            "Recall": 0.4444444444444444,
            "F1 Score": 0.4444444444444444
        },
        "Article ID: 0907.2872": {
            "Adjacency List": {
                "S0.E1": [
                    null
                ],
                "S0.E2": [
                    null
                ],
                "S0.E3": [
                    null
                ],
                "S0.E4": [
                    null
                ],
                "S0.E5": [
                    null
                ],
                "S0.E6": [
                    null
                ]
            },
            "Accuracy": 0.8571428571428571,
            "Precision": 0.6666666666666666,
            "Recall": 0.5,
            "F1 Score": 0.5714285714285715
        },
        "Article ID: 0907.2959": {
            "Adjacency List": {
                "S0.E1": [
                    null
                ],
                "S0.E2": [
                    null
                ],
                "S0.E3": [
                    null
                ],
                "S0.E4": [
                    null
                ],
                "S0.E5": [
                    null
                ],
                "S0.E6": [
                    null
                ],
                "S0.E7": [
                    null
                ],
                "S0.E8": [
                    null
                ],
                "S0.E9": [
                    null
                ],
                "S0.E10": [
                    null
                ],
                "S0.E11": [
                    null
                ],
                "S0.E12": [
                    null
                ],
                "S0.E13": [
                    null
                ],
                "S0.E14": [
                    null
                ]
            },
            "Accuracy": 0.9,
            "Precision": 0.2857142857142857,
            "Recall": 0.26666666666666666,
            "F1 Score": 0.2758620689655172
        },
        "Article ID: 0907.2994": {
            "Adjacency List": {
                "S2.E1": [
                    null
                ],
                "S2.E2": [
                    null
                ],
                "S2.E3": [
                    null
                ],
                "S2.E4": [
                    null
                ],
                "S2.E5": [
                    null
                ],
                "S2.E6": [
                    null
                ],
                "S2.E7": [
                    null
                ],
                "S2.E8": [
                    null
                ],
                "S2.E9": [
                    null
                ],
                "S2.E10": [
                    null
                ]
            },
            "Accuracy": 0.8545454545454545,
            "Precision": 0.3,
            "Recall": 0.25,
            "F1 Score": 0.2727272727272727
        },
        "Article ID: 0907.3017": {
            "Adjacency List": {
                "S2.E1": [
                    null
                ],
                "S2.E2": [
                    null
                ],
                "S2.E3": [
                    null
                ],
                "S2.E4": [
                    null
                ],
                "S2.E5": [
                    null
                ],
                "S2.E6": [
                    null
                ],
                "S2.E7": [
                    null
                ],