{
    "Correctness": {
        "Number of articles used": 10,
        "Overall Correctness": {
            "Overall Accuracy": 0.8783199505867819,
            "Overall Precision": 0.3107344632768362,
            "Overall Recall": 0.4230769230769231,
            "Overall F1 Score": 0.3583061889250814
        },
        "Aggregate Correctness Statistics": {
            "Accuracy": {
                "Mean": 0.8599558421303823,
                "Lowest": 0.5192307692307693,
                "25th Quartile (Q1)": 0.8440018315018315,
                "Median": 0.9057692307692308,
                "75th Quartile (Q3)": 0.9231087470449173,
                "Highest": 0.9666666666666667
            },
            "Precision": {
                "Mean": 0.3803783542402468,
                "Lowest": 0.08333333333333333,
                "25th Quartile (Q1)": 0.15357142857142858,
                "Median": 0.4083333333333333,
                "75th Quartile (Q3)": 0.4616368286445013,
                "Highest": 0.8888888888888888
            },
            "Recall": {
                "Mean": 0.44546051987228463,
                "Lowest": 0.058823529411764705,
                "25th Quartile (Q1)": 0.2757352941176471,
                "Median": 0.39230769230769236,
                "75th Quartile (Q3)": 0.6499999999999999,
                "Highest": 0.8
            },
            "F1 Score": {
                "Mean": 0.3986159224535198,
                "Lowest": 0.06896551724137931,
                "25th Quartile (Q1)": 0.19873271889400917,
                "Median": 0.4,
                "75th Quartile (Q3)": 0.5601503759398496,
                "Highest": 0.8421052631578948
            }
        }
    },
    "Results": {
        "Article ID: 0907.2648": {
            "Adjacency List": {
                "S2.E1": [
                    null
                ],
                "S2.E2": [
                    null
                ],
                "S2.E3": [
                    null
                ],
                "S2.E4": [
                    null
                ],
                "S2.E5": [
                    null
                ],
                "S3.E6": [
                    null
                ],
                "S3.E7": [
                    null
                ],
                "S3.E8": [
                    null
                ],
                "S3.E9": [
                    null
                ],
                "S3.E10": [
                    null
                ],
                "S3.E11": [
                    null
                ],
                "S3.E12": [
                    null
                ],
                "S3.E13": [
                    null
                ],
                "S4.E14": [
                    null
                ]
            },
            "Accuracy": 0.8952380952380953,
            "Precision": 0.21428571428571427,
            "Recall": 0.21428571428571427,
            "F1 Score": 0.21428571428571427
        },
        "Article ID: 0907.2720": {
            "Adjacency List": {
                "S2.E1": [
                    null
                ],
                "S2.E2": [
                    null
                ],
                "S2.E3": [
                    null
                ],
                "S2.E4": [
                    null
                ],
                "S2.E5": [
                    null
                ],
                "S2.E6": [
                    null
                ],
                "S2.E7": [
                    null
                ],
                "S2.E8": [
                    null
                ],
                "S2.E9": [
                    null
                ],
                "S2.E10": [
                    null
                ],
                "S2.E11": [
                    null
                ],
                "S2.E12": [
                    null
                ]
            },
            "Accuracy": 0.8269230769230769,
            "Precision": 0.08333333333333333,
            "Recall": 0.058823529411764705,
            "F1 Score": 0.06896551724137931
        },
        "Article ID: 0907.2870": {
            "Adjacency List": {
                "S0.E1": [
                    null
                ],
                "S0.E2": [
                    null
                ],
                "S0.E3": [
                    null
                ],
                "S0.E4": [
                    null
                ],
                "S0.E5": [
                    null
                ],
                "S0.E6": [
                    null
                ],
                "S0.E7": [
                    null
                ],
                "S0.E8": [
                    null
                ],
                "S0.E9": [
                    null
                ]
            },
            "Accuracy": 0.9666666666666667,
            "Precision": 0.8888888888888888,
            "Recall": 0.8,
            "F1 Score": 0.8421052631578948
        },
        "Article ID: 0907.2872": {
            "Adjacency List": {
                "S2.E1": [
                    null
                ],
                "S2.E2": [
                    null
                ],
                "S2.E3": [
                    null
                ],
                "S2.E4": [
                    null
                ],
                "S2.E5": [
                    null
                ],
                "S2.E6": [
                    null
                ],
                "S2.E7": [
                    null
                ],
                "S2.E8": [
                    "S3.E9"
                ],
                "S3.E9": [
                    null
                ]
            },
            "Accuracy": 0.9222222222222223,
            "Precision": 0.6666666666666666,
            "Recall": 0.6,
            "F1 Score": 0.631578947368421
        },
        "Article ID: 0907.2959": {
            "Adjacency List": {
                "S2.E1": [
                    "S2.E2",
                    "S2.E3",
                    "S2.E4",
                    "S3.E5",
                    "S3.E6",
                    "S3.E7"
                ],
                "S2.E2": [
                    "S2.E3",
                    "S2.E4",
                    "S3.E5",
                    "S3.E6",
                    "S3.E7"
                ],
                "S2.E3": [
                    "S3.E5",
                    "S3.E6",
                    "S3.E7"
                ],
                "S2.E4": [
                    "S3.E5",
                    "S3.E6",
                    "S3.E7"
                ],
                "S3.E5": [
                    "S3.E6",
                    "S3.E7"
                ],
                "S3.E6": [
                    "S3.E7"
                ],
                "S3.E7": [
                    null
                ]
            },
            "Accuracy": 0.5192307692307693,
            "Precision": 0.09523809523809523,
            "Recall": 0.25,
            "F1 Score": 0.13793103448275862
        },
        "Article ID: 0907.2994": {
            "Adjacency List": {
                "S1.E1": [
                    null
                ],
                "S2.E2": [
                    null
                ],
                "S2.E3": [
                    null
                ],
                "S2.E4": [
                    null
                ],
                "S2.E5": [
                    null
                ],
                "S2.E6": [
                    null
                ],
                "S2.E7": [
                    null
                ],
                "S2.E8": [
                    null
                ],
                "S3.E9": [
                    null
                ],
                "S3.E10": [
                    null
                ],
                "S6.E11": [
                    null
                ],