{
    "Correctness": {
        "Number of articles used": 5,
        "Overall Correctness": {
            "Overall Accuracy": 0.13286713286713286,
            "Overall Precision": 0.1792452830188679,
            "Overall Recall": 0.3392857142857143,
            "Overall F1 Score": 0.23456790123456792
        },
        "Aggregate Correctness Statistics": {
            "Accuracy": {
                "Mean": 0.12694040194040196,
                "Lowest": 0.0,
                "25th Quartile (Q1)": 0.125,
                "Median": 0.15384615384615385,
                "75th Quartile (Q3)": 0.16666666666666666,
                "Highest": 0.1891891891891892
            },
            "Precision": {
                "Mean": 0.175,
                "Lowest": 0.0,
                "25th Quartile (Q1)": 0.15625,
                "Median": 0.21875,
                "75th Quartile (Q3)": 0.25,
                "Highest": 0.25
            },
            "Recall": {
                "Mean": 0.31739926739926744,
                "Lowest": 0.0,
                "25th Quartile (Q1)": 0.2857142857142857,
                "Median": 0.3333333333333333,
                "75th Quartile (Q3)": 0.38461538461538464,
                "Highest": 0.5833333333333334
            },
            "F1 Score": {
                "Mean": 0.21855699855699856,
                "Lowest": 0.0,
                "25th Quartile (Q1)": 0.22222222222222224,
                "Median": 0.26666666666666666,
                "75th Quartile (Q3)": 0.28571428571428575,
                "Highest": 0.31818181818181823
            }
        }
    },
    "Results": {
        "Article ID: 0907.2648": {
            "Adjacency List": {
                "S0.E1": [
                    "S0.E2",
                    "S0.E3",
                    "S0.E4",
                    "S0.E5",
                    "S0.E7"
                ],
                "S0.E2": [
                    "S0.E3",
                    "S0.E4",
                    "S0.E5",
                    "S0.E6",
                    "S0.E7"
                ],
                "S0.E3": [
                    "S0.E4",
                    "S0.E5",
                    "S0.E6",
                    "S0.E7",
                    "S0.E8",
                    "S0.E9"
                ],
                "S0.E4": [
                    "S0.E5",
                    "S0.E6",
                    "S0.E7",
                    "S0.E8",
                    "S0.E9"
                ],
                "S0.E5": [
                    "S0.E6",
                    "S0.E7",
                    "S0.E8",
                    "S0.E9"
                ],
                "S0.E6": [
                    "S0.E7",
                    "S0.E8",
                    "S0.E9"
                ],
                "S0.E7": [
                    "S0.E8",
                    "S0.E9",
                    "S0.E10"
                ],
                "S0.E8": [
                    "S0.E9"
                ],
                "S0.E9": [],
                "S0.E10": []
            },
            "Accuracy": 0.1891891891891892,
            "Precision": 0.21875,
            "Recall": 0.5833333333333334,
            "F1 Score": 0.31818181818181823
        },
        "Article ID: 0907.2720": {
            "Adjacency List": {
                "S0.E1": [
                    "S0.E2",
                    "S0.E3",
                    "S0.E4",
                    "S0.E5",
                    "S0.E7"
                ],
                "S0.E2": [
                    "S0.E3",
                    "S0.E4",
                    "S0.E5",
                    "S0.E7"
                ],
                "S0.E3": [
                    "S0.E4",
                    "S0.E5",
                    "S0.E6",
                    "S0.E7",
                    "S0.E8"
                ],
                "S0.E4": [
                    "S0.E5",
                    "S0.E6",
                    "S0.E7",
                    "S0.E8"
                ],
                "S0.E5": [
                    "S0.E6",
                    "S0.E7",
                    "S0.E8",
                    "S0.E9",
                    "S0.E10"
                ],
                "S0.E6": [
                    "S0.E7",
                    "S0.E8"
                ],
                "S0.E7": [
                    "S0.E8",
                    "S0.E9",
                    "S0.E10"
                ],
                "S0.E8": [
                    "S0.E9",
                    "S0.E10"
                ],
                "S0.E9": [
                    "S0.E10"
                ],
                "S0.E10": [
                    "S0.E11"
                ],
                "S0.E11": [],
                "S0.E12": [],
                "S0.E13": []
            },
            "Accuracy": 0.125,
            "Precision": 0.15625,
            "Recall": 0.38461538461538464,
            "F1 Score": 0.22222222222222224
        },
        "Article ID: 0907.2870": {
            "Adjacency List": {
                "S3.E1": [
                    "S3.E3"
                ],
                "S3.E2": [
                    "S3.E1",
                    "S4.E5"
                ],
                "S3.E3": [
                    "S3.E2",
                    "S4.E5"
                ],
                "S3.E4": [
                    "S3.E2",
                    "S3.E3",
                    "S4.E5"
                ],
                "S4.E5": [],
                "S4.E6": [],
                "S5.E7": []
            },
            "Accuracy": 0.15384615384615385,
            "Precision": 0.25,
            "Recall": 0.2857142857142857,
            "F1 Score": 0.26666666666666666
        },
        "Article ID: 0907.2872": {
            "Adjacency List": {
                "S2.E1": [],
                "S2.E2": [
                    "S2.E1"
                ],
                "S2.E3": [],
                "S2.E4": [
                    "S2.E5",
                    "S2.E6",
                    "S2.E7",
                    "S2.E8",
                    "S2.E9"
                ],
                "S2.E5": [
                    "S2.E6",
                    "S2.E7",
                    "S2.E8",
                    "S2.E9"
                ],
                "S2.E6": [
                    "S2.E7",
                    "S2.E8",
                    "S2.E9"
                ],
                "S2.E7": [
                    "S2.E8",
                    "S2.E9"
                ],
                "S2.E8": [
                    "S2.E9"
                ],
                "S2.E9": [],
                "S2.E10": [],
                "S3.E11": [
                    "S3.E12",
                    "S3.E13"
                ],
                "S3.E12": [
                    "S3.E13"
                ],
                "S3.E13": [
                    "S3.E14"
                ],
                "S3.E14": [],
                "S3.E15": []
            },
            "Accuracy": 0.16666666666666666,
            "Precision": 0.25,
            "Recall": 0.3333333333333333,
            "F1 Score": 0.28571428571428575
        },
        "Article ID: 0907.2959": {
            "Adjacency List": {
                "S1.E1": [],
                "S1.E2": [
                    "S1.E1"
                ],
                "S1.E3": [
                    "S1.E1",
                    "S1.E2"
                ],
                "S1.E4": [
                    "S1.E3"
                ],
                "S1.E5": [
                    "S1.E1",
                    "S1.E3",
                    "S1.E4"
                ],
                "S1.E6": [
                    "S1.E5"
                ],
                "S1.E7": [
                    "S1.E5",
                    "S1.E6"
                ],
                "S1.E8": [
                    "S1.E5",
                    "S1.E6",
                    "S1.E7"
                ],
                "S1.E9": [
                    "S1.E8"
                ]
            },