{
    "Correctness": {
        "Number of articles used": 15,
        "Overall Correctness": {
            "Overall Accuracy": 0.8626444159178434,
            "Overall Precision": 0.3291139240506329,
            "Overall Recall": 0.325,
            "Overall F1 Score": 0.32704402515723274
        },
        "Aggregate Correctness Statistics": {
            "Accuracy": {
                "Mean": 0.8461955361829048,
                "Lowest": 0.6923076923076923,
                "25th Quartile (Q1)": 0.808431629532547,
                "Median": 0.8484848484848485,
                "75th Quartile (Q3)": 0.8893939393939394,
                "Highest": 0.9565217391304348
            },
            "Precision": {
                "Mean": 0.33020683020683017,
                "Lowest": 0.0,
                "25th Quartile (Q1)": 0.20714285714285713,
                "Median": 0.3,
                "75th Quartile (Q3)": 0.40584415584415584,
                "Highest": 0.7777777777777778
            },
            "Recall": {
                "Mean": 0.35313598166539345,
                "Lowest": 0.0,
                "25th Quartile (Q1)": 0.21764705882352942,
                "Median": 0.26666666666666666,
                "75th Quartile (Q3)": 0.5416666666666667,
                "Highest": 0.875
            },
            "F1 Score": {
                "Mean": 0.3364710813189515,
                "Lowest": 0.0,
                "25th Quartile (Q1)": 0.2153846153846154,
                "Median": 0.2758620689655172,
                "75th Quartile (Q3)": 0.47619047619047616,
                "Highest": 0.823529411764706
            }
        }
    },
    "Results": {
        "Article ID: 0907.2648": {
            "Adjacency List": {
                "S0.E1": [
                    "S0.E2",
                    "S0.E3"
                ],
                "S0.E2": [
                    "S0.E3"
                ],
                "S0.E3": [
                    null
                ],
                "S0.E4": [
                    null
                ],
                "S0.E5": [
                    "S0.E6",
                    "S0.E9"
                ],
                "S0.E6": [
                    null
                ],
                "S0.E7": [
                    null
                ],
                "S0.E8": [
                    null
                ],
                "S0.E9": [
                    null
                ]
            },
            "Accuracy": 0.875,
            "Precision": 0.45454545454545453,
            "Recall": 0.5,
            "F1 Score": 0.47619047619047616
        },
        "Article ID: 0907.2720": {
            "Adjacency List": {
                "S2.E1": [
                    null
                ],
                "S2.E2": [
                    null
                ],
                "S2.E3": [
                    null
                ],
                "S2.E4": [
                    null
                ],
                "S2.E5": [
                    null
                ],
                "S2.E6": [
                    null
                ],
                "S2.E7": [
                    null
                ],
                "S2.E8": [
                    null
                ],
                "S2.E9": [
                    null
                ],
                "S2.E10": [
                    null
                ],
                "S3.E11": [
                    null
                ],
                "S3.E12": [
                    null
                ]
            },
            "Accuracy": 0.9358974358974359,
            "Precision": 0.5833333333333334,
            "Recall": 0.5833333333333334,
            "F1 Score": 0.5833333333333334
        },
        "Article ID: 0907.2870": {
            "Adjacency List": {
                "S2.E1": [
                    null
                ],
                "S2.E2": [
                    null
                ],
                "S2.E3": [
                    null
                ],
                "S2.E4": [
                    null
                ],
                "S2.E5": [
                    null
                ],
                "S2.E6": [
                    null
                ],
                "S2.E7": [
                    "S2.E8",
                    "S2.E9",
                    "S2.E10"
                ],
                "S2.E8": [
                    null
                ],
                "S2.E9": [
                    "S2.E10"
                ],
                "S2.E10": [
                    null
                ]
            },
            "Accuracy": 0.8073394495412844,
            "Precision": 0.3333333333333333,
            "Recall": 0.23529411764705882,
            "F1 Score": 0.27586206896551724
        },
        "Article ID: 0907.2872": {
            "Adjacency List": {
                "S2.E1": [
                    null
                ],
                "S2.E2": [
                    "S2.E3"
                ],
                "S2.E3": [
                    null
                ],
                "S2.E4": [
                    null
                ],
                "S2.E5": [
                    null
                ],
                "S3.E6": [
                    null
                ],
                "S3.E7": [
                    null
                ],
                "S3.E8": [
                    null
                ],
                "S3.E9": [
                    null
                ],
                "S3.E10": [
                    null
                ],
                "S4.E11": [
                    null
                ]
            },
            "Accuracy": 0.8787878787878788,
            "Precision": 0.2727272727272727,
            "Recall": 0.2727272727272727,
            "F1 Score": 0.2727272727272727
        },
        "Article ID: 0907.2959": {
            "Adjacency List": {
                "S0.E1": [
                    null
                ],
                "S0.E2": [
                    "S0.E3"
                ],
                "S0.E3": [
                    "S0.E4"
                ],
                "S0.E4": [
                    null
                ],
                "S0.E5": [
                    null
                ],
                "S0.E6": [
                    null
                ],
                "S0.E7": [
                    null
                ],
                "S0.E8": [
                    null
                ],
                "S0.E9": [
                    null
                ]
            },
            "Accuracy": 0.9318181818181818,
            "Precision": 0.6666666666666666,
            "Recall": 0.6666666666666666,
            "F1 Score": 0.6666666666666666
        },
        "Article ID: 0907.2994": {
            "Adjacency List": {
                "S2.E1": [
                    null
                ],
                "S2.E2": [
                    null
                ],
                "S2.E3": [
                    null
                ],
                "S2.E4": [
                    null
                ],
                "S2.E5": [
                    null
                ],
                "S2.E6": [
                    null
                ],
                "S3.E7": [
                    null
                ],
                "S3.E8": [
                    "S3.E9",
                    "S3.E10",
                    "S3.E11"
                ],
                "S3.E9": [
                    "S3.E10",
                    "S3.E11"
                ],
                "S3.E10": [
                    "S3.E11"
                ],
                "S3.E11": [
                    null
                ]
            },
            "Accuracy": 0.8461538461538461,
            "Precision": 0.21428571428571427,
            "Recall": 0.25,
            "F1 Score": 0.23076923076923075
        },