{
    "Correctness": {
        "Number of articles used": 10,
        "Overall Correctness": {
            "Overall Accuracy": 0.8803680981595092,
            "Overall Precision": 0.42857142857142855,
            "Overall Recall": 0.4411764705882353,
            "Overall F1 Score": 0.43478260869565216
        },
        "Aggregate Correctness Statistics": {
            "Accuracy": {
                "Mean": 0.8490147847860348,
                "Lowest": 0.6296296296296297,
                "25th Quartile (Q1)": 0.819140950792327,
                "Median": 0.8758059994393048,
                "75th Quartile (Q3)": 0.92870955011839,
                "Highest": 0.9666666666666667
            },
            "Precision": {
                "Mean": 0.43672161172161167,
                "Lowest": 0.0,
                "25th Quartile (Q1)": 0.3019230769230769,
                "Median": 0.375,
                "75th Quartile (Q3)": 0.6333333333333333,
                "Highest": 0.8888888888888888
            },
            "Recall": {
                "Mean": 0.44521134094663506,
                "Lowest": 0.0,
                "25th Quartile (Q1)": 0.2589285714285714,
                "Median": 0.43162393162393164,
                "75th Quartile (Q3)": 0.5714285714285714,
                "Highest": 0.875
            },
            "F1 Score": {
                "Mean": 0.43556917442900145,
                "Lowest": 0.0,
                "25th Quartile (Q1)": 0.2735109717868338,
                "Median": 0.391941391941392,
                "75th Quartile (Q3)": 0.5994694960212201,
                "Highest": 0.8421052631578948
            }
        }
    },
    "Results": {
        "Article ID: 0907.2648": {
            "Adjacency List": {
                "S2.E1": [
                    null
                ],
                "S2.E2": [
                    null
                ],
                "S2.E3": [
                    null
                ],
                "S2.E4": [
                    null
                ],
                "S2.E5": [
                    "S2.E6"
                ],
                "S2.E6": [
                    null
                ]
            },
            "Accuracy": 0.8780487804878049,
            "Precision": 0.6666666666666666,
            "Recall": 0.5714285714285714,
            "F1 Score": 0.6153846153846153
        },
        "Article ID: 0907.2720": {
            "Adjacency List": {
                "S2.E1": [
                    null
                ],
                "S2.E2": [
                    null
                ],
                "S2.E3": [
                    null
                ],
                "S2.E4": [
                    null
                ],
                "S2.E5": [
                    null
                ],
                "S2.E6": [
                    null
                ],
                "S2.E7": [
                    "S2.E8",
                    "S2.E9",
                    "S2.E10"
                ],
                "S2.E8": [
                    null
                ],
                "S2.E9": [
                    "S2.E10"
                ],
                "S2.E10": [
                    null
                ]
            },
            "Accuracy": 0.8073394495412844,
            "Precision": 0.3333333333333333,
            "Recall": 0.23529411764705882,
            "F1 Score": 0.27586206896551724
        },
        "Article ID: 0907.2870": {
            "Adjacency List": {
                "S0.E1": [
                    null
                ],
                "S0.E2": [
                    "S0.E3",
                    "S0.E4",
                    "S0.E5"
                ],
                "S0.E3": [
                    "S0.E4",
                    "S0.E5"
                ],
                "S0.E4": [
                    null
                ],
                "S0.E5": [
                    null
                ],
                "S0.E6": [
                    null
                ],
                "S0.E7": [
                    "S0.E9"
                ],
                "S0.E8": [
                    "S0.E9"
                ],
                "S0.E9": [
                    null
                ]
            },
            "Accuracy": 0.8735632183908046,
            "Precision": 0.4166666666666667,
            "Recall": 0.5555555555555556,
            "F1 Score": 0.4761904761904762
        },
        "Article ID: 0907.2872": {
            "Adjacency List": {
                "S1.E1": [
                    "S2.E5"
                ],
                "S2.E2": [
                    "S2.E5"
                ],
                "S2.E3": [
                    "S2.E5"
                ],
                "S2.E4": [
                    "S2.E5"
                ],
                "S2.E5": [
                    null
                ]
            },
            "Accuracy": 0.6296296296296297,
            "Precision": 0.0,
            "Recall": 0.0,
            "F1 Score": 0
        },
        "Article ID: 0907.2959": {
            "Adjacency List": {
                "S4.E1": [
                    null
                ],
                "S4.E2": [
                    "S4.E3",
                    "S5.E4"
                ],
                "S4.E3": [
                    "S5.E4"
                ],
                "S5.E4": [
                    null
                ],
                "S5.E5": [
                    null
                ],
                "S5.E6": [
                    null
                ],
                "S5.E7": [
                    null
                ],
                "S6.E8": [
                    null
                ],
                "S6.E9": [
                    null
                ],
                "S6.E10": [
                    null
                ],
                "S6.E11": [
                    null
                ],
                "S6.E12": [
                    null
                ],
                "S6.E13": [
                    null
                ],
                "S6.E14": [
                    null
                ]
            },
            "Accuracy": 0.9380952380952381,
            "Precision": 0.5333333333333333,
            "Recall": 0.5714285714285714,
            "F1 Score": 0.5517241379310344
        },
        "Article ID: 0907.2994": {
            "Adjacency List": {
                "S0.E1": [
                    "S0.E2",
                    "S0.E3",
                    "S0.E4",
                    "S0.E5",
                    "S0.E7"
                ],
                "S0.E2": [
                    "S0.E5",
                    "S0.E7"
                ],
                "S0.E3": [
                    "S0.E5",
                    "S0.E7"
                ],
                "S0.E4": [
                    "S0.E5",
                    "S0.E7"
                ],
                "S0.E5": [
                    "S0.E7"
                ],
                "S0.E6": [
                    "S0.E7"
                ],
                "S0.E7": [
                    null
                ]
            },
            "Accuracy": 0.6851851851851852,
            "Precision": 0.14285714285714285,
            "Recall": 0.2857142857142857,
            "F1 Score": 0.19047619047619047
        },
        "Article ID: 0907.3017": {
            "Adjacency List": {
                "S0.E1": [
                    null
                ],
                "S0.E2": [
                    null
                ],
                "S0.E3": [
                    null
                ],
                "S0.E4": [
                    null
                ],
                "S0.E5": [
                    null
                ],
                "S0.E6": [
                    null
                ],
                "S0.E7": [
                    null
                ],
                "S0.E8": [
                    null
                ],