{
    "Correctness": {
        "Number of articles used": 10,
        "Overall Correctness": {
            "Overall Accuracy": 0.2,
            "Overall Precision": 0.34285714285714286,
            "Overall Recall": 0.32432432432432434,
            "Overall F1 Score": 0.33333333333333337
        },
        "Aggregate Correctness Statistics": {
            "Accuracy": {
                "Mean": 0.2199749548696917,
                "Lowest": 0.0,
                "25th Quartile (Q1)": 0.1456043956043956,
                "Median": 0.15894736842105261,
                "75th Quartile (Q3)": 0.23295454545454547,
                "Highest": 0.7
            },
            "Precision": {
                "Mean": 0.33633089133089134,
                "Lowest": 0.0,
                "25th Quartile (Q1)": 0.2714285714285714,
                "Median": 0.2928571428571428,
                "75th Quartile (Q3)": 0.3875,
                "Highest": 0.7777777777777778
            },
            "Recall": {
                "Mean": 0.3304204129204129,
                "Lowest": 0.0,
                "25th Quartile (Q1)": 0.2232142857142857,
                "Median": 0.2583333333333333,
                "75th Quartile (Q3)": 0.3793706293706294,
                "Highest": 0.875
            },
            "F1 Score": {
                "Mean": 0.3310763442102184,
                "Lowest": 0.0,
                "25th Quartile (Q1)": 0.25416666666666665,
                "Median": 0.2742946708463949,
                "75th Quartile (Q3)": 0.3769230769230769,
                "Highest": 0.823529411764706
            }
        }
    },
    "Results": {
        "Article ID: 0907.2648": {
            "Adjacency List": {
                "S0.E1": [
                    "S0.E2",
                    "S0.E3"
                ],
                "S0.E2": [
                    "S0.E3"
                ],
                "S0.E3": [
                    null
                ],
                "S0.E4": [
                    null
                ],
                "S0.E5": [
                    "S0.E6"
                ],
                "S0.E6": [
                    null
                ],
                "S0.E7": [
                    null
                ],
                "S0.E8": [
                    null
                ],
                "S0.E9": [
                    null
                ]
            },
            "Accuracy": 0.3333333333333333,
            "Precision": 0.5,
            "Recall": 0.5,
            "F1 Score": 0.5
        },
        "Article ID: 0907.2720": {
            "Adjacency List": {
                "S0.E1": [
                    null
                ],
                "S0.E2": [
                    null
                ],
                "S0.E3": [
                    null
                ],
                "S0.E4": [
                    null
                ],
                "S0.E5": [
                    null
                ],
                "S0.E6": [
                    null
                ],
                "S0.E7": [
                    null
                ],
                "S0.E8": [
                    null
                ],
                "S0.E9": [
                    null
                ],
                "S0.E10": [
                    null
                ]
            },
            "Accuracy": 0.14285714285714285,
            "Precision": 0.3,
            "Recall": 0.21428571428571427,
            "F1 Score": 0.25
        },
        "Article ID: 0907.2870": {
            "Adjacency List": {
                "S1.E1": [
                    "S2.E5"
                ],
                "S2.E2": [
                    "S2.E5"
                ],
                "S2.E3": [
                    "S2.E5"
                ],
                "S2.E4": [
                    "S2.E5"
                ],
                "S2.E5": [
                    null
                ]
            },
            "Accuracy": 0.0,
            "Precision": 0.0,
            "Recall": 0.0,
            "F1 Score": 0
        },
        "Article ID: 0907.2872": {
            "Adjacency List": {
                "S0.E1": [
                    null
                ],
                "S0.E2": [
                    null
                ],
                "S0.E3": [
                    null
                ],
                "S0.E4": [
                    null
                ],
                "S0.E5": [
                    null
                ],
                "S0.E6": [
                    null
                ],
                "S0.E7": [
                    null
                ]
            },
            "Accuracy": 0.15384615384615385,
            "Precision": 0.2857142857142857,
            "Recall": 0.25,
            "F1 Score": 0.26666666666666666
        },
        "Article ID: 0907.2959": {
            "Adjacency List": {
                "S0.E1": [
                    null
                ],
                "S0.E2": [
                    null
                ],
                "S0.E3": [
                    "S0.E4",
                    "S0.E5"
                ],
                "S0.E4": [
                    "S0.E5"
                ],
                "S0.E5": [
                    null
                ],
                "S0.E6": [
                    null
                ],
                "S0.E7": [
                    "S0.E8"
                ],
                "S0.E8": [
                    null
                ]
            },
            "Accuracy": 0.7,
            "Precision": 0.7777777777777778,
            "Recall": 0.875,
            "F1 Score": 0.823529411764706
        },
        "Article ID: 0907.2994": {
            "Adjacency List": {
                "S0.E1": [
                    null
                ],
                "S0.E2": [
                    null
                ],
                "S0.E3": [
                    null
                ],
                "S0.E4": [
                    null
                ],
                "S0.E5": [
                    null
                ],
                "S0.E6": [
                    null
                ],
                "S0.E7": [
                    null
                ],
                "S0.E8": [
                    null
                ],
                "S0.E9": [
                    null
                ],
                "S0.E10": [
                    null
                ],
                "S0.E11": [
                    null
                ],
                "S0.E12": [
                    null
                ],
                "S0.E13": [
                    null
                ],
                "S0.E14": [
                    null
                ]
            },
            "Accuracy": 0.16,
            "Precision": 0.2857142857142857,
            "Recall": 0.26666666666666666,
            "F1 Score": 0.2758620689655172
        },
        "Article ID: 0907.3017": {
            "Adjacency List": {
                "S3.E1": [
                    "S3.E2",
                    "S3.E3",
                    "S3.E4",
                    "S3.E5",
                    "S3.E6",
                    "S3.E7"
                ],
                "S3.E2": [
                    "S3.E4"
                ],
                "S3.E3": [
                    "S3.E4"
                ],
                "S3.E4": [
                    "S3.E5"
                ],
                "S3.E5": [
                    null
                ],
                "S3.E6": [
                    null
                ],
                "S3.E7": [
                    null
                ],
                "S3.E8": [
                    null
                ],
                "S3.E9": [
                    null
                ],
                "S3.E10": [
                    null
                ]
            },
            "Accuracy": 0.18181818181818182,
            "Precision": 0.26666666666666666,
            "Recall": 0.36363636363636365,