{
    "Correctness": {
        "Number of articles used": 10,
        "Overall Correctness": {
            "Overall Accuracy": 0.08376963350785341,
            "Overall Precision": 0.1095890410958904,
            "Overall Recall": 0.26229508196721313,
            "Overall F1 Score": 0.15458937198067632
        },
        "Aggregate Correctness Statistics": {
            "Accuracy": {
                "Mean": 0.08405680868838764,
                "Lowest": 0.0,
                "25th Quartile (Q1)": 0.009259259259259259,
                "Median": 0.0726120857699805,
                "75th Quartile (Q3)": 0.09457671957671956,
                "Highest": 0.28
            },
            "Precision": {
                "Mean": 0.11075580420501703,
                "Lowest": 0.0,
                "25th Quartile (Q1)": 0.014705882352941176,
                "Median": 0.10319148936170214,
                "75th Quartile (Q3)": 0.12215909090909091,
                "Highest": 0.3684210526315789
            },
            "Recall": {
                "Mean": 0.22650849150849153,
                "Lowest": 0.0,
                "25th Quartile (Q1)": 0.022727272727272728,
                "Median": 0.19285714285714284,
                "75th Quartile (Q3)": 0.39583333333333337,
                "Highest": 0.5384615384615384
            },
            "F1 Score": {
                "Mean": 0.144182466575429,
                "Lowest": 0.0,
                "25th Quartile (Q1)": 0.017857142857142856,
                "Median": 0.1347457627118644,
                "75th Quartile (Q3)": 0.17280766396462785,
                "Highest": 0.4375
            }
        }
    },
    "Results": {
        "Article ID: 0907.2648": {
            "Adjacency List": {
                "S0.E1": [
                    "S0.E3"
                ],
                "S0.E2": [
                    "S0.E3",
                    "S0.E4",
                    "S0.E5"
                ],
                "S0.E3": [
                    "S0.E4",
                    "S0.E5",
                    "S0.E6",
                    "S0.E7"
                ],
                "S0.E4": [
                    "S0.E5",
                    "S0.E6",
                    "S0.E7"
                ],
                "S0.E5": [
                    "S0.E6",
                    "S0.E7"
                ],
                "S0.E6": [
                    "S0.E7",
                    "S0.E8",
                    "S0.E9"
                ],
                "S0.E7": [
                    "S0.E8",
                    "S0.E9"
                ],
                "S0.E8": [
                    "S0.E9"
                ],
                "S0.E9": [],
                "S0.E10": []
            },
            "Accuracy": 0.28,
            "Precision": 0.3684210526315789,
            "Recall": 0.5384615384615384,
            "F1 Score": 0.4375
        },
        "Article ID: 0907.2720": {
            "Adjacency List": {
                "S2.E1": [
                    "S2.E2",
                    "S2.E3",
                    "S2.E10"
                ],
                "S2.E2": [
                    "S2.E3",
                    "S2.E4",
                    "S2.E8",
                    "S2.E9",
                    "S2.E10"
                ],
                "S2.E3": [
                    "S2.E4",
                    "S2.E6",
                    "S2.E7",
                    "S2.E8",
                    "S2.E9",
                    "S2.E10",
                    "S2.E11"
                ],
                "S2.E4": [
                    "S2.E8",
                    "S2.E9",
                    "S2.E10"
                ],
                "S2.E5": [
                    "S2.E1",
                    "S2.E2",
                    "S2.E3",
                    "S2.E4",
                    "S2.E8",
                    "S2.E9",
                    "S2.E10",
                    "S2.E11"
                ],
                "S2.E6": [
                    "S2.E5",
                    "S2.E7",
                    "S2.E8",
                    "S2.E9",
                    "S2.E10",
                    "S2.E11"
                ],
                "S2.E7": [
                    "S2.E5",
                    "S2.E8",
                    "S2.E9",
                    "S2.E10",
                    "S2.E11"
                ],
                "S2.E8": [
                    "S2.E9",
                    "S2.E10",
                    "S2.E11"
                ],
                "S2.E9": [
                    "S2.E10",
                    "S2.E11"
                ],
                "S2.E10": [
                    "S2.E11",
                    "S3.E13"
                ],
                "S2.E11": [],
                "S2.E12": [],
                "S3.E13": [],
                "S3.E14": []
            },
            "Accuracy": 0.09259259259259259,
            "Precision": 0.11363636363636363,
            "Recall": 0.3333333333333333,
            "F1 Score": 0.16949152542372878
        },
        "Article ID: 0907.2870": {
            "Adjacency List": {
                "S2.E1": [],
                "S2.E2": [
                    "S2.E1"
                ],
                "S2.E3": [
                    "S2.E1",
                    "S2.E2"
                ],
                "S2.E4": [
                    "S2.E1",
                    "S2.E2",
                    "S2.E3"
                ],
                "S2.E5": [],
                "S3.E6": [
                    "S3.E8",
                    "S3.E9",
                    "S3.E10",
                    "S3.E11"
                ],
                "S3.E7": [
                    "S3.E6",
                    "S3.E8",
                    "S3.E9",
                    "S3.E10",
                    "S3.E12",
                    "S3.E13"
                ],
                "S3.E8": [
                    "S3.E9",
                    "S3.E10",
                    "S3.E11",
                    "S3.E12",
                    "S3.E13"
                ],
                "S3.E9": [
                    "S3.E10",
                    "S3.E11",
                    "S3.E12",
                    "S3.E13"
                ],
                "S3.E10": [
                    "S3.E11",
                    "S3.E12",
                    "S3.E13"
                ],
                "S3.E11": [
                    "S3.E7",
                    "S3.E12",
                    "S3.E13"
                ],
                "S3.E12": [
                    "S3.E13"
                ],
                "S3.E13": [],
                "S4.E14": []
            },
            "Accuracy": 0.09523809523809523,
            "Precision": 0.125,
            "Recall": 0.2857142857142857,
            "F1 Score": 0.17391304347826086
        },
        "Article ID: 0907.2872": {
            "Adjacency List": {
                "S2.E1": [
                    "S2.E5"
                ],
                "S2.E2": [
                    "S2.E1",
                    "S2.E3",
                    "S2.E5"
                ],
                "S2.E3": [
                    "S2.E1",
                    "S2.E4",
                    "S2.E5"
                ],
                "S2.E4": [
                    "S2.E1",
                    "S2.E2",
                    "S2.E5"
                ],
                "S2.E5": [],
                "S2.E6": []
            },
            "Accuracy": 0.0,
            "Precision": 0.0,
            "Recall": 0.0,
            "F1 Score": 0
        },
        "Article ID: 0907.2959": {
            "Adjacency List": {
                "S2.E1": [
                    "S2.E6"
                ],
                "S2.E2": [
                    "S2.E1",
                    "S2.E5",
                    "S2.E6",
                    "S2.E7",
                    "S2.E8"
                ],