{
    "Correctness": {
        "Number of articles used": 5,
        "Overall Correctness": {
            "Overall Accuracy": 0.1069182389937107,
            "Overall Precision": 0.1440677966101695,
            "Overall Recall": 0.29310344827586204,
            "Overall F1 Score": 0.19318181818181818
        },
        "Aggregate Correctness Statistics": {
            "Accuracy": {
                "Mean": 0.10752913752913754,
                "Lowest": 0.05128205128205128,
                "25th Quartile (Q1)": 0.08333333333333333,
                "Median": 0.09090909090909091,
                "75th Quartile (Q3)": 0.1,
                "Highest": 0.21212121212121213
            },
            "Precision": {
                "Mean": 0.1670059926048706,
                "Lowest": 0.06451612903225806,
                "25th Quartile (Q1)": 0.10869565217391304,
                "Median": 0.18181818181818182,
                "75th Quartile (Q3)": 0.2,
                "Highest": 0.28
            },
            "Recall": {
                "Mean": 0.2661255411255411,
                "Lowest": 0.125,
                "25th Quartile (Q1)": 0.18181818181818182,
                "Median": 0.2,
                "75th Quartile (Q3)": 0.35714285714285715,
                "Highest": 0.4666666666666667
            },
            "F1 Score": {
                "Mean": 0.1899783955881517,
                "Lowest": 0.0975609756097561,
                "25th Quartile (Q1)": 0.15384615384615385,
                "Median": 0.16666666666666666,
                "75th Quartile (Q3)": 0.18181818181818182,
                "Highest": 0.35000000000000003
            }
        }
    },
    "Results": {
        "Article ID: 0907.2648": {
            "Adjacency List": {
                "S2.E1": [
                    "S2.E6"
                ],
                "S2.E2": [
                    "S2.E1"
                ],
                "S2.E3": [
                    "S2.E1",
                    "S2.E2",
                    "S2.E5",
                    "S2.E6",
                    "S2.E7",
                    "S2.E8",
                    "S2.E9",
                    "S2.E10"
                ],
                "S2.E4": [
                    "S2.E1",
                    "S2.E2",
                    "S2.E3",
                    "S2.E5",
                    "S2.E6",
                    "S2.E7",
                    "S2.E8",
                    "S2.E9",
                    "S2.E10",
                    "S2.E12"
                ],
                "S2.E5": [
                    "S2.E2",
                    "S2.E6",
                    "S2.E7"
                ],
                "S2.E6": [
                    "S2.E2",
                    "S2.E7",
                    "S2.E8",
                    "S2.E9",
                    "S2.E10",
                    "S2.E11",
                    "S2.E12"
                ],
                "S2.E7": [
                    "S2.E1",
                    "S2.E2",
                    "S2.E8",
                    "S2.E9",
                    "S2.E10",
                    "S2.E11",
                    "S2.E12"
                ],
                "S2.E8": [
                    "S2.E9",
                    "S2.E10",
                    "S2.E12"
                ],
                "S2.E9": [
                    "S2.E10",
                    "S2.E11",
                    "S2.E12"
                ],
                "S2.E10": [
                    "S2.E11",
                    "S2.E12"
                ],
                "S2.E11": [
                    "S2.E12"
                ],
                "S2.E12": [],
                "S2.E13": [],
                "S3.E14": []
            },
            "Accuracy": 0.09090909090909091,
            "Precision": 0.10869565217391304,
            "Recall": 0.35714285714285715,
            "F1 Score": 0.16666666666666666
        },
        "Article ID: 0907.2720": {
            "Adjacency List": {
                "S1.E1": [],
                "S1.E2": [],
                "S2.E3": [],
                "S2.E4": [
                    "S2.E3",
                    "S2.E6"
                ],
                "S2.E5": [
                    "S2.E3",
                    "S2.E4",
                    "S2.E6"
                ],
                "S2.E6": [],
                "S2.E7": [],
                "S3.E8": []
            },
            "Accuracy": 0.08333333333333333,
            "Precision": 0.2,
            "Recall": 0.125,
            "F1 Score": 0.15384615384615385
        },
        "Article ID: 0907.2870": {
            "Adjacency List": {
                "S2.E1": [],
                "S2.E2": [
                    "S2.E1",
                    "S2.E6",
                    "S2.E8",
                    "S3.E9"
                ],
                "S2.E3": [
                    "S2.E1",
                    "S2.E2",
                    "S2.E5",
                    "S2.E6",
                    "S2.E7",
                    "S2.E8",
                    "S3.E9"
                ],
                "S2.E4": [
                    "S2.E1",
                    "S2.E2",
                    "S2.E3",
                    "S2.E6",
                    "S2.E7",
                    "S2.E8",
                    "S3.E9"
                ],
                "S2.E5": [
                    "S2.E1",
                    "S2.E2",
                    "S2.E4",
                    "S2.E6",
                    "S2.E8",
                    "S3.E9"
                ],
                "S2.E6": [
                    "S2.E7",
                    "S2.E8",
                    "S3.E9"
                ],
                "S2.E7": [
                    "S2.E5",
                    "S2.E8",
                    "S3.E9"
                ],
                "S2.E8": [
                    "S3.E9"
                ],
                "S3.E9": []
            },
            "Accuracy": 0.05128205128205128,
            "Precision": 0.06451612903225806,
            "Recall": 0.2,
            "F1 Score": 0.0975609756097561
        },
        "Article ID: 0907.2872": {
            "Adjacency List": {
                "S2.E1": [
                    "S2.E4"
                ],
                "S2.E2": [
                    "S2.E1",
                    "S2.E4"
                ],
                "S2.E3": [
                    "S2.E1",
                    "S2.E2",
                    "S2.E5"
                ],
                "S2.E4": [
                    "S2.E3",
                    "S2.E5"
                ],
                "S2.E5": [],
                "S2.E6": [],
                "S2.E7": [
                    "S2.E8",
                    "S3.E9"
                ],
                "S2.E8": [
                    "S3.E9"
                ],
                "S3.E9": [],
                "S3.E10": []
            },
            "Accuracy": 0.1,
            "Precision": 0.18181818181818182,
            "Recall": 0.18181818181818182,
            "F1 Score": 0.18181818181818182
        },
        "Article ID: 0907.2959": {
            "Adjacency List": {
                "S0.E1": [
                    "S0.E2",
                    "S0.E5",
                    "S0.E6"
                ],
                "S0.E2": [
                    "S0.E3",
                    "S0.E4",
                    "S0.E5",
                    "S0.E6"
                ],
                "S0.E3": [
                    "S0.E4",
                    "S0.E5",
                    "S0.E6"
                ],
                "S0.E4": [
                    "S0.E5",
                    "S0.E6"
                ],
                "S0.E5": [
                    "S0.E6",
                    "S0.E7",
                    "S0.E8",
                    "S0.E9"
                ],
                "S0.E6": [
                    "S0.E7",
                    "S0.E8",
                    "S0.E9",
                    "S0.E10"
                ],