{
    "Correctness": {
        "Number of articles used": 10,
        "Overall Correctness": {
            "Overall Accuracy": 0.21686746987951808,
            "Overall Precision": 0.32432432432432434,
            "Overall Recall": 0.3956043956043956,
            "Overall F1 Score": 0.3564356435643564
        },
        "Aggregate Correctness Statistics": {
            "Accuracy": {
                "Mean": 0.2225582922824302,
                "Lowest": 0.0,
                "25th Quartile (Q1)": 0.08357142857142857,
                "Median": 0.26190476190476186,
                "75th Quartile (Q3)": 0.3275862068965517,
                "Highest": 0.4666666666666667
            },
            "Precision": {
                "Mean": 0.3226173826173826,
                "Lowest": 0.0,
                "25th Quartile (Q1)": 0.12175324675324675,
                "Median": 0.39230769230769236,
                "75th Quartile (Q3)": 0.48214285714285715,
                "Highest": 0.6363636363636364
            },
            "Recall": {
                "Mean": 0.35861050713991893,
                "Lowest": 0.0,
                "25th Quartile (Q1)": 0.2232142857142857,
                "Median": 0.4423076923076923,
                "75th Quartile (Q3)": 0.5220588235294118,
                "Highest": 0.6363636363636364
            },
            "F1 Score": {
                "Mean": 0.33581552949974003,
                "Lowest": 0.0,
                "25th Quartile (Q1)": 0.15357142857142858,
                "Median": 0.41452991452991456,
                "75th Quartile (Q3)": 0.493421052631579,
                "Highest": 0.6363636363636364
            }
        }
    },
    "Results": {
        "Article ID: 0907.2648": {
            "Adjacency List": {
                "S0.E1": [
                    "S0.E2",
                    "S0.E3",
                    "S0.E4",
                    "S0.E5",
                    "S0.E6"
                ],
                "S0.E2": [
                    "S0.E4"
                ],
                "S0.E3": [
                    "S0.E4"
                ],
                "S0.E4": [
                    "S0.E5"
                ],
                "S0.E5": [
                    null
                ],
                "S0.E6": [
                    null
                ],
                "S0.E7": [
                    null
                ],
                "S0.E8": [
                    null
                ],
                "S0.E9": [
                    null
                ],
                "S0.E10": [
                    null
                ],
                "S0.E11": [
                    null
                ],
                "S0.E12": [
                    null
                ],
                "S0.E13": [
                    null
                ],
                "S0.E14": [
                    null
                ],
                "S0.E15": [
                    null
                ],
                "S0.E16": [
                    null
                ],
                "S0.E17": [
                    null
                ]
            },
            "Accuracy": 0.3103448275862069,
            "Precision": 0.42857142857142855,
            "Recall": 0.5294117647058824,
            "F1 Score": 0.4736842105263158
        },
        "Article ID: 0907.2720": {
            "Adjacency List": {
                "S2.E1": [
                    null
                ],
                "S2.E2": [
                    null
                ],
                "S2.E3": [
                    null
                ],
                "S2.E4": [
                    null
                ],
                "S2.E5": [
                    null
                ],
                "S3.E6": [
                    null
                ],
                "S3.E7": [
                    null
                ],
                "S3.E8": [
                    null
                ],
                "S3.E9": [
                    null
                ],
                "S3.E10": [
                    null
                ],
                "S3.E11": [
                    "S3.E12"
                ],
                "S3.E12": [
                    null
                ],
                "S3.E13": [
                    null
                ],
                "S4.E14": [
                    null
                ]
            },
            "Accuracy": 0.12,
            "Precision": 0.21428571428571427,
            "Recall": 0.21428571428571427,
            "F1 Score": 0.21428571428571427
        },
        "Article ID: 0907.2870": {
            "Adjacency List": {
                "S2.E1": [
                    null
                ],
                "S2.E2": [
                    null
                ],
                "S2.E3": [
                    null
                ],
                "S3.E4": [
                    null
                ],
                "S3.E5": [
                    null
                ],
                "S3.E6": [
                    null
                ],
                "S3.E7": [
                    null
                ]
            },
            "Accuracy": 0.4,
            "Precision": 0.5714285714285714,
            "Recall": 0.5714285714285714,
            "F1 Score": 0.5714285714285714
        },
        "Article ID: 0907.2872": {
            "Adjacency List": {
                "S1.E1": [
                    null
                ],
                "S1.E2": [
                    null
                ],
                "S1.E3": [
                    "S1.E4"
                ],
                "S1.E4": [
                    null
                ]
            },
            "Accuracy": 0.0,
            "Precision": 0.0,
            "Recall": 0.0,
            "F1 Score": 0
        },
        "Article ID: 0907.2959": {
            "Adjacency List": {
                "S1.E1": [
                    "S2.E5"
                ],
                "S2.E2": [
                    "S2.E5"
                ],
                "S2.E3": [
                    "S2.E5"
                ],
                "S2.E4": [
                    "S2.E5"
                ],
                "S2.E5": [
                    null
                ]
            },
            "Accuracy": 0.0,
            "Precision": 0.0,
            "Recall": 0.0,
            "F1 Score": 0
        },
        "Article ID: 0907.2994": {
            "Adjacency List": {
                "S2.E1": [
                    "S2.E2",
                    "S2.E3",
                    "S2.E4",
                    "S3.E5",
                    "S3.E6",
                    "S3.E7"
                ],
                "S2.E2": [
                    "S2.E3",
                    "S2.E4",
                    "S3.E5",
                    "S3.E6",
                    "S3.E7"
                ],
                "S2.E3": [
                    "S2.E4",
                    "S3.E5",
                    "S3.E6",
                    "S3.E7"
                ],
                "S2.E4": [
                    "S3.E5",
                    "S3.E6",
                    "S3.E7"
                ],
                "S3.E5": [
                    "S3.E6",
                    "S3.E7"
                ],
                "S3.E6": [
                    "S3.E7"
                ],
                "S3.E7": [
                    null
                ]
            },
            "Accuracy": 0.07142857142857142,
            "Precision": 0.09090909090909091,
            "Recall": 0.25,
            "F1 Score": 0.13333333333333333
        },
        "Article ID: 0907.3017": {
            "Adjacency List": {
                "S3.E1": [
                    "S5.E2"
                ],
                "S5.E2": [
                    null
                ],
                "S5.E3": [
                    null
                ],
                "S6.E4": [
                    null
                ]
            },
            "Accuracy": 0.3333333333333333,