{
    "Correctness": {
        "Number of articles used": 15,
        "Overall Correctness": {
            "Overall Accuracy": 0.03515625,
            "Overall Precision": 0.16981132075471697,
            "Overall Recall": 0.04245283018867924,
            "Overall F1 Score": 0.06792452830188679
        },
        "Aggregate Correctness Statistics": {
            "Accuracy": {
                "Mean": 0.03136661803257298,
                "Lowest": 0.0,
                "25th Quartile (Q1)": 0.0,
                "Median": 0.0,
                "75th Quartile (Q3)": 0.017241379310344827,
                "Highest": 0.21052631578947367
            },
            "Precision": {
                "Mean": 0.12755555555555556,
                "Lowest": 0.0,
                "25th Quartile (Q1)": 0.0,
                "Median": 0.0,
                "75th Quartile (Q3)": 0.04,
                "Highest": 1.0
            },
            "Recall": {
                "Mean": 0.04169637551990493,
                "Lowest": 0.0,
                "25th Quartile (Q1)": 0.0,
                "Median": 0.0,
                "75th Quartile (Q3)": 0.020833333333333332,
                "Highest": 0.23529411764705882
            },
            "F1 Score": {
                "Mean": 0.05408787669657235,
                "Lowest": 0.0,
                "25th Quartile (Q1)": 0.0,
                "Median": 0.0,
                "75th Quartile (Q3)": 0.03333333333333333,
                "Highest": 0.3478260869565218
            }
        }
    },
    "Results": {
        "Article ID: 0907.2648": {
            "Adjacency List": {
                "S2.E1": [],
                "S2.E2": [],
                "S2.E3": [],
                "S2.E4": [],
                "S2.E5": [],
                "S2.E6": [],
                "S2.E7": [],
                "S2.E8": [],
                "S2.E9": [],
                "S2.E10": [],
                "S2.E11": [],
                "S2.E12": [],
                "S3.E13": [],
                "S3.E14": []
            },
            "Accuracy": 0.0,
            "Precision": 0,
            "Recall": 0.0,
            "F1 Score": 0
        },
        "Article ID: 0907.2720": {
            "Adjacency List": {
                "S2.E1": [],
                "S2.E2": [],
                "S2.E3": [],
                "S2.E4": [],
                "S2.E5": [],
                "S2.E6": [],
                "S3.E7": [],
                "S3.E8": [
                    "S3.E9"
                ],
                "S3.E9": [
                    "S3.E10"
                ],
                "S3.E10": [],
                "S3.E11": []
            },
            "Accuracy": 0.16666666666666666,
            "Precision": 1.0,
            "Recall": 0.16666666666666666,
            "F1 Score": 0.2857142857142857
        },
        "Article ID: 0907.2870": {
            "Adjacency List": {
                "S2.E1": [],
                "S2.E2": [],
                "S2.E3": [
                    "S2.E5"
                ],
                "S2.E4": [
                    "S2.E5"
                ],
                "S2.E5": []
            },
            "Accuracy": 0.0,
            "Precision": 0.0,
            "Recall": 0.0,
            "F1 Score": 0
        },
        "Article ID: 0907.2872": {
            "Adjacency List": {
                "S2.E1": [
                    "S2.E2",
                    "S2.E3",
                    "S2.E4",
                    "S3.E5",
                    "S3.E6",
                    "S3.E7",
                    "S3.E8",
                    "S3.E9"
                ],
                "S2.E2": [
                    "S2.E3",
                    "S2.E4",
                    "S3.E5",
                    "S3.E6",
                    "S3.E7",
                    "S3.E8"
                ],
                "S2.E3": [
                    "S2.E4",
                    "S3.E5",
                    "S3.E6",
                    "S3.E7",
                    "S3.E8",
                    "S3.E9"
                ],
                "S2.E4": [
                    "S3.E5",
                    "S3.E6",
                    "S3.E7",
                    "S3.E8",
                    "S3.E9"
                ],
                "S3.E5": [],
                "S3.E6": [],
                "S3.E7": [],
                "S3.E8": [],
                "S3.E9": [],
                "S3.E10": [],
                "S3.E11": []
            },
            "Accuracy": 0.058823529411764705,
            "Precision": 0.08,
            "Recall": 0.18181818181818182,
            "F1 Score": 0.1111111111111111
        },
        "Article ID: 0907.2959": {
            "Adjacency List": {
                "S2.E1": [],
                "S2.E2": [],
                "S2.E3": [],
                "S2.E4": [],
                "S2.E5": [],
                "S2.E6": [],
                "S2.E7": [],
                "S2.E8": [],
                "S2.E9": [],
                "S2.E10": [],
                "S2.E11": [],
                "S2.E12": []
            },
            "Accuracy": 0.0,
            "Precision": 0,
            "Recall": 0.0,
            "F1 Score": 0
        },
        "Article ID: 0907.2994": {
            "Adjacency List": {
                "S0.E1": [],
                "S0.E2": [],
                "S0.E3": [],
                "S0.E4": [],
                "S0.E5": [],
                "S0.E6": [],
                "S0.E7": []
            },
            "Accuracy": 0.0,
            "Precision": 0,
            "Recall": 0.0,
            "F1 Score": 0
        },
        "Article ID: 0907.3017": {
            "Adjacency List": {
                "S1.E1": [],
                "S4.E2": [],
                "S4.E3": [],
                "S4.E4": [],
                "S4.E5": [],
                "S4.E6": [],
                "S4.E7": [],
                "S4.E8": [],
                "S4.E9": [],
                "S5.E10": [],
                "S5.E11": [],
                "S5.E12": []
            },
            "Accuracy": 0.0,
            "Precision": 0,
            "Recall": 0.0,
            "F1 Score": 0
        },
        "Article ID: 0907.3028": {
            "Adjacency List": {
                "S2.E1": [],
                "S2.E2": [],
                "S2.E3": [],
                "S2.E4": [
                    "S2.E5",
                    "S2.E6",
                    "S2.E7",
                    "S2.E8"
                ],
                "S2.E5": [
                    "S2.E6",
                    "S2.E8"
                ],
                "S2.E6": [],
                "S2.E7": [],
                "S2.E8": [],
                "S2.E9": [],
                "S4.E10": [],
                "S4.E11": [],
                "S4.E12": []
            },
            "Accuracy": 0.0,
            "Precision": 0.0,
            "Recall": 0.0,
            "F1 Score": 0
        },
        "Article ID: 0907.3040": {
            "Adjacency List": {
                "S1.E1": [],
                "S2.E2": [],
                "S2.E3": [],
                "S2.E4": [],
                "S2.E5": [],
                "S3.E6": [],
                "S3.E7": [],
                "S3.E8": [],
                "S3.E9": [],
                "S4.E10": [],
                "S4.E11": [],
                "S4.E12": [],
                "S4.E13": []
            },
            "Accuracy": 0.0,
            "Precision": 0,
            "Recall": 0.0,
            "F1 Score": 0
        },
        "Article ID: 0907.3145": {
            "Adjacency List": {
                "S1.E1": [],
                "S2.E2": [],
                "S2.E3": [],
                "S2.E4": [],
                "S2.E5": [],
                "S2.E6": [],
                "S2.E7": [],
                "S2.E8": [],
                "S3.E9": [],
                "S3.E10": [],
                "S6.E11": [],
                "S6.E12": []
            },
            "Accuracy": 0.0,
            "Precision": 0,
            "Recall": 0.0,