{
    "Correctness": {
        "Number of articles used": 10,
        "Overall Correctness": {
            "Overall Accuracy": 0.09427609427609428,
            "Overall Precision": 0.13333333333333333,
            "Overall Recall": 0.24347826086956523,
            "Overall F1 Score": 0.1723076923076923
        },
        "Aggregate Correctness Statistics": {
            "Accuracy": {
                "Mean": 0.09067582417582418,
                "Lowest": 0.0,
                "25th Quartile (Q1)": 0.05673076923076924,
                "Median": 0.08166666666666667,
                "75th Quartile (Q3)": 0.13701923076923078,
                "Highest": 0.16
            },
            "Precision": {
                "Mean": 0.1340969794094794,
                "Lowest": 0.0,
                "25th Quartile (Q1)": 0.09595959595959597,
                "Median": 0.13392857142857142,
                "75th Quartile (Q3)": 0.17933238636363635,
                "Highest": 0.25
            },
            "Recall": {
                "Mean": 0.22567027417027416,
                "Lowest": 0.0,
                "25th Quartile (Q1)": 0.1294642857142857,
                "Median": 0.2111111111111111,
                "75th Quartile (Q3)": 0.2767857142857143,
                "Highest": 0.5
            },
            "F1 Score": {
                "Mean": 0.16262739334223256,
                "Lowest": 0.0,
                "25th Quartile (Q1)": 0.10714285714285715,
                "Median": 0.150997150997151,
                "75th Quartile (Q3)": 0.24094881398252185,
                "Highest": 0.27586206896551724
            }
        }
    },
    "Results": {
        "Article ID: 0907.2648": {
            "Adjacency List": {
                "S2.E1": [
                    "S2.E2"
                ],
                "S2.E2": [
                    "S2.E3"
                ],
                "S2.E3": [
                    "S3.E5",
                    "S3.E6"
                ],
                "S3.E4": [
                    "S3.E6"
                ],
                "S3.E5": [
                    "S3.E4",
                    "S3.E6"
                ],
                "S3.E6": [],
                "S3.E7": []
            },
            "Accuracy": 0.07692307692307693,
            "Precision": 0.14285714285714285,
            "Recall": 0.14285714285714285,
            "F1 Score": 0.14285714285714285
        },
        "Article ID: 0907.2720": {
            "Adjacency List": {
                "S2.E1": [],
                "S2.E2": [
                    "S2.E1",
                    "S2.E3"
                ],
                "S2.E3": [
                    "S2.E1",
                    "S2.E5"
                ],
                "S2.E4": [
                    "S2.E1",
                    "S2.E2",
                    "S2.E3",
                    "S2.E5"
                ],
                "S2.E5": []
            },
            "Accuracy": 0.08333333333333333,
            "Precision": 0.125,
            "Recall": 0.2,
            "F1 Score": 0.15384615384615385
        },
        "Article ID: 0907.2870": {
            "Adjacency List": {
                "S0.E1": [
                    "S0.E2",
                    "S0.E3",
                    "S0.E4"
                ],
                "S0.E2": [
                    "S0.E3",
                    "S0.E4",
                    "S0.E5",
                    "S0.E6"
                ],
                "S0.E3": [
                    "S0.E4",
                    "S0.E5",
                    "S0.E6"
                ],
                "S0.E4": [
                    "S0.E5",
                    "S0.E6"
                ],
                "S0.E5": [
                    "S0.E6"
                ],
                "S0.E6": [],
                "S0.E7": []
            },
            "Accuracy": 0.05,
            "Precision": 0.07692307692307693,
            "Recall": 0.125,
            "F1 Score": 0.09523809523809525
        },
        "Article ID: 0907.2872": {
            "Adjacency List": {
                "S2.E1": [
                    "S2.E2",
                    "S2.E3"
                ],
                "S2.E2": [
                    "S2.E3"
                ],
                "S2.E3": [
                    "S3.E6",
                    "S3.E8"
                ],
                "S2.E4": [
                    "S2.E1",
                    "S2.E2",
                    "S2.E3",
                    "S3.E8"
                ],
                "S2.E5": [
                    "S2.E3",
                    "S2.E4"
                ],
                "S3.E6": [
                    "S2.E4",
                    "S3.E7",
                    "S3.E8"
                ],
                "S3.E7": [
                    "S2.E3",
                    "S2.E4",
                    "S2.E5",
                    "S3.E8"
                ],
                "S3.E8": []
            },
            "Accuracy": 0.08,
            "Precision": 0.1111111111111111,
            "Recall": 0.2222222222222222,
            "F1 Score": 0.14814814814814814
        },
        "Article ID: 0907.2959": {
            "Adjacency List": {
                "S2.E1": [
                    "S2.E2",
                    "S2.E4"
                ],
                "S2.E2": [
                    "S2.E4"
                ],
                "S2.E3": [
                    "S2.E1",
                    "S2.E2",
                    "S2.E5"
                ],
                "S2.E4": [
                    "S2.E3",
                    "S2.E5"
                ],
                "S2.E5": [],
                "S2.E6": [],
                "S2.E7": [
                    "S2.E8",
                    "S3.E9"
                ],
                "S2.E8": [
                    "S3.E9"
                ],
                "S3.E9": [],
                "S3.E10": []
            },
            "Accuracy": 0.047619047619047616,
            "Precision": 0.09090909090909091,
            "Recall": 0.09090909090909091,
            "F1 Score": 0.09090909090909091
        },
        "Article ID: 0907.2967": {
            "Adjacency List": {
                "S0.E1": [
                    "S0.E2",
                    "S0.E3",
                    "S0.E4",
                    "S0.E5"
                ],
                "S0.E2": [
                    "S0.E3",
                    "S0.E4",
                    "S0.E5",
                    "S0.E7"
                ],
                "S0.E3": [
                    "S0.E4",
                    "S0.E5",
                    "S0.E6",
                    "S0.E7",
                    "S0.E8"
                ],
                "S0.E4": [
                    "S0.E5",
                    "S0.E6",
                    "S0.E7"
                ],
                "S0.E5": [
                    "S0.E6",
                    "S0.E7",
                    "S0.E8"
                ],
                "S0.E6": [
                    "S0.E7"
                ],
                "S0.E7": [
                    "S0.E8"
                ],
                "S0.E8": []
            },
            "Accuracy": 0.16,
            "Precision": 0.19047619047619047,
            "Recall": 0.5,
            "F1 Score": 0.27586206896551724
        },
        "Article ID: 0907.2994": {
            "Adjacency List": {
                "S2.E1": [
                    "S3.E8"
                ],
                "S2.E2": [
                    "S2.E1",
                    "S3.E8"
                ],
                "S2.E3": [
                    "S2.E1",
                    "S2.E2",
                    "S3.E6",
                    "S3.E8"
                ],
                "S2.E4": [
                    "S2.E1",
                    "S2.E2",
                    "S2.E3",
                    "S3.E6",
                    "S3.E8",
                    "S3.E9",
                    "S3.E10",
                    "S3.E11",
                    "S3.E12"
                ],