{
    "Correctness": {
        "Number of articles used": 10,
        "Overall Correctness": {
            "Overall Accuracy": 0.13609467455621302,
            "Overall Precision": 0.17624521072796934,
            "Overall Recall": 0.37398373983739835,
            "Overall F1 Score": 0.23958333333333331
        },
        "Aggregate Correctness Statistics": {
            "Accuracy": {
                "Mean": 0.12926018210316695,
                "Lowest": 0.0,
                "25th Quartile (Q1)": 0.0590909090909091,
                "Median": 0.12220843672456576,
                "75th Quartile (Q3)": 0.17552026286966046,
                "Highest": 0.35
            },
            "Precision": {
                "Mean": 0.1592055718012143,
                "Lowest": 0.0,
                "25th Quartile (Q1)": 0.07916666666666666,
                "Median": 0.17049666419570053,
                "75th Quartile (Q3)": 0.21216216216216216,
                "Highest": 0.3684210526315789
            },
            "Recall": {
                "Mean": 0.3488073593073593,
                "Lowest": 0.0,
                "25th Quartile (Q1)": 0.20357142857142857,
                "Median": 0.3,
                "75th Quartile (Q3)": 0.53,
                "Highest": 0.875
            },
            "F1 Score": {
                "Mean": 0.21542280198676264,
                "Lowest": 0.0,
                "25th Quartile (Q1)": 0.1106719367588933,
                "Median": 0.21773399014778327,
                "75th Quartile (Q3)": 0.2984775641025641,
                "Highest": 0.5185185185185185
            }
        }
    },
    "Results": {
        "Article ID: 0907.2648": {
            "Adjacency List": {
                "S0.E1": [],
                "S0.E2": [
                    "S0.E3",
                    "S0.E4"
                ],
                "S0.E3": [
                    "S0.E4",
                    "S0.E5",
                    "S0.E6",
                    "S0.E7",
                    "S0.E8"
                ],
                "S0.E4": [
                    "S0.E5",
                    "S0.E6",
                    "S0.E7",
                    "S0.E8"
                ],
                "S0.E5": [
                    "S0.E6",
                    "S0.E7",
                    "S0.E8"
                ],
                "S0.E6": [
                    "S0.E7",
                    "S0.E8",
                    "S0.E9"
                ],
                "S0.E7": [
                    "S0.E8",
                    "S0.E9"
                ],
                "S0.E8": [
                    "S0.E9"
                ],
                "S0.E9": []
            },
            "Accuracy": 0.11538461538461539,
            "Precision": 0.15,
            "Recall": 0.3333333333333333,
            "F1 Score": 0.20689655172413793
        },
        "Article ID: 0907.2720": {
            "Adjacency List": {
                "S2.E1": [],
                "S2.E2": [
                    "S2.E1"
                ],
                "S2.E3": [
                    "S2.E2"
                ],
                "S2.E4": [
                    "S2.E7",
                    "S2.E8",
                    "S2.E9"
                ],
                "S2.E5": [
                    "S2.E6",
                    "S2.E8",
                    "S2.E9"
                ],
                "S2.E6": [
                    "S2.E8",
                    "S2.E9"
                ],
                "S2.E7": [
                    "S2.E5",
                    "S2.E6",
                    "S2.E8",
                    "S2.E9",
                    "S2.E12"
                ],
                "S2.E8": [
                    "S2.E9",
                    "S2.E10"
                ],
                "S2.E9": [
                    "S2.E10",
                    "S2.E12"
                ],
                "S2.E10": [
                    "S2.E7"
                ],
                "S2.E11": [],
                "S2.E12": []
            },
            "Accuracy": 0.12903225806451613,
            "Precision": 0.2,
            "Recall": 0.26666666666666666,
            "F1 Score": 0.2285714285714286
        },
        "Article ID: 0907.2870": {
            "Adjacency List": {
                "S1.E1": [],
                "S2.E2": [],
                "S2.E3": [],
                "S2.E4": [],
                "S2.E5": []
            },
            "Accuracy": 0.0,
            "Precision": 0,
            "Recall": 0.0,
            "F1 Score": 0
        },
        "Article ID: 0907.2872": {
            "Adjacency List": {
                "S0.E1": [
                    "S0.E2",
                    "S0.E3",
                    "S0.E4",
                    "S0.E5",
                    "S0.E6",
                    "S0.E7",
                    "S0.E8",
                    "S0.E9"
                ],
                "S0.E2": [
                    "S0.E3",
                    "S0.E4",
                    "S0.E5",
                    "S0.E6",
                    "S0.E7",
                    "S0.E8",
                    "S0.E9"
                ],
                "S0.E3": [
                    "S0.E4",
                    "S0.E5",
                    "S0.E6",
                    "S0.E7",
                    "S0.E8",
                    "S0.E9"
                ],
                "S0.E4": [
                    "S0.E5",
                    "S0.E6",
                    "S0.E7",
                    "S0.E8",
                    "S0.E9"
                ],
                "S0.E5": [
                    "S0.E6",
                    "S0.E8",
                    "S0.E9"
                ],
                "S0.E6": [
                    "S0.E7",
                    "S0.E8",
                    "S0.E9"
                ],
                "S0.E7": [
                    "S0.E5",
                    "S0.E8",
                    "S0.E9"
                ],
                "S0.E8": [
                    "S0.E9"
                ],
                "S0.E9": []
            },
            "Accuracy": 0.045454545454545456,
            "Precision": 0.05555555555555555,
            "Recall": 0.2,
            "F1 Score": 0.08695652173913045
        },
        "Article ID: 0907.2959": {
            "Adjacency List": {
                "S0.E1": [
                    "S0.E2",
                    "S0.E3",
                    "S0.E5"
                ],
                "S0.E2": [
                    "S0.E3",
                    "S0.E4",
                    "S0.E5",
                    "S0.E7"
                ],
                "S0.E3": [
                    "S0.E4",
                    "S0.E5",
                    "S0.E6",
                    "S0.E7"
                ],
                "S0.E4": [
                    "S0.E5",
                    "S0.E7"
                ],
                "S0.E5": [
                    "S0.E6",
                    "S0.E7",
                    "S0.E8"
                ],
                "S0.E6": [
                    "S0.E7",
                    "S0.E8"
                ],
                "S0.E7": [
                    "S0.E8"
                ],
                "S0.E8": []
            },
            "Accuracy": 0.35,
            "Precision": 0.3684210526315789,
            "Recall": 0.875,
            "F1 Score": 0.5185185185185185
        },
        "Article ID: 0907.2967": {
            "Adjacency List": {
                "S2.E1": [
                    "S2.E3"
                ],
                "S2.E2": [
                    "S2.E1",
                    "S2.E3"
                ],
                "S2.E3": [
                    "S3.E4",
                    "S3.E5",
                    "S3.E6",
                    "S3.E7"
                ],
                "S3.E4": [],
                "S3.E5": [
                    "S3.E4"
                ],
                "S3.E6": [
                    "S3.E5",
                    "S3.E8",
                    "S4.E9"
                ],