{
    "Correctness": {
        "Number of articles used": 5,
        "Overall Correctness": {
            "Overall Accuracy": 0.11196911196911197,
            "Overall Precision": 0.13488372093023257,
            "Overall Recall": 0.3972602739726027,
            "Overall F1 Score": 0.20138888888888892
        },
        "Aggregate Correctness Statistics": {
            "Accuracy": {
                "Mean": 0.10157258322151938,
                "Lowest": 0.05,
                "25th Quartile (Q1)": 0.05555555555555555,
                "Median": 0.0945945945945946,
                "75th Quartile (Q3)": 0.1375,
                "Highest": 0.1702127659574468
            },
            "Precision": {
                "Mean": 0.12757236227824462,
                "Lowest": 0.06666666666666667,
                "25th Quartile (Q1)": 0.10294117647058823,
                "Median": 0.1111111111111111,
                "75th Quartile (Q3)": 0.16666666666666666,
                "Highest": 0.19047619047619047
            },
            "Recall": {
                "Mean": 0.3721025641025641,
                "Lowest": 0.1,
                "25th Quartile (Q1)": 0.16666666666666666,
                "Median": 0.44,
                "75th Quartile (Q3)": 0.5384615384615384,
                "Highest": 0.6153846153846154
            },
            "F1 Score": {
                "Mean": 0.18120161839460086,
                "Lowest": 0.09523809523809522,
                "25th Quartile (Q1)": 0.10526315789473685,
                "Median": 0.17283950617283952,
                "75th Quartile (Q3)": 0.24175824175824176,
                "Highest": 0.2909090909090909
            }
        }
    },
    "Results": {
        "Article ID: 0907.2648": {
            "Adjacency List": {
                "S1.E1": [],
                "S1.E2": [
                    "S1.E1",
                    "S2.E3",
                    "S3.E6",
                    "S3.E8",
                    "S3.E9"
                ],
                "S2.E3": [
                    "S3.E6"
                ],
                "S2.E4": [
                    "S1.E2",
                    "S2.E3",
                    "S3.E8",
                    "S3.E9"
                ],
                "S2.E5": [
                    "S1.E1",
                    "S1.E2",
                    "S2.E3",
                    "S2.E4",
                    "S3.E8"
                ],
                "S3.E6": [
                    "S2.E4",
                    "S2.E5",
                    "S3.E8",
                    "S3.E9"
                ],
                "S3.E7": [
                    "S1.E2",
                    "S2.E3",
                    "S2.E4",
                    "S2.E5",
                    "S3.E6",
                    "S3.E8"
                ],
                "S3.E8": [
                    "S3.E9"
                ],
                "S3.E9": [
                    "S2.E5",
                    "S3.E7"
                ],
                "S3.E10": [
                    "S3.E7",
                    "S3.E9"
                ]
            },
            "Accuracy": 0.05,
            "Precision": 0.06666666666666667,
            "Recall": 0.16666666666666666,
            "F1 Score": 0.09523809523809522
        },
        "Article ID: 0907.2720": {
            "Adjacency List": {
                "S2.E1": [
                    "S2.E2",
                    "S2.E3",
                    "S2.E4",
                    "S2.E5",
                    "S2.E6",
                    "S2.E7",
                    "S2.E8",
                    "S2.E9",
                    "S2.E10",
                    "S3.E11",
                    "S4.E12"
                ],
                "S2.E2": [
                    "S2.E5",
                    "S2.E6",
                    "S2.E8",
                    "S2.E9",
                    "S2.E10",
                    "S4.E12"
                ],
                "S2.E3": [
                    "S2.E2",
                    "S2.E4",
                    "S2.E5",
                    "S2.E6",
                    "S2.E7",
                    "S2.E8",
                    "S2.E9",
                    "S2.E10",
                    "S3.E11",
                    "S4.E12"
                ],
                "S2.E4": [
                    "S2.E2",
                    "S2.E5",
                    "S2.E6",
                    "S2.E7",
                    "S2.E8",
                    "S2.E9",
                    "S2.E10",
                    "S3.E11",
                    "S4.E12"
                ],
                "S2.E5": [
                    "S2.E6",
                    "S2.E7",
                    "S2.E8",
                    "S2.E9",
                    "S2.E10",
                    "S3.E11",
                    "S4.E12"
                ],
                "S2.E6": [
                    "S2.E7",
                    "S2.E8",
                    "S2.E9",
                    "S2.E10",
                    "S3.E11",
                    "S4.E12"
                ],
                "S2.E7": [
                    "S2.E2",
                    "S2.E8",
                    "S2.E9",
                    "S2.E10",
                    "S3.E11",
                    "S4.E12",
                    "S4.E13"
                ],
                "S2.E8": [
                    "S2.E9",
                    "S2.E10",
                    "S3.E11",
                    "S4.E12"
                ],
                "S2.E9": [
                    "S2.E10",
                    "S3.E11",
                    "S4.E12"
                ],
                "S2.E10": [
                    "S3.E11",
                    "S4.E12",
                    "S4.E13"
                ],
                "S3.E11": [
                    "S4.E12"
                ],
                "S4.E12": [
                    "S4.E13"
                ],
                "S4.E13": []
            },
            "Accuracy": 0.0945945945945946,
            "Precision": 0.10294117647058823,
            "Recall": 0.5384615384615384,
            "F1 Score": 0.17283950617283952
        },
        "Article ID: 0907.2870": {
            "Adjacency List": {
                "S1.E1": [],
                "S2.E2": [
                    "S2.E3",
                    "S2.E4",
                    "S2.E5",
                    "S3.E6",
                    "S3.E7",
                    "S3.E8"
                ],
                "S2.E3": [
                    "S2.E4",
                    "S2.E5",
                    "S3.E6",
                    "S3.E7",
                    "S3.E8",
                    "S3.E9"
                ],
                "S2.E4": [
                    "S2.E5",
                    "S3.E6",
                    "S3.E7",
                    "S3.E8",
                    "S3.E9"
                ],
                "S2.E5": [
                    "S3.E6",
                    "S3.E7",
                    "S3.E8",
                    "S3.E9"
                ],
                "S3.E6": [
                    "S3.E7",
                    "S3.E8",
                    "S3.E9",
                    "S4.E10",
                    "S4.E11",
                    "S4.E12"
                ],
                "S3.E7": [
                    "S3.E8",
                    "S3.E9",
                    "S4.E10",
                    "S4.E11",
                    "S4.E12"
                ],
                "S3.E8": [
                    "S3.E9",
                    "S4.E10",
                    "S4.E11",
                    "S4.E12"
                ],
                "S3.E9": [
                    "S4.E10",
                    "S4.E11",
                    "S4.E12"
                ],
                "S4.E10": [
                    "S4.E11",
                    "S4.E12"
                ],
                "S4.E11": [
                    "S4.E12"
                ],
                "S4.E12": [],
                "S4.E13": []
            },