{
    "Correctness": {
        "Number of articles used": 10,
        "Overall Correctness": {
            "Overall Accuracy": 0.15517241379310345,
            "Overall Precision": 0.20642201834862386,
            "Overall Recall": 0.38461538461538464,
            "Overall F1 Score": 0.26865671641791045
        },
        "Aggregate Correctness Statistics": {
            "Accuracy": {
                "Mean": 0.1432129120573728,
                "Lowest": 0.0,
                "25th Quartile (Q1)": 0.05274822695035461,
                "Median": 0.16954022988505746,
                "75th Quartile (Q3)": 0.20502901353965183,
                "Highest": 0.3
            },
            "Precision": {
                "Mean": 0.20285026519787844,
                "Lowest": 0.0,
                "25th Quartile (Q1)": 0.08598531211750306,
                "Median": 0.225,
                "75th Quartile (Q3)": 0.2598684210526316,
                "Highest": 0.4166666666666667
            },
            "Recall": {
                "Mean": 0.33437714246537775,
                "Lowest": 0.0,
                "25th Quartile (Q1)": 0.13920454545454547,
                "Median": 0.34523809523809523,
                "75th Quartile (Q3)": 0.5411764705882354,
                "Highest": 0.6428571428571429
            },
            "F1 Score": {
                "Mean": 0.23867007531757642,
                "Lowest": 0.0,
                "25th Quartile (Q1)": 0.09968602825745683,
                "Median": 0.2899159663865546,
                "75th Quartile (Q3)": 0.340080971659919,
                "Highest": 0.4615384615384615
            }
        }
    },
    "Results": {
        "Article ID: 0907.2648": {
            "Adjacency List": {
                "S0.E1": [
                    "S0.E2",
                    "S0.E3"
                ],
                "S0.E2": [
                    "S0.E3"
                ],
                "S0.E3": [
                    "S0.E6"
                ],
                "S0.E4": [
                    "S0.E5",
                    "S0.E6"
                ],
                "S0.E5": [
                    "S0.E6",
                    "S0.E7",
                    "S0.E8",
                    "S0.E9"
                ],
                "S0.E6": [
                    "S0.E7",
                    "S0.E8",
                    "S0.E9"
                ],
                "S0.E7": [
                    "S0.E8",
                    "S0.E9"
                ],
                "S0.E8": [
                    "S0.E9"
                ],
                "S0.E9": []
            },
            "Accuracy": 0.18181818181818182,
            "Precision": 0.25,
            "Recall": 0.4,
            "F1 Score": 0.3076923076923077
        },
        "Article ID: 0907.2720": {
            "Adjacency List": {
                "S1.E1": [],
                "S2.E2": [
                    "S2.E3",
                    "S2.E5",
                    "S2.E6"
                ],
                "S2.E3": [
                    "S2.E5",
                    "S2.E6"
                ],
                "S2.E4": [
                    "S2.E5",
                    "S2.E6"
                ],
                "S2.E5": [
                    "S2.E6",
                    "S2.E7",
                    "S2.E8",
                    "S2.E9"
                ],
                "S2.E6": [
                    "S2.E7",
                    "S2.E8",
                    "S2.E9",
                    "S2.E10"
                ],
                "S2.E7": [
                    "S2.E8",
                    "S2.E9"
                ],
                "S2.E8": [
                    "S2.E9",
                    "S2.E10"
                ],
                "S2.E9": [
                    "S2.E10"
                ],
                "S2.E10": []
            },
            "Accuracy": 0.034482758620689655,
            "Precision": 0.05,
            "Recall": 0.1,
            "F1 Score": 0.06666666666666667
        },
        "Article ID: 0907.2870": {
            "Adjacency List": {
                "S2.E1": [
                    "S2.E3",
                    "S2.E5",
                    "S2.E7",
                    "S2.E8",
                    "S2.E9"
                ],
                "S2.E2": [
                    "S2.E1",
                    "S2.E5",
                    "S2.E6",
                    "S2.E7",
                    "S2.E8",
                    "S2.E9"
                ],
                "S2.E3": [
                    "S2.E2",
                    "S2.E4",
                    "S2.E5",
                    "S2.E6",
                    "S2.E7",
                    "S2.E8",
                    "S2.E9"
                ],
                "S2.E4": [
                    "S2.E2",
                    "S2.E5",
                    "S2.E6",
                    "S2.E7",
                    "S2.E8",
                    "S2.E9",
                    "S2.E10"
                ],
                "S2.E5": [
                    "S2.E6",
                    "S2.E7",
                    "S2.E8",
                    "S2.E9",
                    "S2.E10"
                ],
                "S2.E6": [
                    "S2.E7",
                    "S2.E8",
                    "S2.E9",
                    "S2.E10"
                ],
                "S2.E7": [
                    "S2.E8",
                    "S2.E9",
                    "S2.E10"
                ],
                "S2.E8": [
                    "S2.E9",
                    "S2.E10"
                ],
                "S2.E9": [
                    "S2.E10"
                ],
                "S2.E10": []
            },
            "Accuracy": 0.2127659574468085,
            "Precision": 0.25,
            "Recall": 0.5882352941176471,
            "F1 Score": 0.3508771929824561
        },
        "Article ID: 0907.2872": {
            "Adjacency List": {
                "S0.E1": [
                    "S0.E2"
                ],
                "S0.E2": [],
                "S0.E3": [],
                "S0.E4": [
                    "S0.E5",
                    "S0.E6"
                ],
                "S0.E5": [
                    "S0.E6"
                ],
                "S0.E6": [
                    "S0.E7",
                    "S0.E8",
                    "S0.E9",
                    "S0.E10"
                ],
                "S0.E7": [
                    "S0.E8"
                ],
                "S0.E8": [
                    "S0.E9",
                    "S0.E10"
                ],
                "S0.E9": [
                    "S0.E10"
                ],
                "S0.E10": []
            },
            "Accuracy": 0.23809523809523808,
            "Precision": 0.4166666666666667,
            "Recall": 0.35714285714285715,
            "F1 Score": 0.3846153846153846
        },
        "Article ID: 0907.2959": {
            "Adjacency List": {
                "S2.E1": [
                    "S2.E4",
                    "S2.E5"
                ],
                "S2.E2": [
                    "S2.E1",
                    "S2.E5"
                ],
                "S2.E3": [
                    "S2.E1",
                    "S2.E2",
                    "S3.E8"
                ],
                "S2.E4": [
                    "S2.E2",
                    "S2.E3",
                    "S2.E5",
                    "S3.E6",
                    "S3.E8",
                    "S3.E9"
                ],
                "S2.E5": [
                    "S2.E3",
                    "S3.E6",
                    "S3.E8"
                ],
                "S3.E6": [
                    "S2.E3",
                    "S3.E8"
                ],
                "S3.E7": [
                    "S2.E1",
                    "S2.E2",
                    "S2.E3",
                    "S2.E4",
                    "S2.E5",
                    "S3.E6"
                ],