{
    "Correctness": {
        "Number of articles used": 10,
        "Overall Correctness": {
            "Overall Accuracy": 0.13875598086124402,
            "Overall Precision": 0.26126126126126126,
            "Overall Recall": 0.2283464566929134,
            "Overall F1 Score": 0.2436974789915966
        },
        "Aggregate Correctness Statistics": {
            "Accuracy": {
                "Mean": 0.14280483259430626,
                "Lowest": 0.0,
                "25th Quartile (Q1)": 0.07852564102564102,
                "Median": 0.12142857142857143,
                "75th Quartile (Q3)": 0.20666666666666667,
                "Highest": 0.3157894736842105
            },
            "Precision": {
                "Mean": 0.24924450549450552,
                "Lowest": 0.0,
                "25th Quartile (Q1)": 0.1622596153846154,
                "Median": 0.225,
                "75th Quartile (Q3)": 0.37142857142857144,
                "Highest": 0.46153846153846156
            },
            "Recall": {
                "Mean": 0.23192307692307695,
                "Lowest": 0.0,
                "25th Quartile (Q1)": 0.13846153846153847,
                "Median": 0.20833333333333331,
                "75th Quartile (Q3)": 0.31666666666666665,
                "Highest": 0.5
            },
            "F1 Score": {
                "Mean": 0.23908770539805024,
                "Lowest": 0.0,
                "25th Quartile (Q1)": 0.14560439560439561,
                "Median": 0.21590909090909088,
                "75th Quartile (Q3)": 0.341692789968652,
                "Highest": 0.48000000000000004
            }
        }
    },
    "Results": {
        "Article ID: 0907.2648": {
            "Adjacency List": {
                "S1.E1": [
                    null
                ],
                "S1.E2": [
                    null
                ],
                "S2.E3": [
                    null
                ],
                "S2.E4": [
                    null
                ],
                "S2.E5": [
                    null
                ],
                "S2.E6": [
                    null
                ],
                "S2.E7": [
                    null
                ],
                "S3.E8": [
                    null
                ]
            },
            "Accuracy": 0.14285714285714285,
            "Precision": 0.25,
            "Recall": 0.25,
            "F1 Score": 0.25
        },
        "Article ID: 0907.2720": {
            "Adjacency List": {
                "S1.E1": [
                    "S1.E4"
                ],
                "S1.E2": [
                    "S1.E4"
                ],
                "S1.E3": [
                    "S1.E4"
                ],
                "S1.E4": [
                    null
                ]
            },
            "Accuracy": 0.0,
            "Precision": 0.0,
            "Recall": 0.0,
            "F1 Score": 0
        },
        "Article ID: 0907.2870": {
            "Adjacency List": {
                "S2.E1": [
                    null
                ],
                "S2.E2": [
                    null
                ],
                "S2.E3": [
                    null
                ],
                "S3.E4": [
                    null
                ],
                "S3.E5": [
                    null
                ],
                "S4.E6": [
                    null
                ],
                "S4.E7": [
                    null
                ],
                "S4.E8": [
                    null
                ],
                "S4.E9": [
                    null
                ],
                "S4.E10": [
                    null
                ]
            },
            "Accuracy": 0.25,
            "Precision": 0.4,
            "Recall": 0.4,
            "F1 Score": 0.4000000000000001
        },
        "Article ID: 0907.2872": {
            "Adjacency List": {
                "S0.E1": [
                    null
                ],
                "S0.E2": [
                    null
                ],
                "S0.E3": [
                    null
                ],
                "S0.E4": [
                    null
                ],
                "S0.E5": [
                    null
                ],
                "S0.E6": [
                    null
                ],
                "S0.E7": [
                    null
                ],
                "S0.E8": [
                    null
                ],
                "S0.E9": [
                    null
                ],
                "S0.E10": [
                    null
                ],
                "S0.E11": [
                    null
                ],
                "S0.E12": [
                    null
                ],
                "S0.E13": [
                    null
                ]
            },
            "Accuracy": 0.08333333333333333,
            "Precision": 0.15384615384615385,
            "Recall": 0.15384615384615385,
            "F1 Score": 0.15384615384615385
        },
        "Article ID: 0907.2959": {
            "Adjacency List": {
                "S2.E1": [
                    null
                ],
                "S2.E2": [
                    null
                ],
                "S2.E3": [
                    null
                ],
                "S2.E4": [
                    "S2.E5",
                    "S2.E6"
                ],
                "S2.E5": [
                    "S2.E6"
                ],
                "S2.E6": [
                    null
                ],
                "S2.E7": [
                    null
                ],
                "S2.E8": [
                    null
                ],
                "S2.E9": [
                    null
                ],
                "S4.E10": [
                    "S4.E12"
                ],
                "S4.E11": [
                    "S4.E12"
                ],
                "S4.E12": [
                    null
                ]
            },
            "Accuracy": 0.3157894736842105,
            "Precision": 0.46153846153846156,
            "Recall": 0.5,
            "F1 Score": 0.48000000000000004
        },
        "Article ID: 0907.2994": {
            "Adjacency List": {
                "S0.E1": [
                    null
                ],
                "S0.E2": [
                    null
                ],
                "S0.E3": [
                    null
                ],
                "S0.E4": [
                    null
                ],
                "S0.E5": [
                    null
                ],
                "S0.E6": [
                    null
                ],
                "S0.E7": [
                    null
                ],
                "S0.E8": [
                    null
                ],
                "S0.E9": [
                    null
                ],
                "S0.E10": [
                    null
                ],
                "S0.E11": [
                    null
                ],
                "S0.E12": [
                    null
                ],
                "S0.E13": [
                    null
                ],
                "S0.E14": [
                    null
                ]
            },
            "Accuracy": 0.16,
            "Precision": 0.2857142857142857,
            "Recall": 0.26666666666666666,
            "F1 Score": 0.2758620689655172
        },
        "Article ID: 0907.3017": {
            "Adjacency List": {
                "S2.E1": [
                    null
                ],
                "S2.E2": [
                    null
                ],
                "S2.E3": [
                    null
                ],
                "S2.E4": [
                    null
                ],
                "S2.E5": [
                    null
                ],
                "S2.E6": [
                    "S2.E5"
                ],