{
    "Correctness": {
        "Number of articles used": 10,
        "Overall Correctness": {
            "Overall Accuracy": 0.8941524796447077,
            "Overall Precision": 0.4154929577464789,
            "Overall Recall": 0.4957983193277311,
            "Overall F1 Score": 0.4521072796934866
        },
        "Aggregate Correctness Statistics": {
            "Accuracy": {
                "Mean": 0.8872103711572376,
                "Lowest": 0.7931034482758621,
                "25th Quartile (Q1)": 0.8602204681545998,
                "Median": 0.8878406708595388,
                "75th Quartile (Q3)": 0.916747572815534,
                "Highest": 0.9818181818181818
            },
            "Precision": {
                "Mean": 0.4563744588744589,
                "Lowest": 0.2222222222222222,
                "25th Quartile (Q1)": 0.28928571428571426,
                "Median": 0.4222222222222222,
                "75th Quartile (Q3)": 0.59375,
                "Highest": 0.9
            },
            "Recall": {
                "Mean": 0.5020614035087719,
                "Lowest": 0.2222222222222222,
                "25th Quartile (Q1)": 0.3,
                "Median": 0.4722222222222222,
                "75th Quartile (Q3)": 0.5822368421052632,
                "Highest": 0.9
            },
            "F1 Score": {
                "Mean": 0.4695321556846058,
                "Lowest": 0.2222222222222222,
                "25th Quartile (Q1)": 0.29419813902572517,
                "Median": 0.4222222222222223,
                "75th Quartile (Q3)": 0.5512820512820513,
                "Highest": 0.9
            }
        }
    },
    "Results": {
        "Article ID: 0907.2648": {
            "Adjacency List": {
                "S0.E1": [
                    "S0.E3",
                    "S0.E4"
                ],
                "S0.E2": [
                    "S0.E3",
                    "S0.E4"
                ],
                "S0.E3": [
                    "S0.E4",
                    "S0.E7"
                ],
                "S0.E4": [
                    null
                ],
                "S0.E5": [
                    null
                ],
                "S0.E6": [
                    null
                ],
                "S0.E7": [
                    "S0.E8",
                    "S0.E9"
                ],
                "S0.E8": [
                    null
                ],
                "S0.E9": [
                    null
                ],
                "S0.E10": [
                    null
                ]
            },
            "Accuracy": 0.8867924528301887,
            "Precision": 0.5,
            "Recall": 0.5833333333333334,
            "F1 Score": 0.5384615384615384
        },
        "Article ID: 0907.2720": {
            "Adjacency List": {
                "S0.E1": [
                    null
                ],
                "S0.E2": [
                    null
                ],
                "S0.E3": [
                    null
                ],
                "S0.E4": [
                    "S0.E5",
                    "S0.E10",
                    "S0.E11",
                    "S0.E12",
                    "S0.E13"
                ],
                "S0.E5": [
                    "S0.E11",
                    "S0.E12",
                    "S0.E13"
                ],
                "S0.E6": [
                    "S0.E11",
                    "S0.E12",
                    "S0.E13"
                ],
                "S0.E7": [
                    "S0.E9",
                    "S0.E10",
                    "S0.E11",
                    "S0.E12",
                    "S0.E13"
                ],
                "S0.E8": [
                    "S0.E9",
                    "S0.E10",
                    "S0.E11",
                    "S0.E12",
                    "S0.E13",
                    "S0.E14",
                    "S0.E15"
                ],
                "S0.E9": [
                    "S0.E10",
                    "S0.E11",
                    "S0.E12",
                    "S0.E13",
                    "S0.E14"
                ],
                "S0.E10": [
                    "S0.E11",
                    "S0.E12",
                    "S0.E13",
                    "S0.E14"
                ],
                "S0.E11": [
                    "S0.E12",
                    "S0.E13"
                ],
                "S0.E12": [
                    null
                ],
                "S0.E13": [
                    null
                ],
                "S0.E14": [
                    null
                ],
                "S0.E15": [
                    null
                ],
                "S0.E16": [
                    null
                ],
                "S0.E17": [
                    null
                ],
                "S0.E18": [
                    null
                ]
            },
            "Accuracy": 0.8772455089820359,
            "Precision": 0.25,
            "Recall": 0.5789473684210527,
            "F1 Score": 0.3492063492063492
        },
        "Article ID: 0907.2870": {
            "Adjacency List": {
                "S1.E1": [
                    null
                ],
                "S2.E2": [
                    null
                ],
                "S2.E3": [
                    null
                ],
                "S2.E4": [
                    null
                ],
                "S2.E5": [
                    null
                ],
                "S2.E6": [
                    null
                ],
                "S2.E7": [
                    null
                ],
                "S2.E8": [
                    null
                ],
                "S2.E9": [
                    null
                ],
                "S2.E10": [
                    null
                ]
            },
            "Accuracy": 0.9818181818181818,
            "Precision": 0.9,
            "Recall": 0.9,
            "F1 Score": 0.9
        },
        "Article ID: 0907.2872": {
            "Adjacency List": {
                "S2.E1": [
                    "S2.E2"
                ],
                "S2.E2": [
                    null
                ],
                "S2.E3": [
                    null
                ],
                "S2.E4": [
                    null
                ],
                "S2.E5": [
                    null
                ],
                "S2.E6": [
                    null
                ],
                "S2.E7": [
                    null
                ],
                "S2.E8": [
                    null
                ],
                "S3.E9": [
                    null
                ]
            },
            "Accuracy": 0.8888888888888888,
            "Precision": 0.4444444444444444,
            "Recall": 0.4444444444444444,
            "F1 Score": 0.4444444444444444
        },
        "Article ID: 0907.2959": {
            "Adjacency List": {
                "S0.E1": [
                    null
                ],
                "S0.E2": [
                    null
                ],
                "S0.E3": [
                    "S0.E4",
                    "S0.E5",
                    "S0.E8"
                ],
                "S0.E4": [
                    "S0.E5",
                    "S0.E8"
                ],
                "S0.E5": [
                    "S0.E8"
                ],
                "S0.E6": [
                    null
                ],
                "S0.E7": [
                    "S0.E8"
                ],
                "S0.E8": [
                    null
                ]
            },
            "Accuracy": 0.9264705882352942,
            "Precision": 0.6363636363636364,
            "Recall": 0.875,
            "F1 Score": 0.7368421052631579
        },