{
    "Correctness": {
        "Number of articles used": 25,
        "Overall Correctness": {
            "Overall Accuracy": 0.010362694300518135,
            "Overall Precision": 0.06349206349206349,
            "Overall Recall": 0.012232415902140673,
            "Overall F1 Score": 0.02051282051282051
        },
        "Aggregate Correctness Statistics": {
            "Accuracy": {
                "Mean": 0.009385351490614648,
                "Lowest": 0.0,
                "25th Quartile (Q1)": 0.0,
                "Median": 0.0,
                "75th Quartile (Q3)": 0.0,
                "Highest": 0.10526315789473684
            },
            "Precision": {
                "Mean": 0.03238095238095238,
                "Lowest": 0.0,
                "25th Quartile (Q1)": 0.0,
                "Median": 0.0,
                "75th Quartile (Q3)": 0.0,
                "Highest": 0.5
            },
            "Recall": {
                "Mean": 0.018488888888888888,
                "Lowest": 0.0,
                "25th Quartile (Q1)": 0.0,
                "Median": 0.0,
                "75th Quartile (Q3)": 0.0,
                "Highest": 0.2222222222222222
            },
            "F1 Score": {
                "Mean": 0.01724867724867725,
                "Lowest": 0.0,
                "25th Quartile (Q1)": 0.0,
                "Median": 0.0,
                "75th Quartile (Q3)": 0.0,
                "Highest": 0.1904761904761905
            }
        }
    },
    "Results": {
        "Article ID: 0907.2648": {
            "Adjacency List": {
                "S3.E1": [],
                "S3.E2": [],
                "S3.E3": [
                    "S3.E7"
                ],
                "S3.E4": [
                    "S3.E7",
                    "S6.E8",
                    "S6.E9"
                ],
                "S3.E5": [
                    "S3.E7",
                    "S6.E8",
                    "S6.E9"
                ],
                "S3.E6": [
                    "S3.E7",
                    "S6.E8",
                    "S6.E9"
                ],
                "S3.E7": [
                    "S6.E8",
                    "S6.E9"
                ],
                "S6.E8": [],
                "S6.E9": []
            },
            "Accuracy": 0.10526315789473684,
            "Precision": 0.16666666666666666,
            "Recall": 0.2222222222222222,
            "F1 Score": 0.1904761904761905
        },
        "Article ID: 0907.2720": {
            "Adjacency List": {
                "S2.E1": [],
                "S2.E2": [],
                "S2.E3": [
                    "S2.E5"
                ],
                "S2.E4": [
                    "S2.E5"
                ],
                "S2.E5": []
            },
            "Accuracy": 0.0,
            "Precision": 0.0,
            "Recall": 0.0,
            "F1 Score": 0
        },
        "Article ID: 0907.2870": {
            "Adjacency List": {
                "S0.E1": [
                    "S0.E6"
                ],
                "S0.E2": [
                    "S0.E6"
                ],
                "S0.E3": [
                    "S0.E6"
                ],
                "S0.E4": [
                    "S0.E6"
                ],
                "S0.E5": [
                    "S0.E6"
                ],
                "S0.E6": []
            },
            "Accuracy": 0.0,
            "Precision": 0.0,
            "Recall": 0.0,
            "F1 Score": 0
        },
        "Article ID: 0907.2872": {
            "Adjacency List": {
                "S3.E1": [],
                "S3.E2": [],
                "S3.E3": [],
                "S3.E4": [],
                "S3.E5": [],
                "S3.E6": [],
                "S3.E7": [],
                "S3.E8": [],
                "S3.E9": [],
                "S3.E10": [],
                "S3.E11": [],
                "S3.E12": [],
                "S3.E13": [],
                "S3.E14": [],
                "S3.E15": [],
                "S3.E16": [],
                "S3.E17": [],
                "S3.E18": [],
                "S3.E19": []
            },
            "Accuracy": 0.0,
            "Precision": 0,
            "Recall": 0.0,
            "F1 Score": 0
        },
        "Article ID: 0907.2959": {
            "Adjacency List": {
                "S2.E1": [],
                "S2.E2": [],
                "S2.E3": [],
                "S3.E4": [],
                "S3.E5": [],
                "S4.E6": [],
                "S4.E7": [],
                "S4.E8": [],
                "S4.E9": [],
                "S4.E10": []
            },
            "Accuracy": 0.0,
            "Precision": 0,
            "Recall": 0.0,
            "F1 Score": 0
        },
        "Article ID: 0907.2994": {
            "Adjacency List": {
                "S2.E1": [],
                "S2.E2": [],
                "S2.E3": [],
                "S2.E4": [],
                "S2.E5": [],
                "S2.E6": [],
                "S2.E7": [],
                "S2.E8": [],
                "S2.E9": [],
                "S2.E10": [],
                "S2.E11": [],
                "S2.E12": []
            },
            "Accuracy": 0.0,
            "Precision": 0,
            "Recall": 0.0,
            "F1 Score": 0
        },
        "Article ID: 0907.3017": {
            "Adjacency List": {
                "S0.E1": [],
                "S0.E2": [],
                "S0.E3": [],
                "S0.E4": [],
                "S0.E5": [],
                "S0.E6": [],
                "S0.E7": [],
                "S0.E8": [],
                "S0.E9": [],
                "S0.E10": [],
                "S0.E11": [],
                "S0.E12": [],
                "S0.E13": []
            },
            "Accuracy": 0.0,
            "Precision": 0,
            "Recall": 0.0,
            "F1 Score": 0
        },
        "Article ID: 0907.3028": {
            "Adjacency List": {
                "S0.E1": [
                    "S0.E2"
                ],
                "S0.E2": [],
                "S0.E3": [],
                "S0.E4": [
                    "S0.E7"
                ],
                "S0.E5": [
                    "S0.E7"
                ],
                "S0.E6": [
                    "S0.E7"
                ],
                "S0.E7": []
            },
            "Accuracy": 0.0,
            "Precision": 0.0,
            "Recall": 0.0,
            "F1 Score": 0
        },
        "Article ID: 0907.3040": {
            "Adjacency List": {
                "S2.E1": [],
                "S2.E2": [],
                "S2.E3": [],
                "S2.E4": [],
                "S2.E5": [],
                "S3.E6": [],
                "S3.E7": [
                    "S3.E8"
                ],
                "S3.E8": []
            },
            "Accuracy": 0.0,
            "Precision": 0.0,
            "Recall": 0.0,
            "F1 Score": 0
        },
        "Article ID: 0907.3145": {
            "Adjacency List": {
                "S2.E1": [
                    "S4.E12"
                ],
                "S2.E2": [
                    "S4.E12"
                ],
                "S2.E3": [
                    "S4.E12"
                ],
                "S2.E4": [
                    "S4.E12"
                ],
                "S2.E5": [
                    "S4.E12"
                ],
                "S2.E6": [
                    "S4.E12"
                ],
                "S2.E7": [
                    "S2.E9",
                    "S4.E12"
                ],
                "S2.E8": [
                    "S2.E9",
                    "S4.E12"
                ],
                "S2.E9": [
                    "S4.E12"
                ],
                "S4.E10": [
                    "S4.E12"
                ],
                "S4.E11": [
                    "S4.E12"
                ],
                "S4.E12": []
            },
            "Accuracy": 0.0,