{
    "Correctness": {
        "Number of articles used": 10,
        "Overall Correctness": {
            "Overall Accuracy": 0.8908730158730159,
            "Overall Precision": 0.45454545454545453,
            "Overall Recall": 0.44554455445544555,
            "Overall F1 Score": 0.45
        },
        "Aggregate Correctness Statistics": {
            "Accuracy": {
                "Mean": 0.8827287308534215,
                "Lowest": 0.8095238095238095,
                "25th Quartile (Q1)": 0.8587662337662337,
                "Median": 0.8870590735231618,
                "75th Quartile (Q3)": 0.9136302835741038,
                "Highest": 0.9325842696629213
            },
            "Precision": {
                "Mean": 0.4721978021978022,
                "Lowest": 0.21428571428571427,
                "25th Quartile (Q1)": 0.3333333333333333,
                "Median": 0.5,
                "75th Quartile (Q3)": 0.6,
                "Highest": 0.6666666666666666
            },
            "Recall": {
                "Mean": 0.465,
                "Lowest": 0.2,
                "25th Quartile (Q1)": 0.3333333333333333,
                "Median": 0.5,
                "75th Quartile (Q3)": 0.5958333333333333,
                "Highest": 0.6666666666666666
            },
            "F1 Score": {
                "Mean": 0.46674132280302877,
                "Lowest": 0.20689655172413796,
                "25th Quartile (Q1)": 0.3333333333333333,
                "Median": 0.5192307692307692,
                "75th Quartile (Q3)": 0.5928571428571429,
                "Highest": 0.6666666666666666
            }
        }
    },
    "Results": {
        "Article ID: 0907.2648": {
            "Adjacency List": {
                "S0.E1": [
                    "S0.E3",
                    "S0.E4"
                ],
                "S0.E2": [
                    "S0.E3",
                    "S0.E4",
                    "S0.E5"
                ],
                "S0.E3": [
                    "S0.E4",
                    "S0.E5"
                ],
                "S0.E4": [
                    "S0.E5"
                ],
                "S0.E5": [
                    null
                ],
                "S0.E6": [
                    null
                ],
                "S0.E7": [
                    "S0.E9"
                ],
                "S0.E8": [
                    "S0.E9"
                ],
                "S0.E9": [
                    null
                ],
                "S0.E10": [
                    null
                ]
            },
            "Accuracy": 0.8846153846153846,
            "Precision": 0.5,
            "Recall": 0.5833333333333334,
            "F1 Score": 0.5384615384615384
        },
        "Article ID: 0907.2720": {
            "Adjacency List": {
                "S0.E1": [
                    null
                ],
                "S0.E2": [
                    "S0.E3"
                ],
                "S0.E3": [
                    null
                ],
                "S0.E4": [
                    null
                ],
                "S0.E5": [
                    null
                ],
                "S0.E6": [
                    "S0.E9"
                ],
                "S0.E7": [
                    "S0.E9"
                ],
                "S0.E8": [
                    "S0.E9"
                ],
                "S0.E9": [
                    null
                ]
            },
            "Accuracy": 0.8636363636363636,
            "Precision": 0.3333333333333333,
            "Recall": 0.3333333333333333,
            "F1 Score": 0.3333333333333333
        },
        "Article ID: 0907.2870": {
            "Adjacency List": {
                "S2.E1": [
                    null
                ],
                "S2.E2": [
                    null
                ],
                "S2.E3": [
                    null
                ],
                "S3.E4": [
                    null
                ],
                "S3.E5": [
                    null
                ],
                "S3.E6": [
                    null
                ],
                "S3.E7": [
                    null
                ],
                "S3.E8": [
                    null
                ],
                "S3.E9": [
                    null
                ],
                "S3.E10": [
                    null
                ],
                "S3.E11": [
                    null
                ],
                "S3.E12": [
                    null
                ],
                "S3.E13": [
                    null
                ],
                "S3.E14": [
                    null
                ]
            },
            "Accuracy": 0.8904761904761904,
            "Precision": 0.21428571428571427,
            "Recall": 0.2,
            "F1 Score": 0.20689655172413796
        },
        "Article ID: 0907.2872": {
            "Adjacency List": {
                "S0.E1": [
                    null
                ],
                "S0.E2": [
                    null
                ],
                "S0.E3": [
                    null
                ],
                "S0.E4": [
                    null
                ],
                "S0.E5": [
                    null
                ],
                "S0.E6": [
                    null
                ]
            },
            "Accuracy": 0.8571428571428571,
            "Precision": 0.6666666666666666,
            "Recall": 0.5,
            "F1 Score": 0.5714285714285715
        },
        "Article ID: 0907.2959": {
            "Adjacency List": {
                "S0.E1": [
                    null
                ],
                "S0.E2": [
                    null
                ],
                "S0.E3": [
                    null
                ],
                "S0.E4": [
                    null
                ],
                "S0.E5": [
                    null
                ],
                "S0.E6": [
                    null
                ]
            },
            "Accuracy": 0.8095238095238095,
            "Precision": 0.3333333333333333,
            "Recall": 0.3333333333333333,
            "F1 Score": 0.3333333333333333
        },
        "Article ID: 0907.2994": {
            "Adjacency List": {
                "S0.E1": [
                    null
                ],
                "S0.E2": [
                    "S0.E3"
                ],
                "S0.E3": [
                    null
                ],
                "S0.E4": [
                    "S0.E2",
                    "S0.E3"
                ],
                "S0.E5": [
                    null
                ],
                "S0.E6": [
                    null
                ],
                "S0.E7": [
                    null
                ],
                "S0.E8": [
                    null
                ],
                "S0.E9": [
                    null
                ]
            },
            "Accuracy": 0.9213483146067416,
            "Precision": 0.6,
            "Recall": 0.6666666666666666,
            "F1 Score": 0.631578947368421
        },
        "Article ID: 0907.3017": {
            "Adjacency List": {
                "S2.E1": [
                    null
                ],
                "S2.E2": [
                    "S2.E3"
                ],
                "S2.E3": [
                    null
                ],
                "S2.E4": [
                    null
                ],
                "S2.E5": [
                    null
                ],
                "S2.E6": [
                    null
                ],
                "S2.E7": [
                    null
                ],
                "S2.E8": [
                    null
                ],
                "S3.E9": [
                    null
                ]
            },
            "Accuracy": 0.9325842696629213,