{
    "Correctness": {
        "Number of articles used": 15,
        "Overall Correctness": {
            "Overall Accuracy": 0.3828125,
            "Overall Precision": 0.56,
            "Overall Recall": 0.547486033519553,
            "Overall F1 Score": 0.5536723163841808
        },
        "Aggregate Correctness Statistics": {
            "Accuracy": {
                "Mean": 0.4387897042078775,
                "Lowest": 0.08333333333333333,
                "25th Quartile (Q1)": 0.253448275862069,
                "Median": 0.47058823529411764,
                "75th Quartile (Q3)": 0.5833333333333333,
                "Highest": 0.9230769230769231
            },
            "Precision": {
                "Mean": 0.5744573944573944,
                "Lowest": 0.18181818181818182,
                "25th Quartile (Q1)": 0.37254901960784315,
                "Median": 0.6,
                "75th Quartile (Q3)": 0.75,
                "Highest": 1.0
            },
            "Recall": {
                "Mean": 0.5634642481701306,
                "Lowest": 0.13333333333333333,
                "25th Quartile (Q1)": 0.3907563025210084,
                "Median": 0.6363636363636364,
                "75th Quartile (Q3)": 0.7529411764705882,
                "Highest": 0.9230769230769231
            },
            "F1 Score": {
                "Mean": 0.5669214616583037,
                "Lowest": 0.15384615384615383,
                "25th Quartile (Q1)": 0.4021978021978022,
                "Median": 0.64,
                "75th Quartile (Q3)": 0.7333333333333334,
                "Highest": 0.9600000000000001
            }
        }
    },
    "Results": {
        "Article ID: 0907.2648": {
            "Adjacency List": {
                "S0.E1": [
                    "S0.E2",
                    "S0.E3",
                    "S0.E4",
                    "S0.E5"
                ],
                "S0.E2": [
                    null
                ],
                "S0.E3": [
                    null
                ],
                "S0.E4": [
                    null
                ],
                "S0.E5": [
                    null
                ],
                "S0.E6": [
                    null
                ],
                "S0.E7": [
                    null
                ],
                "S0.E8": [
                    null
                ],
                "S0.E9": [
                    null
                ],
                "S0.E10": [
                    null
                ],
                "S0.E11": [
                    null
                ],
                "S0.E12": [
                    null
                ],
                "S0.E13": [
                    null
                ],
                "S0.E14": [
                    null
                ],
                "S0.E15": [
                    null
                ],
                "S0.E16": [
                    null
                ],
                "S0.E17": [
                    null
                ]
            },
            "Accuracy": 0.48,
            "Precision": 0.6,
            "Recall": 0.7058823529411765,
            "F1 Score": 0.6486486486486486
        },
        "Article ID: 0907.2720": {
            "Adjacency List": {
                "S2.E1": [
                    null
                ],
                "S2.E2": [
                    null
                ],
                "S2.E3": [
                    null
                ],
                "S2.E4": [
                    null
                ],
                "S2.E5": [
                    null
                ],
                "S2.E6": [
                    null
                ]
            },
            "Accuracy": 0.3,
            "Precision": 0.5,
            "Recall": 0.42857142857142855,
            "F1 Score": 0.4615384615384615
        },
        "Article ID: 0907.2870": {
            "Adjacency List": {
                "S1.E1": [
                    null
                ],
                "S2.E2": [
                    null
                ],
                "S2.E3": [
                    null
                ],
                "S2.E4": [
                    null
                ],
                "S2.E5": [
                    null
                ],
                "S2.E6": [
                    null
                ],
                "S2.E7": [
                    null
                ],
                "S2.E8": [
                    null
                ],
                "S2.E9": [
                    null
                ],
                "S2.E10": [
                    null
                ]
            },
            "Accuracy": 0.8181818181818182,
            "Precision": 0.9,
            "Recall": 0.9,
            "F1 Score": 0.9
        },
        "Article ID: 0907.2872": {
            "Adjacency List": {
                "S2.E1": [
                    null
                ],
                "S2.E2": [
                    null
                ],
                "S2.E3": [
                    null
                ],
                "S2.E4": [
                    "S2.E5"
                ],
                "S2.E5": [
                    null
                ]
            },
            "Accuracy": 0.6666666666666666,
            "Precision": 0.8,
            "Recall": 0.8,
            "F1 Score": 0.8000000000000002
        },
        "Article ID: 0907.2959": {
            "Adjacency List": {
                "S2.E1": [
                    null
                ],
                "S2.E2": [
                    null
                ],
                "S2.E3": [
                    null
                ],
                "S2.E4": [
                    "S2.E5",
                    "S2.E9",
                    "S2.E10"
                ],
                "S2.E5": [
                    "S2.E9",
                    "S2.E10"
                ],
                "S2.E6": [
                    "S2.E9"
                ],
                "S2.E7": [
                    "S2.E9",
                    "S2.E10"
                ],
                "S2.E8": [
                    "S2.E9"
                ],
                "S2.E9": [
                    "S2.E10"
                ],
                "S2.E10": [
                    null
                ],
                "S3.E11": [
                    null
                ],
                "S4.E12": [
                    null
                ],
                "S4.E13": [
                    null
                ]
            },
            "Accuracy": 0.30434782608695654,
            "Precision": 0.4117647058823529,
            "Recall": 0.5384615384615384,
            "F1 Score": 0.4666666666666667
        },
        "Article ID: 0907.2994": {
            "Adjacency List": {
                "S2.E1": [
                    null
                ],
                "S2.E2": [
                    null
                ],
                "S2.E3": [
                    "S2.E5"
                ],
                "S2.E4": [
                    "S2.E5"
                ],
                "S2.E5": [
                    null
                ]
            },
            "Accuracy": 0.1111111111111111,
            "Precision": 0.2,
            "Recall": 0.2,
            "F1 Score": 0.20000000000000004
        },
        "Article ID: 0907.3017": {
            "Adjacency List": {
                "S2.E1": [
                    null
                ],
                "S2.E2": [
                    null
                ],
                "S2.E3": [
                    "S2.E4"
                ],
                "S2.E4": [
                    null
                ],
                "S2.E5": [
                    null
                ],
                "S2.E6": [
                    "S2.E7",
                    "S2.E8",
                    "S2.E9",
                    "S2.E10"
                ],