{
    "Correctness": {
        "Number of articles used": 5,
        "Overall Correctness": {
            "Overall Accuracy": 0.0945945945945946,
            "Overall Precision": 0.11052631578947368,
            "Overall Recall": 0.39622641509433965,
            "Overall F1 Score": 0.1728395061728395
        },
        "Aggregate Correctness Statistics": {
            "Accuracy": {
                "Mean": 0.1334439038773404,
                "Lowest": 0.058823529411764705,
                "25th Quartile (Q1)": 0.08333333333333333,
                "Median": 0.09649122807017543,
                "75th Quartile (Q3)": 0.14285714285714285,
                "Highest": 0.2857142857142857
            },
            "Precision": {
                "Mean": 0.20370370370370372,
                "Lowest": 0.06666666666666667,
                "25th Quartile (Q1)": 0.10185185185185185,
                "Median": 0.2,
                "75th Quartile (Q3)": 0.25,
                "Highest": 0.4
            },
            "Recall": {
                "Mean": 0.37107843137254903,
                "Lowest": 0.125,
                "25th Quartile (Q1)": 0.25,
                "Median": 0.3333333333333333,
                "75th Quartile (Q3)": 0.5,
                "Highest": 0.6470588235294118
            },
            "F1 Score": {
                "Mean": 0.2270803418803419,
                "Lowest": 0.1111111111111111,
                "25th Quartile (Q1)": 0.15384615384615385,
                "Median": 0.176,
                "75th Quartile (Q3)": 0.25,
                "Highest": 0.4444444444444445
            }
        }
    },
    "Results": {
        "Article ID: 0907.2648": {
            "Adjacency List": {
                "S2.E1": [
                    "S2.E8",
                    "S2.E9"
                ],
                "S2.E2": [
                    "S2.E1",
                    "S2.E6",
                    "S2.E8",
                    "S2.E9",
                    "S3.E12"
                ],
                "S2.E3": [
                    "S2.E1",
                    "S2.E2",
                    "S2.E6",
                    "S2.E8",
                    "S2.E9",
                    "S2.E10"
                ],
                "S2.E4": [
                    "S2.E1",
                    "S2.E2",
                    "S2.E3",
                    "S2.E6",
                    "S2.E8",
                    "S2.E9",
                    "S3.E12"
                ],
                "S2.E5": [
                    "S2.E1",
                    "S2.E2",
                    "S2.E3",
                    "S2.E4"
                ],
                "S2.E6": [
                    "S2.E1",
                    "S2.E5",
                    "S2.E7",
                    "S2.E8",
                    "S2.E9",
                    "S2.E10",
                    "S3.E11",
                    "S3.E12"
                ],
                "S2.E7": [
                    "S2.E1",
                    "S2.E2",
                    "S2.E3",
                    "S2.E4",
                    "S2.E5",
                    "S2.E8",
                    "S2.E9",
                    "S2.E10",
                    "S3.E12"
                ],
                "S2.E8": [
                    "S2.E5",
                    "S2.E9",
                    "S2.E10",
                    "S3.E12"
                ],
                "S2.E9": [
                    "S2.E5",
                    "S2.E10",
                    "S3.E11",
                    "S3.E12"
                ],
                "S2.E10": [
                    "S2.E1",
                    "S2.E2",
                    "S2.E4",
                    "S2.E5",
                    "S3.E11",
                    "S3.E12"
                ],
                "S3.E11": [
                    "S2.E2",
                    "S2.E4",
                    "S2.E5",
                    "S3.E12"
                ],
                "S3.E12": [
                    "S2.E5"
                ]
            },
            "Accuracy": 0.058823529411764705,
            "Precision": 0.06666666666666667,
            "Recall": 0.3333333333333333,
            "F1 Score": 0.1111111111111111
        },
        "Article ID: 0907.2720": {
            "Adjacency List": {
                "S1.E1": [],
                "S1.E2": [],
                "S2.E3": [],
                "S2.E4": [
                    "S2.E3",
                    "S2.E6"
                ],
                "S2.E5": [
                    "S2.E3",
                    "S2.E4",
                    "S2.E6"
                ],
                "S2.E6": [],
                "S2.E7": [],
                "S3.E8": []
            },
            "Accuracy": 0.08333333333333333,
            "Precision": 0.2,
            "Recall": 0.125,
            "F1 Score": 0.15384615384615385
        },
        "Article ID: 0907.2870": {
            "Adjacency List": {
                "S2.E1": [],
                "S2.E2": [
                    "S2.E1"
                ],
                "S2.E3": [
                    "S2.E1",
                    "S2.E2"
                ],
                "S2.E4": [
                    "S2.E2",
                    "S2.E3"
                ]
            },
            "Accuracy": 0.2857142857142857,
            "Precision": 0.4,
            "Recall": 0.5,
            "F1 Score": 0.4444444444444445
        },
        "Article ID: 0907.2872": {
            "Adjacency List": {
                "S2.E1": [
                    "S2.E6",
                    "S2.E7",
                    "S2.E8",
                    "S2.E9",
                    "S2.E10",
                    "S3.E12",
                    "S3.E13",
                    "S3.E14"
                ],
                "S2.E2": [
                    "S2.E1",
                    "S2.E3",
                    "S2.E5",
                    "S2.E6",
                    "S2.E7",
                    "S2.E8",
                    "S2.E9",
                    "S2.E10",
                    "S3.E12",
                    "S3.E13",
                    "S3.E14"
                ],
                "S2.E3": [
                    "S2.E1",
                    "S2.E4",
                    "S2.E5",
                    "S2.E6",
                    "S2.E7",
                    "S2.E8",
                    "S2.E9",
                    "S2.E10",
                    "S3.E11",
                    "S3.E12",
                    "S3.E13",
                    "S3.E14"
                ],
                "S2.E4": [
                    "S2.E1",
                    "S2.E2",
                    "S2.E5",
                    "S2.E6",
                    "S2.E7",
                    "S2.E8",
                    "S2.E9",
                    "S2.E10",
                    "S3.E11",
                    "S3.E12",
                    "S3.E13",
                    "S3.E14"
                ],
                "S2.E5": [
                    "S2.E1",
                    "S2.E6",
                    "S2.E7",
                    "S2.E8",
                    "S2.E9",
                    "S2.E10",
                    "S3.E11",
                    "S3.E12",
                    "S3.E13",
                    "S3.E14"
                ],
                "S2.E6": [
                    "S2.E7",
                    "S2.E8",
                    "S2.E9",
                    "S2.E10",
                    "S3.E11",
                    "S3.E12",
                    "S3.E13",
                    "S3.E14"
                ],
                "S2.E7": [
                    "S2.E8",
                    "S2.E9",
                    "S2.E10",
                    "S3.E12",
                    "S3.E13",
                    "S3.E14",
                    "S3.E15",
                    "S3.E16"
                ],