{
    "Correctness": {
        "Number of articles used": 5,
        "Overall Correctness": {
            "Overall Accuracy": 0.11702127659574468,
            "Overall Precision": 0.1456953642384106,
            "Overall Recall": 0.3728813559322034,
            "Overall F1 Score": 0.20952380952380953
        },
        "Aggregate Correctness Statistics": {
            "Accuracy": {
                "Mean": 0.11648450381604021,
                "Lowest": 0.038461538461538464,
                "25th Quartile (Q1)": 0.04081632653061224,
                "Median": 0.16666666666666666,
                "75th Quartile (Q3)": 0.16666666666666666,
                "Highest": 0.16981132075471697
            },
            "Precision": {
                "Mean": 0.15685215946843853,
                "Lowest": 0.05,
                "25th Quartile (Q1)": 0.0625,
                "Median": 0.18604651162790697,
                "75th Quartile (Q3)": 0.2,
                "Highest": 0.2857142857142857
            },
            "Recall": {
                "Mean": 0.34064758770641124,
                "Lowest": 0.09090909090909091,
                "25th Quartile (Q1)": 0.18181818181818182,
                "Median": 0.2857142857142857,
                "75th Quartile (Q3)": 0.5294117647058824,
                "Highest": 0.6153846153846154
            },
            "F1 Score": {
                "Mean": 0.20285131973936527,
                "Lowest": 0.07407407407407407,
                "25th Quartile (Q1)": 0.07843137254901962,
                "Median": 0.2857142857142857,
                "75th Quartile (Q3)": 0.2857142857142857,
                "Highest": 0.2903225806451613
            }
        }
    },
    "Results": {
        "Article ID: 0907.2648": {
            "Adjacency List": {
                "S2.E1": [
                    "S2.E4",
                    "S2.E5",
                    "S3.E9"
                ],
                "S2.E2": [
                    "S2.E1",
                    "S2.E4",
                    "S2.E5",
                    "S3.E6",
                    "S3.E9"
                ],
                "S2.E3": [
                    "S2.E1",
                    "S2.E2",
                    "S3.E6",
                    "S3.E8",
                    "S3.E9"
                ],
                "S2.E4": [
                    "S2.E3",
                    "S2.E5",
                    "S3.E6",
                    "S3.E8",
                    "S3.E9"
                ],
                "S2.E5": [
                    "S2.E3",
                    "S3.E6",
                    "S3.E8",
                    "S3.E9"
                ],
                "S3.E6": [
                    "S3.E8",
                    "S3.E9"
                ],
                "S3.E7": [
                    "S2.E1",
                    "S2.E2",
                    "S2.E3",
                    "S2.E4",
                    "S2.E5",
                    "S3.E6"
                ],
                "S3.E8": [
                    "S3.E7",
                    "S3.E9"
                ],
                "S3.E9": [
                    "S3.E7",
                    "S4.E11"
                ],
                "S3.E10": [
                    "S2.E5",
                    "S3.E6",
                    "S3.E7",
                    "S3.E8",
                    "S3.E9"
                ],
                "S4.E11": [
                    "S3.E7"
                ]
            },
            "Accuracy": 0.04081632653061224,
            "Precision": 0.05,
            "Recall": 0.18181818181818182,
            "F1 Score": 0.07843137254901962
        },
        "Article ID: 0907.2720": {
            "Adjacency List": {
                "S2.E1": [
                    "S2.E7",
                    "S2.E8"
                ],
                "S2.E2": [
                    "S2.E1",
                    "S2.E8"
                ],
                "S2.E3": [
                    "S2.E1",
                    "S2.E2",
                    "S2.E5",
                    "S2.E6",
                    "S2.E7",
                    "S2.E8"
                ],
                "S2.E4": [
                    "S2.E1",
                    "S2.E2",
                    "S2.E3",
                    "S2.E5",
                    "S2.E6",
                    "S2.E8",
                    "S2.E9",
                    "S2.E10",
                    "S2.E11"
                ],
                "S2.E5": [
                    "S2.E2",
                    "S2.E6",
                    "S2.E7",
                    "S2.E8",
                    "S2.E9"
                ],
                "S2.E6": [
                    "S2.E2",
                    "S2.E8",
                    "S2.E9",
                    "S2.E10"
                ],
                "S2.E7": [
                    "S2.E2",
                    "S2.E4",
                    "S2.E6",
                    "S2.E8",
                    "S2.E9",
                    "S2.E12"
                ],
                "S2.E8": [
                    "S2.E9",
                    "S2.E10",
                    "S2.E11",
                    "S2.E12"
                ],
                "S2.E9": [
                    "S2.E10",
                    "S2.E11"
                ],
                "S2.E10": [
                    "S2.E7"
                ],
                "S2.E11": [
                    "S2.E6",
                    "S2.E7",
                    "S2.E10",
                    "S2.E12"
                ],
                "S2.E12": []
            },
            "Accuracy": 0.16981132075471697,
            "Precision": 0.2,
            "Recall": 0.5294117647058824,
            "F1 Score": 0.2903225806451613
        },
        "Article ID: 0907.2870": {
            "Adjacency List": {
                "S1.E1": [],
                "S2.E2": [
                    "S2.E3",
                    "S2.E4",
                    "S2.E5",
                    "S3.E6",
                    "S3.E7",
                    "S3.E8",
                    "S3.E9"
                ],
                "S2.E3": [
                    "S2.E4",
                    "S2.E5",
                    "S3.E6",
                    "S3.E7",
                    "S3.E8",
                    "S3.E9"
                ],
                "S2.E4": [
                    "S2.E5",
                    "S3.E6",
                    "S3.E7",
                    "S3.E8",
                    "S3.E9"
                ],
                "S2.E5": [
                    "S3.E6",
                    "S3.E7",
                    "S3.E8",
                    "S3.E9"
                ],
                "S3.E6": [
                    "S3.E7",
                    "S3.E8",
                    "S3.E9",
                    "S4.E10",
                    "S4.E11",
                    "S4.E12"
                ],
                "S3.E7": [
                    "S3.E8",
                    "S3.E9",
                    "S4.E10",
                    "S4.E11",
                    "S4.E12"
                ],
                "S3.E8": [
                    "S3.E9",
                    "S4.E10",
                    "S4.E11",
                    "S4.E12"
                ],
                "S3.E9": [
                    "S4.E10",
                    "S4.E11",
                    "S4.E12"
                ],
                "S4.E10": [
                    "S4.E11",
                    "S4.E12"
                ],
                "S4.E11": [
                    "S4.E12"
                ],
                "S4.E12": [],
                "S4.E13": []
            },
            "Accuracy": 0.16666666666666666,
            "Precision": 0.18604651162790697,
            "Recall": 0.6153846153846154,
            "F1 Score": 0.2857142857142857
        },
        "Article ID: 0907.2872": {
            "Adjacency List": {
                "S2.E1": [],
                "S2.E2": [
                    "S2.E1"
                ],