{
    "Correctness": {
        "Number of articles used": 10,
        "Overall Correctness": {
            "Overall Accuracy": 0.1794871794871795,
            "Overall Precision": 0.28378378378378377,
            "Overall Recall": 0.328125,
            "Overall F1 Score": 0.30434782608695654
        },
        "Aggregate Correctness Statistics": {
            "Accuracy": {
                "Mean": 0.2043727422003284,
                "Lowest": 0.06896551724137931,
                "25th Quartile (Q1)": 0.08630952380952381,
                "Median": 0.16714285714285715,
                "75th Quartile (Q3)": 0.2875,
                "Highest": 0.42857142857142855
            },
            "Precision": {
                "Mean": 0.32007742257742255,
                "Lowest": 0.09523809523809523,
                "25th Quartile (Q1)": 0.16083916083916083,
                "Median": 0.28205128205128205,
                "75th Quartile (Q3)": 0.46875,
                "Highest": 0.6
            },
            "Recall": {
                "Mean": 0.33195387945387944,
                "Lowest": 0.13333333333333333,
                "25th Quartile (Q1)": 0.2,
                "Median": 0.26666666666666666,
                "75th Quartile (Q3)": 0.48214285714285715,
                "Highest": 0.625
            },
            "F1 Score": {
                "Mean": 0.32108315329584197,
                "Lowest": 0.12903225806451613,
                "25th Quartile (Q1)": 0.1588628762541806,
                "Median": 0.28361344537815125,
                "75th Quartile (Q3)": 0.4461538461538461,
                "Highest": 0.6
            }
        }
    },
    "Results": {
        "Article ID: 0907.2648": {
            "Adjacency List": {
                "S2.E1": [
                    null
                ],
                "S2.E2": [
                    null
                ],
                "S2.E3": [
                    null
                ],
                "S2.E4": [
                    null
                ],
                "S2.E5": [
                    null
                ],
                "S2.E6": [
                    null
                ]
            },
            "Accuracy": 0.3,
            "Precision": 0.5,
            "Recall": 0.42857142857142855,
            "F1 Score": 0.4615384615384615
        },
        "Article ID: 0907.2720": {
            "Adjacency List": {
                "S3.E1": [
                    null
                ],
                "S3.E2": [
                    null
                ],
                "S3.E3": [
                    "S3.E4",
                    "S3.E5",
                    "S3.E6",
                    "S3.E7",
                    "S3.E8",
                    "S3.E9",
                    "S3.E10",
                    "S3.E11",
                    "S3.E12",
                    "S3.E13"
                ],
                "S3.E4": [
                    "S3.E5",
                    "S3.E7",
                    "S3.E10",
                    "S3.E13"
                ],
                "S3.E5": [
                    null
                ],
                "S3.E6": [
                    null
                ],
                "S3.E7": [
                    "S3.E8",
                    "S3.E9",
                    "S3.E10",
                    "S3.E11",
                    "S3.E12",
                    "S3.E13"
                ],
                "S3.E8": [
                    null
                ],
                "S3.E9": [
                    "S3.E10",
                    "S3.E12",
                    "S3.E13"
                ],
                "S3.E10": [
                    "S3.E11",
                    "S3.E12",
                    "S3.E13"
                ],
                "S3.E11": [
                    "S3.E12",
                    "S3.E13"
                ],
                "S3.E12": [
                    "S3.E13"
                ],
                "S3.E13": [
                    null
                ],
                "S3.E14": [
                    null
                ],
                "S3.E15": [
                    "S3.E19"
                ],
                "S3.E16": [
                    "S3.E17",
                    "S3.E19"
                ],
                "S3.E17": [
                    "S3.E19"
                ],
                "S3.E18": [
                    "S3.E19"
                ],
                "S3.E19": [
                    null
                ]
            },
            "Accuracy": 0.06896551724137931,
            "Precision": 0.09523809523809523,
            "Recall": 0.2,
            "F1 Score": 0.12903225806451613
        },
        "Article ID: 0907.2870": {
            "Adjacency List": {
                "S2.E1": [
                    null
                ],
                "S2.E2": [
                    null
                ],
                "S2.E3": [
                    null
                ],
                "S3.E4": [
                    "S3.E5",
                    "S4.E6",
                    "S4.E8"
                ],
                "S3.E5": [
                    "S4.E6",
                    "S4.E8"
                ],
                "S4.E6": [
                    "S4.E8"
                ],
                "S4.E7": [
                    null
                ],
                "S4.E8": [
                    null
                ],
                "S4.E9": [
                    null
                ],
                "S4.E10": [
                    null
                ]
            },
            "Accuracy": 0.09523809523809523,
            "Precision": 0.15384615384615385,
            "Recall": 0.2,
            "F1 Score": 0.17391304347826086
        },
        "Article ID: 0907.2872": {
            "Adjacency List": {
                "S0.E1": [
                    null
                ],
                "S0.E2": [
                    null
                ],
                "S0.E3": [
                    null
                ],
                "S0.E4": [
                    null
                ],
                "S0.E5": [
                    null
                ],
                "S0.E6": [
                    null
                ],
                "S0.E7": [
                    null
                ],
                "S0.E8": [
                    null
                ],
                "S0.E9": [
                    null
                ],
                "S0.E10": [
                    null
                ],
                "S0.E11": [
                    null
                ],
                "S0.E12": [
                    null
                ],
                "S0.E13": [
                    null
                ]
            },
            "Accuracy": 0.08333333333333333,
            "Precision": 0.15384615384615385,
            "Recall": 0.15384615384615385,
            "F1 Score": 0.15384615384615385
        },
        "Article ID: 0907.2959": {
            "Adjacency List": {
                "S2.E1": [
                    null
                ],
                "S2.E2": [
                    null
                ],
                "S2.E3": [
                    "S2.E4"
                ],
                "S2.E4": [
                    null
                ],
                "S2.E5": [
                    null
                ],
                "S2.E6": [
                    null
                ],
                "S2.E7": [
                    null
                ],
                "S2.E8": [
                    null
                ],
                "S2.E9": [
                    null
                ],
                "S3.E10": [
                    null
                ]
            },
            "Accuracy": 0.4,
            "Precision": 0.6,
            "Recall": 0.5454545454545454,
            "F1 Score": 0.5714285714285713
        },