{
    "Correctness": {
        "Number of articles used": 10,
        "Overall Correctness": {
            "Overall Accuracy": 0.03867403314917127,
            "Overall Precision": 0.10144927536231885,
            "Overall Recall": 0.058823529411764705,
            "Overall F1 Score": 0.07446808510638298
        },
        "Aggregate Correctness Statistics": {
            "Accuracy": {
                "Mean": 0.04453443213034006,
                "Lowest": 0.0,
                "25th Quartile (Q1)": 0.0,
                "Median": 0.021739130434782608,
                "75th Quartile (Q3)": 0.06642512077294685,
                "Highest": 0.16666666666666666
            },
            "Precision": {
                "Mean": 0.17666666666666667,
                "Lowest": 0.0,
                "25th Quartile (Q1)": 0.0,
                "Median": 0.03571428571428571,
                "75th Quartile (Q3)": 0.09880952380952382,
                "Highest": 1.0
            },
            "Recall": {
                "Mean": 0.0739075630252101,
                "Lowest": 0.0,
                "25th Quartile (Q1)": 0.0,
                "Median": 0.03571428571428571,
                "75th Quartile (Q3)": 0.11323529411764706,
                "Highest": 0.25
            },
            "F1 Score": {
                "Mean": 0.08008383026531847,
                "Lowest": 0.0,
                "25th Quartile (Q1)": 0.0,
                "Median": 0.041666666666666664,
                "75th Quartile (Q3)": 0.12428160919540229,
                "Highest": 0.28571428571428575
            }
        }
    },
    "Results": {
        "Article ID: 0907.2648": {
            "Adjacency List": {
                "S2.E1": [],
                "S2.E2": [],
                "S2.E3": [
                    "S2.E5"
                ],
                "S2.E4": [
                    "S2.E5"
                ],
                "S2.E5": []
            },
            "Accuracy": 0.16666666666666666,
            "Precision": 0.5,
            "Recall": 0.2,
            "F1 Score": 0.28571428571428575
        },
        "Article ID: 0907.2720": {
            "Adjacency List": {
                "S2.E1": [],
                "S2.E2": [],
                "S2.E3": [],
                "S2.E4": [],
                "S2.E5": [],
                "S2.E6": [],
                "S2.E7": [],
                "S2.E8": [],
                "S2.E9": [],
                "S2.E10": [],
                "S2.E11": [],
                "S2.E12": [],
                "S2.E13": [],
                "S3.E14": []
            },
            "Accuracy": 0.0,
            "Precision": 0,
            "Recall": 0.0,
            "F1 Score": 0
        },
        "Article ID: 0907.2870": {
            "Adjacency List": {
                "S0.E1": [],
                "S0.E2": [],
                "S0.E3": [],
                "S0.E4": [],
                "S0.E5": [],
                "S0.E6": [],
                "S0.E7": [],
                "S0.E8": [],
                "S0.E9": [],
                "S0.E10": [],
                "S0.E11": [],
                "S0.E12": [],
                "S0.E13": []
            },
            "Accuracy": 0.0,
            "Precision": 0,
            "Recall": 0.0,
            "F1 Score": 0
        },
        "Article ID: 0907.2872": {
            "Adjacency List": {
                "S2.E1": [],
                "S2.E2": [
                    "S2.E3"
                ],
                "S2.E3": [],
                "S2.E4": [],
                "S2.E5": [],
                "S2.E6": [
                    "S3.E14"
                ],
                "S2.E7": [
                    "S3.E14"
                ],
                "S2.E8": [
                    "S3.E14"
                ],
                "S2.E9": [
                    "S3.E14"
                ],
                "S2.E10": [
                    "S3.E14"
                ],
                "S3.E11": [
                    "S3.E14"
                ],
                "S3.E12": [
                    "S3.E13",
                    "S3.E14"
                ],
                "S3.E13": [
                    "S3.E14"
                ],
                "S3.E14": []
            },
            "Accuracy": 0.043478260869565216,
            "Precision": 0.1,
            "Recall": 0.07142857142857142,
            "F1 Score": 0.08333333333333333
        },
        "Article ID: 0907.2959": {
            "Adjacency List": {
                "S2.E1": [
                    "S2.E2",
                    "S2.E3",
                    "S2.E4",
                    "S3.E5",
                    "S3.E6",
                    "S3.E7"
                ],
                "S2.E2": [
                    "S2.E3",
                    "S2.E4",
                    "S3.E5",
                    "S3.E6",
                    "S3.E7"
                ],
                "S2.E3": [
                    "S2.E4",
                    "S3.E5",
                    "S3.E6",
                    "S3.E7"
                ],
                "S2.E4": [
                    "S3.E5",
                    "S3.E6",
                    "S3.E7"
                ],
                "S3.E5": [
                    "S3.E6",
                    "S3.E7"
                ],
                "S3.E6": [
                    "S3.E7"
                ],
                "S3.E7": []
            },
            "Accuracy": 0.07407407407407407,
            "Precision": 0.09523809523809523,
            "Recall": 0.25,
            "F1 Score": 0.13793103448275862
        },
        "Article ID: 0907.2994": {
            "Adjacency List": {
                "S2.E1": [],
                "S2.E2": [
                    "S4.E12"
                ],
                "S2.E3": [
                    "S4.E12"
                ],
                "S2.E4": [
                    "S2.E5",
                    "S2.E6",
                    "S2.E8",
                    "S2.E9",
                    "S4.E12"
                ],
                "S2.E5": [
                    "S2.E6",
                    "S4.E12"
                ],
                "S2.E6": [
                    "S4.E12"
                ],
                "S2.E7": [
                    "S4.E12"
                ],
                "S2.E8": [
                    "S2.E9",
                    "S4.E12"
                ],
                "S2.E9": [
                    "S4.E12"
                ],
                "S4.E10": [
                    "S4.E12"
                ],
                "S4.E11": [
                    "S4.E12"
                ],
                "S4.E12": []
            },
            "Accuracy": 0.0,
            "Precision": 0.0,
            "Recall": 0.0,
            "F1 Score": 0
        },
        "Article ID: 0907.3017": {
            "Adjacency List": {
                "S2.E1": [
                    "S2.E2"
                ],
                "S2.E2": [],
                "S2.E3": [],
                "S2.E4": [
                    "S2.E5"
                ],
                "S2.E5": [],
                "S2.E6": [],
                "S2.E7": [],
                "S2.E8": [],
                "S3.E9": [
                    "S3.E10"
                ],
                "S3.E10": []
            },
            "Accuracy": 0.0,
            "Precision": 0.0,
            "Recall": 0.0,
            "F1 Score": 0
        },
        "Article ID: 0907.3028": {
            "Adjacency List": {
                "S2.E1": [
                    "S2.E2",
                    "S2.E3",
                    "S2.E4",
                    "S4.E5"
                ],
                "S2.E2": [
                    "S2.E3",
                    "S2.E4",
                    "S4.E5",
                    "S4.E6"
                ],
                "S2.E3": [
                    "S2.E4",
                    "S4.E5"
                ],
                "S2.E4": [
                    "S4.E5"
                ],
                "S4.E5": [],