{
    "Correctness": {
        "Number of articles used": 5,
        "Overall Correctness": {
            "Overall Accuracy": 0.08203125,
            "Overall Precision": 0.1024390243902439,
            "Overall Recall": 0.2916666666666667,
            "Overall F1 Score": 0.15162454873646208
        },
        "Aggregate Correctness Statistics": {
            "Accuracy": {
                "Mean": 0.09457874913338553,
                "Lowest": 0.030303030303030304,
                "25th Quartile (Q1)": 0.061946902654867256,
                "Median": 0.10256410256410256,
                "75th Quartile (Q3)": 0.10416666666666667,
                "Highest": 0.17391304347826086
            },
            "Precision": {
                "Mean": 0.12550163877867865,
                "Lowest": 0.041666666666666664,
                "25th Quartile (Q1)": 0.07,
                "Median": 0.12903225806451613,
                "75th Quartile (Q3)": 0.15151515151515152,
                "Highest": 0.23529411764705882
            },
            "Recall": {
                "Mean": 0.2866666666666667,
                "Lowest": 0.1,
                "25th Quartile (Q1)": 0.25,
                "Median": 0.3333333333333333,
                "75th Quartile (Q3)": 0.35,
                "Highest": 0.4
            },
            "F1 Score": {
                "Mean": 0.16930244985713072,
                "Lowest": 0.058823529411764705,
                "25th Quartile (Q1)": 0.11666666666666668,
                "Median": 0.18604651162790697,
                "75th Quartile (Q3)": 0.18867924528301888,
                "Highest": 0.29629629629629634
            }
        }
    },
    "Results": {
        "Article ID: 0907.2648": {
            "Adjacency List": {
                "S0.E1": [
                    "S0.E2",
                    "S0.E3"
                ],
                "S0.E2": [
                    "S0.E3",
                    "S0.E6"
                ],
                "S0.E3": [
                    "S0.E6"
                ],
                "S0.E4": [
                    "S0.E5",
                    "S0.E6"
                ],
                "S0.E5": [
                    "S0.E6",
                    "S0.E7",
                    "S0.E8",
                    "S0.E9"
                ],
                "S0.E6": [
                    "S0.E7",
                    "S0.E8",
                    "S0.E9"
                ],
                "S0.E7": [
                    "S0.E8",
                    "S0.E9"
                ],
                "S0.E8": [
                    "S0.E9"
                ],
                "S0.E9": []
            },
            "Accuracy": 0.17391304347826086,
            "Precision": 0.23529411764705882,
            "Recall": 0.4,
            "F1 Score": 0.29629629629629634
        },
        "Article ID: 0907.2720": {
            "Adjacency List": {
                "S1.E1": [],
                "S1.E2": [
                    "S1.E1",
                    "S2.E3",
                    "S3.E6",
                    "S3.E8",
                    "S3.E9"
                ],
                "S2.E3": [
                    "S3.E6",
                    "S3.E7",
                    "S3.E8",
                    "S3.E9"
                ],
                "S2.E4": [
                    "S1.E2",
                    "S2.E3",
                    "S3.E6",
                    "S3.E8",
                    "S3.E9"
                ],
                "S2.E5": [
                    "S1.E1",
                    "S1.E2",
                    "S2.E3",
                    "S2.E4",
                    "S3.E6",
                    "S3.E8",
                    "S3.E9"
                ],
                "S3.E6": [
                    "S3.E7",
                    "S3.E8",
                    "S3.E9"
                ],
                "S3.E7": [
                    "S1.E2",
                    "S2.E4",
                    "S2.E5",
                    "S3.E8",
                    "S3.E9"
                ],
                "S3.E8": [
                    "S3.E9"
                ],
                "S3.E9": [
                    "S3.E10"
                ],
                "S3.E10": []
            },
            "Accuracy": 0.10256410256410256,
            "Precision": 0.12903225806451613,
            "Recall": 0.3333333333333333,
            "F1 Score": 0.18604651162790697
        },
        "Article ID: 0907.2870": {
            "Adjacency List": {
                "S0.E1": [
                    "S0.E2",
                    "S0.E3",
                    "S0.E5"
                ],
                "S0.E2": [
                    "S0.E3",
                    "S0.E5"
                ],
                "S0.E3": [
                    "S0.E4",
                    "S0.E5",
                    "S0.E6"
                ],
                "S0.E4": [
                    "S0.E5",
                    "S0.E6"
                ],
                "S0.E5": [
                    "S0.E6",
                    "S0.E8",
                    "S0.E9"
                ],
                "S0.E6": [
                    "S0.E8",
                    "S0.E9"
                ],
                "S0.E7": [
                    "S0.E1",
                    "S0.E2",
                    "S0.E3",
                    "S0.E4",
                    "S0.E5",
                    "S0.E6"
                ],
                "S0.E8": [
                    "S0.E7",
                    "S0.E9"
                ],
                "S0.E9": [
                    "S0.E7"
                ]
            },
            "Accuracy": 0.030303030303030304,
            "Precision": 0.041666666666666664,
            "Recall": 0.1,
            "F1 Score": 0.058823529411764705
        },
        "Article ID: 0907.2872": {
            "Adjacency List": {
                "S3.E1": [],
                "S3.E2": [
                    "S3.E1",
                    "S3.E3",
                    "S3.E4",
                    "S3.E5",
                    "S3.E7"
                ],
                "S3.E3": [
                    "S3.E1",
                    "S3.E4",
                    "S3.E5",
                    "S3.E6",
                    "S3.E7",
                    "S3.E8",
                    "S3.E9",
                    "S3.E10",
                    "S3.E11",
                    "S3.E12",
                    "S3.E13",
                    "S3.E14",
                    "S3.E15"
                ],
                "S3.E4": [
                    "S3.E1",
                    "S3.E5",
                    "S3.E6",
                    "S3.E7",
                    "S3.E8",
                    "S3.E9",
                    "S3.E10",
                    "S3.E13"
                ],
                "S3.E5": [
                    "S3.E1",
                    "S3.E6",
                    "S3.E7",
                    "S3.E8",
                    "S3.E9",
                    "S3.E10",
                    "S3.E11",
                    "S3.E12",
                    "S3.E13",
                    "S3.E14"
                ],
                "S3.E6": [
                    "S3.E7",
                    "S3.E8",
                    "S3.E9",
                    "S3.E10",
                    "S3.E11",
                    "S3.E12",
                    "S3.E13",
                    "S3.E14"
                ],
                "S3.E7": [
                    "S3.E8",
                    "S3.E9",
                    "S3.E10",
                    "S3.E11",
                    "S3.E12",
                    "S3.E13",
                    "S3.E14"
                ],
                "S3.E8": [
                    "S3.E9",
                    "S3.E10",
                    "S3.E11",
                    "S3.E12",
                    "S3.E13",
                    "S3.E14"
                ],