{
    "Correctness": {
        "Number of articles used": 10,
        "Overall Correctness": {
            "Overall Accuracy": 0.14705882352941177,
            "Overall Precision": 0.20100502512562815,
            "Overall Recall": 0.35398230088495575,
            "Overall F1 Score": 0.2564102564102564
        },
        "Aggregate Correctness Statistics": {
            "Accuracy": {
                "Mean": 0.1693370259741563,
                "Lowest": 0.06666666666666667,
                "25th Quartile (Q1)": 0.11350574712643678,
                "Median": 0.15587044534412955,
                "75th Quartile (Q3)": 0.17803030303030304,
                "Highest": 0.36363636363636365
            },
            "Precision": {
                "Mean": 0.2796330921330921,
                "Lowest": 0.125,
                "25th Quartile (Q1)": 0.1653846153846154,
                "Median": 0.275,
                "75th Quartile (Q3)": 0.3076923076923077,
                "Highest": 0.5714285714285714
            },
            "Recall": {
                "Mean": 0.3259794153215206,
                "Lowest": 0.125,
                "25th Quartile (Q1)": 0.21250000000000002,
                "Median": 0.2761904761904762,
                "75th Quartile (Q3)": 0.4178321678321678,
                "Highest": 0.7368421052631579
            },
            "F1 Score": {
                "Mean": 0.2803921078921079,
                "Lowest": 0.125,
                "25th Quartile (Q1)": 0.20384615384615387,
                "Median": 0.26969696969696966,
                "75th Quartile (Q3)": 0.30219780219780223,
                "Highest": 0.5333333333333333
            }
        }
    },
    "Results": {
        "Article ID: 0907.2648": {
            "Adjacency List": {
                "S4.E1": [
                    "S4.E2",
                    "S4.E7",
                    "S4.E9",
                    "S4.E10",
                    "S4.E11",
                    "S4.E12",
                    "S5.E13",
                    "S5.E14",
                    "S5.E15",
                    "S5.E16"
                ],
                "S4.E2": [
                    "S4.E4",
                    "S4.E6",
                    "S4.E7",
                    "S4.E8",
                    "S4.E9",
                    "S4.E10",
                    "S4.E11",
                    "S4.E12",
                    "S5.E13",
                    "S5.E14",
                    "S5.E15",
                    "S5.E16"
                ],
                "S4.E3": [
                    "S4.E7",
                    "S4.E8",
                    "S4.E9",
                    "S4.E10",
                    "S4.E11",
                    "S4.E12",
                    "S5.E13",
                    "S5.E14",
                    "S5.E15",
                    "S5.E16"
                ],
                "S4.E4": [
                    "S4.E5",
                    "S4.E6",
                    "S4.E7",
                    "S4.E8",
                    "S4.E9",
                    "S4.E10",
                    "S4.E11",
                    "S4.E12",
                    "S5.E13",
                    "S5.E14",
                    "S5.E15",
                    "S5.E16"
                ],
                "S4.E5": [
                    "S4.E6",
                    "S4.E7",
                    "S4.E8",
                    "S4.E9",
                    "S4.E10",
                    "S4.E11",
                    "S4.E12",
                    "S5.E13",
                    "S5.E14",
                    "S5.E15",
                    "S5.E16"
                ],
                "S4.E6": [
                    "S4.E7",
                    "S4.E8",
                    "S4.E9",
                    "S4.E10",
                    "S4.E11",
                    "S4.E12",
                    "S5.E13",
                    "S5.E14",
                    "S5.E15",
                    "S5.E16"
                ],
                "S4.E7": [
                    "S4.E8",
                    "S4.E9",
                    "S4.E10",
                    "S4.E11",
                    "S4.E12",
                    "S5.E13",
                    "S5.E14",
                    "S5.E15",
                    "S5.E16"
                ],
                "S4.E8": [
                    "S4.E9",
                    "S4.E10",
                    "S4.E11",
                    "S4.E12",
                    "S5.E13",
                    "S5.E14",
                    "S5.E15",
                    "S5.E16"
                ],
                "S4.E9": [
                    "S4.E10",
                    "S4.E11",
                    "S4.E12",
                    "S5.E13",
                    "S5.E14",
                    "S5.E15",
                    "S5.E16"
                ],
                "S4.E10": [
                    "S4.E11",
                    "S4.E12",
                    "S5.E13",
                    "S5.E14",
                    "S5.E15",
                    "S5.E16"
                ],
                "S4.E11": [
                    "S4.E12",
                    "S5.E13",
                    "S5.E14",
                    "S5.E15",
                    "S5.E16"
                ],
                "S4.E12": [
                    "S5.E13",
                    "S5.E14",
                    "S5.E15",
                    "S5.E16"
                ],
                "S5.E13": [
                    "S5.E14",
                    "S5.E15",
                    "S5.E16"
                ],
                "S5.E14": [
                    "S5.E15",
                    "S5.E16"
                ],
                "S5.E15": [
                    "S5.E16"
                ],
                "S5.E16": [
                    null
                ]
            },
            "Accuracy": 0.1206896551724138,
            "Precision": 0.12612612612612611,
            "Recall": 0.7368421052631579,
            "F1 Score": 0.21538461538461537
        },
        "Article ID: 0907.2720": {
            "Adjacency List": {
                "S2.E1": [
                    null
                ],
                "S2.E2": [
                    null
                ],
                "S2.E3": [
                    null
                ],
                "S2.E4": [
                    "S2.E5"
                ],
                "S2.E5": [
                    null
                ]
            },
            "Accuracy": 0.1111111111111111,
            "Precision": 0.2,
            "Recall": 0.2,
            "F1 Score": 0.20000000000000004
        },
        "Article ID: 0907.2870": {
            "Adjacency List": {
                "S1.E1": [
                    null
                ],
                "S2.E2": [
                    null
                ],
                "S2.E3": [
                    null
                ],
                "S2.E4": [
                    null
                ],
                "S2.E5": [
                    null
                ],
                "S3.E6": [
                    null
                ],
                "S3.E7": [
                    null
                ],
                "S3.E8": [
                    null
                ],
                "S3.E9": [
                    null
                ],
                "S4.E10": [
                    "S4.E11"
                ],
                "S4.E11": [
                    null
                ],
                "S4.E12": [
                    null
                ],
                "S4.E13": [
                    null
                ]
            },
            "Accuracy": 0.18181818181818182,
            "Precision": 0.3076923076923077,
            "Recall": 0.3076923076923077,
            "F1 Score": 0.3076923076923077
        },
        "Article ID: 0907.2872": {
            "Adjacency List": {
                "S2.E1": [
                    null
                ],