{
    "Correctness": {
        "Number of articles used": 20,
        "Overall Correctness": {
            "Overall Accuracy": 0.06382978723404255,
            "Overall Precision": 0.1826086956521739,
            "Overall Recall": 0.08936170212765958,
            "Overall F1 Score": 0.12000000000000001
        },
        "Aggregate Correctness Statistics": {
            "Accuracy": {
                "Mean": 0.0489371019982433,
                "Lowest": 0.0,
                "25th Quartile (Q1)": 0.0,
                "Median": 0.0,
                "75th Quartile (Q3)": 0.08132102272727273,
                "Highest": 0.2727272727272727
            },
            "Precision": {
                "Mean": 0.08975274725274726,
                "Lowest": 0.0,
                "25th Quartile (Q1)": 0.0,
                "Median": 0.0,
                "75th Quartile (Q3)": 0.11346153846153847,
                "Highest": 0.5
            },
            "Recall": {
                "Mean": 0.08259483035024831,
                "Lowest": 0.0,
                "25th Quartile (Q1)": 0.0,
                "Median": 0.0,
                "75th Quartile (Q3)": 0.17045454545454544,
                "Highest": 0.42857142857142855
            },
            "F1 Score": {
                "Mean": 0.08265520170317772,
                "Lowest": 0.0,
                "25th Quartile (Q1)": 0.0,
                "Median": 0.0,
                "75th Quartile (Q3)": 0.1503623188405797,
                "Highest": 0.42857142857142855
            }
        }
    },
    "Results": {
        "Article ID: 0907.2648": {
            "Adjacency List": {
                "S0.E1": [],
                "S0.E2": [],
                "S0.E3": [],
                "S0.E4": [
                    "S0.E5",
                    "S0.E6",
                    "S0.E9",
                    "S0.E10",
                    "S0.E11",
                    "S0.E12",
                    "S0.E13",
                    "S0.E14",
                    "S0.E15"
                ],
                "S0.E5": [
                    "S0.E11",
                    "S0.E12",
                    "S0.E13",
                    "S0.E14"
                ],
                "S0.E6": [
                    "S0.E11",
                    "S0.E12",
                    "S0.E13"
                ],
                "S0.E7": [
                    "S0.E9",
                    "S0.E10",
                    "S0.E11",
                    "S0.E12",
                    "S0.E13",
                    "S0.E14",
                    "S0.E15",
                    "S0.E16"
                ],
                "S0.E8": [
                    "S0.E9",
                    "S0.E10",
                    "S0.E11",
                    "S0.E12",
                    "S0.E13",
                    "S0.E14",
                    "S0.E15",
                    "S0.E16",
                    "S0.E17"
                ],
                "S0.E9": [
                    "S0.E10",
                    "S0.E11",
                    "S0.E12",
                    "S0.E13",
                    "S0.E14",
                    "S0.E15",
                    "S0.E16",
                    "S0.E17"
                ],
                "S0.E10": [
                    "S0.E11",
                    "S0.E12",
                    "S0.E13",
                    "S0.E14",
                    "S0.E15"
                ],
                "S0.E11": [
                    "S0.E12",
                    "S0.E13",
                    "S0.E14",
                    "S0.E15"
                ],
                "S0.E12": [],
                "S0.E13": [],
                "S0.E14": [],
                "S0.E15": [],
                "S0.E16": [],
                "S0.E17": [],
                "S0.E18": []
            },
            "Accuracy": 0.078125,
            "Precision": 0.1,
            "Recall": 0.2631578947368421,
            "F1 Score": 0.14492753623188404
        },
        "Article ID: 0907.2720": {
            "Adjacency List": {
                "S0.E1": [],
                "S0.E2": [],
                "S0.E3": [],
                "S0.E4": [
                    "S0.E6"
                ],
                "S0.E5": [],
                "S0.E6": [],
                "S0.E7": [],
                "S0.E8": [],
                "S0.E9": []
            },
            "Accuracy": 0.0,
            "Precision": 0.0,
            "Recall": 0.0,
            "F1 Score": 0
        },
        "Article ID: 0907.2870": {
            "Adjacency List": {
                "S2.E1": [],
                "S2.E2": [
                    "S2.E3",
                    "S2.E4",
                    "S2.E5",
                    "S2.E6"
                ],
                "S2.E3": [
                    "S2.E5"
                ],
                "S2.E4": [
                    "S2.E5"
                ],
                "S2.E5": [
                    "S2.E6"
                ],
                "S2.E6": []
            },
            "Accuracy": 0.2727272727272727,
            "Precision": 0.42857142857142855,
            "Recall": 0.42857142857142855,
            "F1 Score": 0.42857142857142855
        },
        "Article ID: 0907.2872": {
            "Adjacency List": {
                "S2.E1": [],
                "S2.E2": [],
                "S2.E3": [],
                "S2.E4": [
                    "S2.E5",
                    "S2.E10",
                    "S3.E11"
                ],
                "S2.E5": [
                    "S2.E10",
                    "S3.E11"
                ],
                "S2.E6": [
                    "S2.E10",
                    "S3.E11"
                ],
                "S2.E7": [
                    "S2.E10",
                    "S3.E11"
                ],
                "S2.E8": [
                    "S2.E10",
                    "S3.E11"
                ],
                "S2.E9": [
                    "S2.E10"
                ],
                "S2.E10": [
                    "S3.E11"
                ],
                "S3.E11": [],
                "S4.E12": [],
                "S4.E13": []
            },
            "Accuracy": 0.04,
            "Precision": 0.07692307692307693,
            "Recall": 0.07692307692307693,
            "F1 Score": 0.07692307692307693
        },
        "Article ID: 0907.2959": {
            "Adjacency List": {
                "S0.E1": [],
                "S0.E2": [],
                "S0.E3": [],
                "S0.E4": [],
                "S0.E5": [],
                "S0.E6": [],
                "S0.E7": [],
                "S0.E8": [],
                "S0.E9": [],
                "S0.E10": []
            },
            "Accuracy": 0.0,
            "Precision": 0,
            "Recall": 0.0,
            "F1 Score": 0
        },
        "Article ID: 0907.2994": {
            "Adjacency List": {
                "S2.E1": [],
                "S2.E2": [],
                "S2.E3": [],
                "S2.E4": [],
                "S2.E5": [],
                "S3.E6": [],
                "S3.E7": [],
                "S3.E8": [],
                "S3.E9": [],
                "S3.E10": [],
                "S4.E11": []
            },
            "Accuracy": 0.0,
            "Precision": 0,
            "Recall": 0.0,
            "F1 Score": 0
        },
        "Article ID: 0907.3017": {
            "Adjacency List": {
                "S2.E1": [],
                "S2.E2": [],
                "S2.E3": [],
                "S2.E4": [],
                "S2.E5": [],
                "S2.E6": [
                    "S3.E9",
                    "S3.E10"
                ],
                "S3.E7": [],
                "S3.E8": [
                    "S3.E9",
                    "S3.E10",
                    "S3.E11"
                ],
                "S3.E9": [
                    "S3.E10",
                    "S3.E11"
                ],
                "S3.E10": [
                    "S3.E11"
                ],