{
    "Correctness": {
        "Number of articles used": 5,
        "Overall Correctness": {
            "Overall Accuracy": 0.0912863070539419,
            "Overall Precision": 0.10837438423645321,
            "Overall Recall": 0.36666666666666664,
            "Overall F1 Score": 0.1673003802281369
        },
        "Aggregate Correctness Statistics": {
            "Accuracy": {
                "Mean": 0.09867586841499884,
                "Lowest": 0.021739130434782608,
                "25th Quartile (Q1)": 0.09259259259259259,
                "Median": 0.09333333333333334,
                "75th Quartile (Q3)": 0.11904761904761904,
                "Highest": 0.16666666666666666
            },
            "Precision": {
                "Mean": 0.1179844480611744,
                "Lowest": 0.027777777777777776,
                "25th Quartile (Q1)": 0.10144927536231885,
                "Median": 0.11363636363636363,
                "75th Quartile (Q3)": 0.14705882352941177,
                "Highest": 0.2
            },
            "Recall": {
                "Mean": 0.36946386946386944,
                "Lowest": 0.09090909090909091,
                "25th Quartile (Q1)": 0.3333333333333333,
                "Median": 0.38461538461538464,
                "75th Quartile (Q3)": 0.5,
                "Highest": 0.5384615384615384
            },
            "F1 Score": {
                "Mean": 0.1762513334782516,
                "Lowest": 0.0425531914893617,
                "25th Quartile (Q1)": 0.16949152542372878,
                "Median": 0.17073170731707318,
                "75th Quartile (Q3)": 0.21276595744680854,
                "Highest": 0.28571428571428575
            }
        }
    },
    "Results": {
        "Article ID: 0907.2648": {
            "Adjacency List": {
                "S2.E1": [
                    "S2.E2",
                    "S2.E3",
                    "S2.E4",
                    "S2.E5",
                    "S2.E6",
                    "S2.E7",
                    "S2.E8",
                    "S2.E9",
                    "S2.E10",
                    "S3.E11",
                    "S4.E12"
                ],
                "S2.E2": [
                    "S2.E5",
                    "S2.E6",
                    "S2.E7",
                    "S2.E8",
                    "S2.E9",
                    "S2.E10",
                    "S4.E12"
                ],
                "S2.E3": [
                    "S2.E2",
                    "S2.E4",
                    "S2.E5",
                    "S2.E6",
                    "S2.E7",
                    "S2.E8",
                    "S2.E9",
                    "S2.E10",
                    "S3.E11",
                    "S4.E12"
                ],
                "S2.E4": [
                    "S2.E2",
                    "S2.E5",
                    "S2.E6",
                    "S2.E7",
                    "S2.E8",
                    "S2.E9",
                    "S2.E10",
                    "S3.E11",
                    "S4.E12"
                ],
                "S2.E5": [
                    "S2.E6",
                    "S2.E7",
                    "S2.E8",
                    "S2.E9",
                    "S2.E10",
                    "S3.E11",
                    "S4.E12"
                ],
                "S2.E6": [
                    "S2.E7",
                    "S2.E8",
                    "S2.E9",
                    "S2.E10",
                    "S3.E11",
                    "S4.E12"
                ],
                "S2.E7": [
                    "S2.E8",
                    "S2.E9",
                    "S2.E10",
                    "S3.E11",
                    "S4.E12",
                    "S4.E13"
                ],
                "S2.E8": [
                    "S2.E9",
                    "S2.E10",
                    "S3.E11",
                    "S4.E12"
                ],
                "S2.E9": [
                    "S2.E10",
                    "S3.E11",
                    "S4.E12",
                    "S4.E13"
                ],
                "S2.E10": [
                    "S3.E11",
                    "S4.E12",
                    "S4.E13"
                ],
                "S3.E11": [
                    "S4.E12"
                ],
                "S4.E12": [
                    "S4.E13"
                ],
                "S4.E13": []
            },
            "Accuracy": 0.09333333333333334,
            "Precision": 0.10144927536231885,
            "Recall": 0.5384615384615384,
            "F1 Score": 0.17073170731707318
        },
        "Article ID: 0907.2720": {
            "Adjacency List": {
                "S2.E1": [
                    "S2.E3",
                    "S2.E10"
                ],
                "S2.E2": [
                    "S2.E1",
                    "S2.E3",
                    "S2.E4",
                    "S2.E8",
                    "S2.E9",
                    "S2.E10"
                ],
                "S2.E3": [
                    "S2.E4",
                    "S2.E6",
                    "S2.E7",
                    "S2.E8",
                    "S2.E9",
                    "S2.E10",
                    "S2.E11"
                ],
                "S2.E4": [
                    "S2.E8",
                    "S2.E9",
                    "S2.E10"
                ],
                "S2.E5": [
                    "S2.E1",
                    "S2.E2",
                    "S2.E3",
                    "S2.E4",
                    "S2.E8",
                    "S2.E9",
                    "S2.E10",
                    "S2.E11"
                ],
                "S2.E6": [
                    "S2.E5",
                    "S2.E7",
                    "S2.E8",
                    "S2.E9",
                    "S2.E10",
                    "S2.E11"
                ],
                "S2.E7": [
                    "S2.E5",
                    "S2.E8",
                    "S2.E9",
                    "S2.E10",
                    "S2.E11"
                ],
                "S2.E8": [
                    "S2.E9",
                    "S2.E10",
                    "S2.E11"
                ],
                "S2.E9": [
                    "S2.E10",
                    "S2.E11"
                ],
                "S2.E10": [
                    "S2.E11",
                    "S3.E13"
                ],
                "S2.E11": [],
                "S2.E12": [],
                "S3.E13": [],
                "S3.E14": []
            },
            "Accuracy": 0.09259259259259259,
            "Precision": 0.11363636363636363,
            "Recall": 0.3333333333333333,
            "F1 Score": 0.16949152542372878
        },
        "Article ID: 0907.2870": {
            "Adjacency List": {
                "S2.E1": [
                    "S2.E4",
                    "S2.E5"
                ],
                "S2.E2": [
                    "S2.E1",
                    "S2.E5",
                    "S3.E9"
                ],
                "S2.E3": [
                    "S2.E1",
                    "S2.E2",
                    "S3.E8"
                ],
                "S2.E4": [
                    "S2.E2",
                    "S2.E3",
                    "S2.E5",
                    "S3.E6",
                    "S3.E8",
                    "S3.E9"
                ],
                "S2.E5": [
                    "S2.E3",
                    "S3.E6",
                    "S3.E8",
                    "S3.E9"
                ],
                "S3.E6": [
                    "S2.E3",
                    "S3.E8"
                ],
                "S3.E7": [
                    "S2.E1",
                    "S2.E2",
                    "S2.E3",
                    "S2.E4",
                    "S2.E5",
                    "S3.E6"
                ],
                "S3.E8": [
                    "S3.E7",
                    "S3.E10"
                ],