{
    "Correctness": {
        "Number of articles used": 10,
        "Overall Correctness": {
            "Overall Accuracy": 0.8943014705882353,
            "Overall Precision": 0.46153846153846156,
            "Overall Recall": 0.4485981308411215,
            "Overall F1 Score": 0.4549763033175356
        },
        "Aggregate Correctness Statistics": {
            "Accuracy": {
                "Mean": 0.8568630783398399,
                "Lowest": 0.6296296296296297,
                "25th Quartile (Q1)": 0.7936872909698997,
                "Median": 0.8848335572473504,
                "75th Quartile (Q3)": 0.95,
                "Highest": 0.9871794871794872
            },
            "Precision": {
                "Mean": 0.4402808302808303,
                "Lowest": 0.0,
                "25th Quartile (Q1)": 0.21250000000000002,
                "Median": 0.35119047619047616,
                "75th Quartile (Q3)": 0.782051282051282,
                "Highest": 0.9166666666666666
            },
            "Recall": {
                "Mean": 0.44310457516339874,
                "Lowest": 0.0,
                "25th Quartile (Q1)": 0.21666666666666667,
                "Median": 0.3666666666666667,
                "75th Quartile (Q3)": 0.7388888888888889,
                "Highest": 0.9166666666666666
            },
            "F1 Score": {
                "Mean": 0.43940757065076486,
                "Lowest": 0.0,
                "25th Quartile (Q1)": 0.21896551724137933,
                "Median": 0.35714285714285715,
                "75th Quartile (Q3)": 0.7506265664160402,
                "Highest": 0.9166666666666666
            }
        }
    },
    "Results": {
        "Article ID: 0907.2648": {
            "Adjacency List": {
                "S1.E1": [
                    null
                ],
                "S2.E2": [
                    null
                ],
                "S2.E3": [
                    null
                ],
                "S2.E4": [
                    null
                ],
                "S2.E5": [
                    null
                ],
                "S2.E6": [
                    null
                ],
                "S2.E7": [
                    null
                ],
                "S2.E8": [
                    null
                ],
                "S2.E9": [
                    null
                ],
                "S2.E10": [
                    null
                ]
            },
            "Accuracy": 0.9818181818181818,
            "Precision": 0.9,
            "Recall": 0.9,
            "F1 Score": 0.9
        },
        "Article ID: 0907.2720": {
            "Adjacency List": {
                "S0.E1": [
                    null
                ],
                "S0.E2": [
                    "S0.E3",
                    "S0.E4",
                    "S0.E5"
                ],
                "S0.E3": [
                    "S0.E4",
                    "S0.E5"
                ],
                "S0.E4": [
                    null
                ],
                "S0.E5": [
                    null
                ],
                "S0.E6": [
                    null
                ],
                "S0.E7": [
                    "S0.E9"
                ],
                "S0.E8": [
                    "S0.E9"
                ],
                "S0.E9": [
                    null
                ]
            },
            "Accuracy": 0.8735632183908046,
            "Precision": 0.4166666666666667,
            "Recall": 0.5555555555555556,
            "F1 Score": 0.4761904761904762
        },
        "Article ID: 0907.2870": {
            "Adjacency List": {
                "S2.E1": [
                    "S2.E2",
                    "S2.E3"
                ],
                "S2.E2": [
                    "S2.E3"
                ],
                "S2.E3": [
                    null
                ],
                "S2.E4": [
                    null
                ],
                "S2.E5": [
                    null
                ],
                "S2.E6": [
                    null
                ],
                "S2.E7": [
                    null
                ],
                "S2.E8": [
                    null
                ],
                "S2.E9": [
                    null
                ],
                "S2.E10": [
                    null
                ],
                "S2.E11": [
                    null
                ],
                "S2.E12": [
                    null
                ]
            },
            "Accuracy": 0.8961038961038961,
            "Precision": 0.46153846153846156,
            "Recall": 0.4,
            "F1 Score": 0.42857142857142855
        },
        "Article ID: 0907.2872": {
            "Adjacency List": {
                "S2.E1": [
                    null
                ],
                "S2.E2": [
                    null
                ],
                "S2.E3": [
                    "S2.E5"
                ],
                "S2.E4": [
                    "S2.E5"
                ],
                "S2.E5": [
                    null
                ]
            },
            "Accuracy": 0.7241379310344828,
            "Precision": 0.2,
            "Recall": 0.2,
            "F1 Score": 0.20000000000000004
        },
        "Article ID: 0907.2959": {
            "Adjacency List": {
                "S2.E1": [
                    null
                ],
                "S2.E2": [
                    null
                ],
                "S2.E3": [
                    null
                ],
                "S2.E4": [
                    null
                ],
                "S2.E5": [
                    null
                ],
                "S2.E6": [
                    null
                ],
                "S2.E7": [
                    null
                ],
                "S2.E8": [
                    null
                ],
                "S2.E9": [
                    null
                ],
                "S2.E10": [
                    null
                ],
                "S2.E11": [
                    null
                ],
                "S2.E12": [
                    null
                ]
            },
            "Accuracy": 0.8269230769230769,
            "Precision": 0.08333333333333333,
            "Recall": 0.058823529411764705,
            "F1 Score": 0.06896551724137931
        },
        "Article ID: 0907.2994": {
            "Adjacency List": {
                "S1.E1": [
                    "S2.E5"
                ],
                "S2.E2": [
                    "S2.E5"
                ],
                "S2.E3": [
                    "S2.E5"
                ],
                "S2.E4": [
                    "S2.E5"
                ],
                "S2.E5": [
                    null
                ]
            },
            "Accuracy": 0.6296296296296297,
            "Precision": 0.0,
            "Recall": 0.0,
            "F1 Score": 0
        },
        "Article ID: 0907.3017": {
            "Adjacency List": {
                "S0.E1": [
                    null
                ],
                "S0.E2": [
                    null
                ],
                "S0.E3": [
                    null
                ],
                "S0.E4": [
                    null
                ],
                "S0.E5": [
                    null
                ],
                "S0.E6": [
                    null
                ],
                "S0.E7": [
                    null
                ],
                "S0.E8": [
                    null
                ],
                "S0.E9": [
                    null
                ]
            },
            "Accuracy": 0.9666666666666667,
            "Precision": 0.8888888888888888,
            "Recall": 0.8,
            "F1 Score": 0.8421052631578948
        },