{
    "Correctness": {
        "Number of articles used": 10,
        "Overall Correctness": {
            "Overall Accuracy": 0.06306306306306306,
            "Overall Precision": 0.3333333333333333,
            "Overall Recall": 0.07216494845360824,
            "Overall F1 Score": 0.11864406779661016
        },
        "Aggregate Correctness Statistics": {
            "Accuracy": {
                "Mean": 0.04909090909090909,
                "Lowest": 0.0,
                "25th Quartile (Q1)": 0.0,
                "Median": 0.0,
                "75th Quartile (Q3)": 0.08484848484848485,
                "Highest": 0.16666666666666666
            },
            "Precision": {
                "Mean": 0.2833333333333333,
                "Lowest": 0.0,
                "25th Quartile (Q1)": 0.0,
                "Median": 0.0,
                "75th Quartile (Q3)": 0.4583333333333333,
                "Highest": 1.0
            },
            "Recall": {
                "Mean": 0.06075757575757575,
                "Lowest": 0.0,
                "25th Quartile (Q1)": 0.0,
                "Median": 0.0,
                "75th Quartile (Q3)": 0.08484848484848485,
                "Highest": 0.25
            },
            "F1 Score": {
                "Mean": 0.08630952380952381,
                "Lowest": 0.0,
                "25th Quartile (Q1)": 0.0,
                "Median": 0.0,
                "75th Quartile (Q3)": 0.15625,
                "Highest": 0.28571428571428575
            }
        }
    },
    "Results": {
        "Article ID: 0907.2648": {
            "Adjacency List": {
                "S2.E1": [],
                "S2.E2": [],
                "S2.E3": [],
                "S2.E4": [],
                "S2.E5": [],
                "S3.E6": [],
                "S3.E7": [],
                "S3.E8": [],
                "S3.E9": [],
                "S3.E10": [],
                "S4.E11": []
            },
            "Accuracy": 0.0,
            "Precision": 0,
            "Recall": 0.0,
            "F1 Score": 0
        },
        "Article ID: 0907.2720": {
            "Adjacency List": {
                "S2.E1": [
                    "S2.E3"
                ],
                "S2.E2": [],
                "S2.E3": [],
                "S2.E4": [],
                "S2.E5": [
                    "S2.E6"
                ],
                "S2.E6": [
                    "S3.E9"
                ],
                "S3.E7": [],
                "S3.E8": [
                    "S3.E9",
                    "S3.E10",
                    "S3.E11"
                ],
                "S3.E9": [
                    "S3.E10",
                    "S3.E11"
                ],
                "S3.E10": [
                    "S3.E11"
                ],
                "S3.E11": []
            },
            "Accuracy": 0.16666666666666666,
            "Precision": 0.3333333333333333,
            "Recall": 0.25,
            "F1 Score": 0.28571428571428575
        },
        "Article ID: 0907.2870": {
            "Adjacency List": {
                "S0.E1": [],
                "S0.E2": [],
                "S0.E3": [],
                "S0.E4": [],
                "S0.E5": [],
                "S0.E6": [],
                "S0.E7": [],
                "S0.E8": [],
                "S0.E9": [],
                "S0.E10": [],
                "S0.E11": [],
                "S0.E12": [],
                "S0.E13": []
            },
            "Accuracy": 0.0,
            "Precision": 0,
            "Recall": 0.0,
            "F1 Score": 0
        },
        "Article ID: 0907.2872": {
            "Adjacency List": {
                "S2.E1": [],
                "S2.E2": [],
                "S2.E3": [
                    "S2.E4"
                ],
                "S2.E4": [],
                "S2.E5": [],
                "S2.E6": [
                    "S2.E8",
                    "S3.E9"
                ],
                "S2.E7": [],
                "S2.E8": [
                    "S3.E9"
                ],
                "S3.E9": []
            },
            "Accuracy": 0.16666666666666666,
            "Precision": 0.5,
            "Recall": 0.2,
            "F1 Score": 0.28571428571428575
        },
        "Article ID: 0907.2959": {
            "Adjacency List": {
                "S1.E1": [],
                "S1.E2": [],
                "S1.E3": [],
                "S3.E4": []
            },
            "Accuracy": 0.0,
            "Precision": 0,
            "Recall": 0.0,
            "F1 Score": 0
        },
        "Article ID: 0907.2994": {
            "Adjacency List": {
                "S2.E1": [
                    "S2.E2"
                ],
                "S2.E2": [],
                "S2.E3": [
                    "S2.E4"
                ],
                "S2.E4": [],
                "S2.E5": [],
                "S2.E6": [],
                "S2.E7": [],
                "S2.E8": [
                    "S3.E9"
                ],
                "S3.E9": [],
                "S3.E10": []
            },
            "Accuracy": 0.0,
            "Precision": 0.0,
            "Recall": 0.0,
            "F1 Score": 0
        },
        "Article ID: 0907.3017": {
            "Adjacency List": {
                "S3.E1": [
                    "S5.E2",
                    "S5.E3",
                    "S6.E4"
                ],
                "S5.E2": [],
                "S5.E3": [],
                "S6.E4": []
            },
            "Accuracy": 0.0,
            "Precision": 0.0,
            "Recall": 0.0,
            "F1 Score": 0
        },
        "Article ID: 0907.3028": {
            "Adjacency List": {
                "S2.E1": [],
                "S2.E2": [],
                "S2.E3": [],
                "S2.E4": [],
                "S3.E5": [],
                "S3.E6": []
            },
            "Accuracy": 0.0,
            "Precision": 0,
            "Recall": 0.0,
            "F1 Score": 0
        },
        "Article ID: 0907.3040": {
            "Adjacency List": {
                "S2.E1": [],
                "S2.E2": [],
                "S2.E3": [],
                "S2.E4": [],
                "S2.E5": [],
                "S2.E6": [],
                "S2.E7": [],
                "S2.E8": [],
                "S2.E9": [],
                "S2.E10": [
                    "S2.E11"
                ],
                "S2.E11": [],
                "S2.E12": [],
                "S3.E13": []
            },
            "Accuracy": 0.06666666666666667,
            "Precision": 1.0,
            "Recall": 0.06666666666666667,
            "F1 Score": 0.125
        },
        "Article ID: 0907.3145": {
            "Adjacency List": {
                "S2.E1": [],
                "S2.E2": [],
                "S2.E3": [],
                "S3.E4": [
                    "S3.E5"
                ],
                "S3.E5": [],
                "S3.E6": [],
                "S3.E7": [],
                "S3.E8": [],
                "S3.E9": [],
                "S4.E10": [],
                "S5.E11": []
            },
            "Accuracy": 0.09090909090909091,
            "Precision": 1.0,
            "Recall": 0.09090909090909091,
            "F1 Score": 0.16666666666666669
        }
    },