{
    "Correctness": {
        "Number of articles used": 10,
        "Overall Correctness": {
            "Overall Accuracy": 0.17689530685920576,
            "Overall Precision": 0.23902439024390243,
            "Overall Recall": 0.4049586776859504,
            "Overall F1 Score": 0.3006134969325153
        },
        "Aggregate Correctness Statistics": {
            "Accuracy": {
                "Mean": 0.2060898720112671,
                "Lowest": 0.06666666666666667,
                "25th Quartile (Q1)": 0.11209439528023599,
                "Median": 0.19457013574660634,
                "75th Quartile (Q3)": 0.26704545454545453,
                "Highest": 0.4117647058823529
            },
            "Precision": {
                "Mean": 0.3238843175333005,
                "Lowest": 0.12149532710280374,
                "25th Quartile (Q1)": 0.15714285714285714,
                "Median": 0.3246753246753247,
                "75th Quartile (Q3)": 0.42142857142857143,
                "Highest": 0.5882352941176471
            },
            "Recall": {
                "Mean": 0.3704448621553885,
                "Lowest": 0.125,
                "25th Quartile (Q1)": 0.21250000000000002,
                "Median": 0.4,
                "75th Quartile (Q3)": 0.48214285714285715,
                "Highest": 0.6842105263157895
            },
            "F1 Score": {
                "Mean": 0.32693445908963154,
                "Lowest": 0.125,
                "25th Quartile (Q1)": 0.20158730158730162,
                "Median": 0.3238095238095238,
                "75th Quartile (Q3)": 0.42142857142857143,
                "Highest": 0.5833333333333334
            }
        }
    },
    "Results": {
        "Article ID: 0907.2648": {
            "Adjacency List": {
                "S0.E1": [
                    "S0.E2",
                    "S0.E3"
                ],
                "S0.E2": [
                    "S0.E3"
                ],
                "S0.E3": [
                    null
                ],
                "S0.E4": [
                    null
                ],
                "S0.E5": [
                    "S0.E6",
                    "S0.E7"
                ],
                "S0.E6": [
                    "S0.E7"
                ],
                "S0.E7": [
                    null
                ],
                "S0.E8": [
                    null
                ],
                "S0.E9": [
                    null
                ]
            },
            "Accuracy": 0.23529411764705882,
            "Precision": 0.36363636363636365,
            "Recall": 0.4,
            "F1 Score": 0.380952380952381
        },
        "Article ID: 0907.2720": {
            "Adjacency List": {
                "S2.E1": [
                    null
                ],
                "S2.E2": [
                    null
                ],
                "S2.E3": [
                    null
                ],
                "S2.E4": [
                    null
                ],
                "S2.E5": [
                    null
                ],
                "S2.E6": [
                    null
                ],
                "S2.E7": [
                    null
                ],
                "S2.E8": [
                    null
                ],
                "S2.E9": [
                    null
                ],
                "S2.E10": [
                    null
                ],
                "S3.E11": [
                    null
                ],
                "S3.E12": [
                    null
                ]
            },
            "Accuracy": 0.4117647058823529,
            "Precision": 0.5833333333333334,
            "Recall": 0.5833333333333334,
            "F1 Score": 0.5833333333333334
        },
        "Article ID: 0907.2870": {
            "Adjacency List": {
                "S2.E1": [
                    null
                ],
                "S2.E2": [
                    null
                ],
                "S2.E3": [
                    null
                ],
                "S2.E4": [
                    null
                ],
                "S2.E5": [
                    null
                ],
                "S2.E6": [
                    null
                ],
                "S2.E7": [
                    null
                ],
                "S2.E8": [
                    null
                ],
                "S2.E9": [
                    null
                ],
                "S2.E10": [
                    null
                ],
                "S2.E11": [
                    null
                ],
                "S2.E12": [
                    null
                ],
                "S2.E13": [
                    null
                ],
                "S3.E14": [
                    null
                ]
            },
            "Accuracy": 0.2727272727272727,
            "Precision": 0.42857142857142855,
            "Recall": 0.42857142857142855,
            "F1 Score": 0.42857142857142855
        },
        "Article ID: 0907.2872": {
            "Adjacency List": {
                "S4.E1": [
                    "S4.E2",
                    "S4.E7",
                    "S4.E9",
                    "S4.E10",
                    "S4.E11",
                    "S4.E12",
                    "S5.E13",
                    "S5.E14",
                    "S5.E15",
                    "S5.E16"
                ],
                "S4.E2": [
                    "S4.E7",
                    "S4.E9",
                    "S4.E10",
                    "S4.E11",
                    "S4.E12",
                    "S5.E13",
                    "S5.E14",
                    "S5.E15",
                    "S5.E16"
                ],
                "S4.E3": [
                    "S4.E7",
                    "S4.E9",
                    "S4.E10",
                    "S4.E11",
                    "S4.E12",
                    "S5.E13",
                    "S5.E14",
                    "S5.E15",
                    "S5.E16"
                ],
                "S4.E4": [
                    "S4.E5",
                    "S4.E6",
                    "S4.E7",
                    "S4.E8",
                    "S4.E9",
                    "S4.E10",
                    "S4.E11",
                    "S4.E12",
                    "S5.E13",
                    "S5.E14",
                    "S5.E15",
                    "S5.E16"
                ],
                "S4.E5": [
                    "S4.E6",
                    "S4.E7",
                    "S4.E8",
                    "S4.E9",
                    "S4.E10",
                    "S4.E11",
                    "S4.E12",
                    "S5.E13",
                    "S5.E14",
                    "S5.E15",
                    "S5.E16"
                ],
                "S4.E6": [
                    "S4.E7",
                    "S4.E8",
                    "S4.E9",
                    "S4.E10",
                    "S4.E11",
                    "S4.E12",
                    "S5.E13",
                    "S5.E14",
                    "S5.E15",
                    "S5.E16"
                ],
                "S4.E7": [
                    "S4.E8",
                    "S4.E9",
                    "S4.E10",
                    "S4.E11",
                    "S4.E12",
                    "S5.E13",
                    "S5.E14",
                    "S5.E15",
                    "S5.E16"
                ],
                "S4.E8": [
                    "S4.E9",
                    "S4.E10",
                    "S4.E11",
                    "S4.E12",
                    "S5.E13",
                    "S5.E14",
                    "S5.E15",
                    "S5.E16"
                ],