{
    "Correctness": {
        "Number of articles used": 10,
        "Overall Correctness": {
            "Overall Accuracy": 0.14915254237288136,
            "Overall Precision": 0.1888412017167382,
            "Overall Recall": 0.41509433962264153,
            "Overall F1 Score": 0.25958702064896755
        },
        "Aggregate Correctness Statistics": {
            "Accuracy": {
                "Mean": 0.21149374540103016,
                "Lowest": 0.047619047619047616,
                "25th Quartile (Q1)": 0.12261904761904763,
                "Median": 0.2,
                "75th Quartile (Q3)": 0.28055555555555556,
                "Highest": 0.42857142857142855
            },
            "Precision": {
                "Mean": 0.32262595334854977,
                "Lowest": 0.09090909090909091,
                "25th Quartile (Q1)": 0.2196969696969697,
                "Median": 0.3333333333333333,
                "75th Quartile (Q3)": 0.38438735177865613,
                "Highest": 0.6
            },
            "Recall": {
                "Mean": 0.3940297383775645,
                "Lowest": 0.09090909090909091,
                "25th Quartile (Q1)": 0.3141025641025641,
                "Median": 0.3484848484848485,
                "75th Quartile (Q3)": 0.5571428571428572,
                "Highest": 0.6923076923076923
            },
            "F1 Score": {
                "Mean": 0.33542657342657345,
                "Lowest": 0.09090909090909091,
                "25th Quartile (Q1)": 0.21636363636363637,
                "Median": 0.3333333333333333,
                "75th Quartile (Q3)": 0.43706293706293703,
                "Highest": 0.6
            }
        }
    },
    "Results": {
        "Article ID: 0907.2648": {
            "Adjacency List": {
                "S2.E1": [
                    null
                ],
                "S2.E2": [
                    null
                ],
                "S2.E3": [
                    null
                ],
                "S2.E4": [
                    null
                ],
                "S2.E5": [
                    null
                ],
                "S2.E6": [
                    null
                ]
            },
            "Accuracy": 0.3,
            "Precision": 0.5,
            "Recall": 0.42857142857142855,
            "F1 Score": 0.4615384615384615
        },
        "Article ID: 0907.2720": {
            "Adjacency List": {
                "S2.E1": [
                    null
                ],
                "S2.E2": [
                    null
                ],
                "S2.E3": [
                    null
                ],
                "S2.E4": [
                    null
                ],
                "S2.E5": [
                    null
                ]
            },
            "Accuracy": 0.42857142857142855,
            "Precision": 0.6,
            "Recall": 0.6,
            "F1 Score": 0.6
        },
        "Article ID: 0907.2870": {
            "Adjacency List": {
                "S0.E1": [
                    null
                ],
                "S0.E2": [
                    null
                ],
                "S0.E3": [
                    null
                ],
                "S0.E4": [
                    null
                ],
                "S0.E5": [
                    null
                ],
                "S0.E6": [
                    null
                ]
            },
            "Accuracy": 0.2,
            "Precision": 0.3333333333333333,
            "Recall": 0.3333333333333333,
            "F1 Score": 0.3333333333333333
        },
        "Article ID: 0907.2872": {
            "Adjacency List": {
                "S2.E1": [
                    "S2.E4"
                ],
                "S2.E2": [
                    null
                ],
                "S2.E3": [
                    "S2.E4"
                ],
                "S2.E4": [
                    null
                ],
                "S3.E5": [
                    null
                ],
                "S3.E6": [
                    null
                ],
                "S3.E7": [
                    null
                ],
                "S3.E8": [
                    null
                ],
                "S3.E9": [
                    null
                ],
                "S3.E10": [
                    null
                ],
                "S3.E11": [
                    null
                ]
            },
            "Accuracy": 0.1,
            "Precision": 0.18181818181818182,
            "Recall": 0.18181818181818182,
            "F1 Score": 0.18181818181818182
        },
        "Article ID: 0907.2959": {
            "Adjacency List": {
                "S1.E1": [
                    null
                ],
                "S4.E2": [
                    "S4.E3",
                    "S4.E4",
                    "S4.E5",
                    "S4.E6",
                    "S4.E7"
                ],
                "S4.E3": [
                    "S4.E4",
                    "S4.E5",
                    "S4.E6",
                    "S4.E7",
                    "S4.E8",
                    "S5.E10",
                    "S5.E12"
                ],
                "S4.E4": [
                    null
                ],
                "S4.E5": [
                    null
                ],
                "S4.E6": [
                    null
                ],
                "S4.E7": [
                    null
                ],
                "S4.E8": [
                    null
                ],
                "S4.E9": [
                    null
                ],
                "S5.E10": [
                    "S5.E11",
                    "S5.E12"
                ],
                "S5.E11": [
                    "S5.E12"
                ],
                "S5.E12": [
                    null
                ]
            },
            "Accuracy": 0.3333333333333333,
            "Precision": 0.391304347826087,
            "Recall": 0.6923076923076923,
            "F1 Score": 0.5
        },
        "Article ID: 0907.2994": {
            "Adjacency List": {
                "S2.E1": [
                    null
                ],
                "S2.E2": [
                    null
                ],
                "S2.E3": [
                    null
                ],
                "S2.E4": [
                    null
                ],
                "S3.E5": [
                    null
                ],
                "S3.E6": [
                    null
                ]
            },
            "Accuracy": 0.2,
            "Precision": 0.3333333333333333,
            "Recall": 0.3333333333333333,
            "F1 Score": 0.3333333333333333
        },
        "Article ID: 0907.3017": {
            "Adjacency List": {
                "S1.E1": [
                    null
                ],
                "S2.E2": [
                    null
                ],
                "S2.E3": [
                    null
                ],
                "S2.E4": [
                    "S2.E5"
                ],
                "S2.E5": [
                    null
                ],
                "S2.E6": [
                    null
                ],
                "S2.E7": [
                    null
                ],
                "S2.E8": [
                    null
                ],
                "S3.E9": [
                    null
                ],
                "S3.E10": [
                    null
                ],
                "S6.E11": [
                    null
                ],
                "S6.E12": [
                    null
                ]
            },
            "Accuracy": 0.19047619047619047,
            "Precision": 0.3333333333333333,
            "Recall": 0.3076923076923077,
            "F1 Score": 0.32
        },