{
    "Correctness": {
        "Number of articles used": 15,
        "Overall Correctness": {
            "Overall Accuracy": 0.07246376811594203,
            "Overall Precision": 0.1941747572815534,
            "Overall Recall": 0.10362694300518134,
            "Overall F1 Score": 0.13513513513513514
        },
        "Aggregate Correctness Statistics": {
            "Accuracy": {
                "Mean": 0.05942653005821112,
                "Lowest": 0.0,
                "25th Quartile (Q1)": 0.0,
                "Median": 0.043478260869565216,
                "75th Quartile (Q3)": 0.10263157894736842,
                "Highest": 0.23076923076923078
            },
            "Precision": {
                "Mean": 0.12780849974398362,
                "Lowest": 0.0,
                "25th Quartile (Q1)": 0.0,
                "Median": 0.12903225806451613,
                "75th Quartile (Q3)": 0.225,
                "Highest": 0.5
            },
            "Recall": {
                "Mean": 0.10560322030910266,
                "Lowest": 0.0,
                "25th Quartile (Q1)": 0.0,
                "Median": 0.058823529411764705,
                "75th Quartile (Q3)": 0.22424242424242424,
                "Highest": 0.3076923076923077
            },
            "F1 Score": {
                "Mean": 0.1046790852987797,
                "Lowest": 0.0,
                "25th Quartile (Q1)": 0.0,
                "Median": 0.08333333333333333,
                "75th Quartile (Q3)": 0.18614718614718614,
                "Highest": 0.37499999999999994
            }
        }
    },
    "Results": {
        "Article ID: 0907.2648": {
            "Adjacency List": {
                "S0.E1": [],
                "S0.E2": [],
                "S0.E3": [],
                "S0.E4": [],
                "S0.E5": [],
                "S0.E6": [],
                "S0.E7": [],
                "S0.E8": [],
                "S0.E9": [],
                "S0.E10": []
            },
            "Accuracy": 0.0,
            "Precision": 0,
            "Recall": 0.0,
            "F1 Score": 0
        },
        "Article ID: 0907.2720": {
            "Adjacency List": {
                "S0.E1": [
                    "S0.E2",
                    "S0.E3",
                    "S0.E4",
                    "S0.E5"
                ],
                "S0.E2": [
                    "S0.E4"
                ],
                "S0.E3": [],
                "S0.E4": [
                    "S0.E5"
                ],
                "S0.E5": [],
                "S0.E6": [],
                "S0.E7": [],
                "S0.E8": [],
                "S0.E9": [],
                "S0.E10": [],
                "S0.E11": [],
                "S0.E12": [],
                "S0.E13": [
                    "S0.E14"
                ],
                "S0.E14": [],
                "S0.E15": [],
                "S0.E16": [],
                "S0.E17": []
            },
            "Accuracy": 0.043478260869565216,
            "Precision": 0.14285714285714285,
            "Recall": 0.058823529411764705,
            "F1 Score": 0.08333333333333333
        },
        "Article ID: 0907.2870": {
            "Adjacency List": {
                "S0.E1": [],
                "S0.E2": [],
                "S0.E3": [],
                "S0.E4": [],
                "S0.E5": [],
                "S0.E6": []
            },
            "Accuracy": 0.0,
            "Precision": 0,
            "Recall": 0.0,
            "F1 Score": 0
        },
        "Article ID: 0907.2872": {
            "Adjacency List": {
                "S2.E1": [],
                "S2.E2": [],
                "S2.E3": [],
                "S2.E4": [
                    "S2.E5",
                    "S2.E6",
                    "S2.E7",
                    "S2.E8",
                    "S2.E9",
                    "S2.E10",
                    "S3.E11",
                    "S4.E12"
                ],
                "S2.E5": [
                    "S2.E6",
                    "S2.E7",
                    "S2.E8",
                    "S2.E9",
                    "S2.E10",
                    "S3.E11",
                    "S4.E12"
                ],
                "S2.E6": [
                    "S2.E9",
                    "S2.E10",
                    "S3.E11",
                    "S4.E12"
                ],
                "S2.E7": [
                    "S2.E9",
                    "S2.E10",
                    "S3.E11",
                    "S4.E12"
                ],
                "S2.E8": [
                    "S2.E9",
                    "S2.E10",
                    "S3.E11"
                ],
                "S2.E9": [
                    "S2.E10",
                    "S3.E11",
                    "S4.E12"
                ],
                "S2.E10": [
                    "S3.E11",
                    "S4.E12"
                ],
                "S3.E11": [],
                "S4.E12": [],
                "S4.E13": []
            },
            "Accuracy": 0.1,
            "Precision": 0.12903225806451613,
            "Recall": 0.3076923076923077,
            "F1 Score": 0.18181818181818182
        },
        "Article ID: 0907.2959": {
            "Adjacency List": {
                "S2.E1": [],
                "S2.E2": [
                    "S2.E3"
                ],
                "S2.E3": [],
                "S2.E4": [],
                "S2.E5": [],
                "S3.E6": [],
                "S3.E7": [],
                "S3.E8": [],
                "S3.E9": [],
                "S3.E10": [],
                "S4.E11": []
            },
            "Accuracy": 0.0,
            "Precision": 0.0,
            "Recall": 0.0,
            "F1 Score": 0
        },
        "Article ID: 0907.2994": {
            "Adjacency List": {
                "S3.E1": [],
                "S3.E2": [],
                "S3.E3": [],
                "S3.E4": [],
                "S3.E5": [],
                "S3.E6": [],
                "S3.E7": [],
                "S6.E8": [],
                "S6.E9": []
            },
            "Accuracy": 0.0,
            "Precision": 0,
            "Recall": 0.0,
            "F1 Score": 0
        },
        "Article ID: 0907.3017": {
            "Adjacency List": {
                "S0.E1": [
                    "S0.E3",
                    "S0.E4",
                    "S0.E5",
                    "S0.E6",
                    "S0.E7"
                ],
                "S0.E2": [
                    "S0.E3",
                    "S0.E4",
                    "S0.E5",
                    "S0.E6"
                ],
                "S0.E3": [
                    "S0.E4",
                    "S0.E5",
                    "S0.E6",
                    "S0.E7"
                ],
                "S0.E4": [
                    "S0.E5"
                ],
                "S0.E5": [],
                "S0.E6": [],
                "S0.E7": []
            },
            "Accuracy": 0.10526315789473684,
            "Precision": 0.14285714285714285,
            "Recall": 0.2857142857142857,
            "F1 Score": 0.19047619047619047
        },
        "Article ID: 0907.3028": {
            "Adjacency List": {
                "S2.E1": [],
                "S2.E2": [],
                "S2.E3": [
                    "S2.E4"
                ],
                "S2.E4": [],
                "S2.E5": [],
                "S2.E6": [
                    "S2.E7",
                    "S2.E8",
                    "S3.E9"
                ],
                "S2.E7": [
                    "S2.E8"
                ],
                "S2.E8": [
                    "S3.E9"
                ],
                "S3.E9": []
            },
            "Accuracy": 0.23076923076923078,
            "Precision": 0.5,
            "Recall": 0.3,
            "F1 Score": 0.37499999999999994
        },