{
    "Correctness": {
        "Number of articles used": 15,
        "Overall Correctness": {
            "Overall Accuracy": 0.05704697986577181,
            "Overall Precision": 0.1297709923664122,
            "Overall Recall": 0.09239130434782608,
            "Overall F1 Score": 0.10793650793650793
        },
        "Aggregate Correctness Statistics": {
            "Accuracy": {
                "Mean": 0.03317053317053317,
                "Lowest": 0.0,
                "25th Quartile (Q1)": 0.0,
                "Median": 0.0,
                "75th Quartile (Q3)": 0.07179487179487179,
                "Highest": 0.14285714285714285
            },
            "Precision": {
                "Mean": 0.13125412541254125,
                "Lowest": 0.0,
                "25th Quartile (Q1)": 0.0,
                "Median": 0.0,
                "75th Quartile (Q3)": 0.1094059405940594,
                "Highest": 1.0
            },
            "Recall": {
                "Mean": 0.08729044834307992,
                "Lowest": 0.0,
                "25th Quartile (Q1)": 0.0,
                "Median": 0.0,
                "75th Quartile (Q3)": 0.08888888888888888,
                "Highest": 0.631578947368421
            },
            "F1 Score": {
                "Mean": 0.05997835497835498,
                "Lowest": 0.0,
                "25th Quartile (Q1)": 0.0,
                "Median": 0.0,
                "75th Quartile (Q3)": 0.13392857142857145,
                "Highest": 0.25
            }
        }
    },
    "Results": {
        "Article ID: 0907.2648": {
            "Adjacency List": {
                "S0.E1": [],
                "S0.E2": [],
                "S0.E3": [],
                "S0.E4": [],
                "S0.E5": [],
                "S0.E6": [],
                "S0.E7": [],
                "S0.E8": [],
                "S0.E9": [],
                "S0.E10": [],
                "S0.E11": [],
                "S0.E12": [],
                "S0.E13": []
            },
            "Accuracy": 0.0,
            "Precision": 0,
            "Recall": 0.0,
            "F1 Score": 0
        },
        "Article ID: 0907.2720": {
            "Adjacency List": {
                "S4.E1": [
                    "S4.E2",
                    "S4.E10",
                    "S4.E11",
                    "S4.E12",
                    "S5.E13",
                    "S5.E14",
                    "S5.E15",
                    "S5.E16"
                ],
                "S4.E2": [
                    "S4.E9",
                    "S4.E10",
                    "S4.E11",
                    "S4.E12",
                    "S5.E13",
                    "S5.E14",
                    "S5.E15",
                    "S5.E16"
                ],
                "S4.E3": [
                    "S4.E10",
                    "S4.E11",
                    "S4.E12",
                    "S5.E13",
                    "S5.E14",
                    "S5.E15",
                    "S5.E16"
                ],
                "S4.E4": [
                    "S4.E5",
                    "S4.E6",
                    "S4.E7",
                    "S4.E8",
                    "S4.E9",
                    "S4.E10",
                    "S4.E11",
                    "S4.E12",
                    "S5.E13",
                    "S5.E14",
                    "S5.E15",
                    "S5.E16"
                ],
                "S4.E5": [
                    "S4.E6",
                    "S4.E7",
                    "S4.E8",
                    "S4.E9",
                    "S4.E10",
                    "S4.E11",
                    "S4.E12",
                    "S5.E13",
                    "S5.E14",
                    "S5.E15",
                    "S5.E16"
                ],
                "S4.E6": [
                    "S4.E7",
                    "S4.E8",
                    "S4.E9",
                    "S4.E10",
                    "S4.E11",
                    "S4.E12",
                    "S5.E13",
                    "S5.E14",
                    "S5.E15",
                    "S5.E16"
                ],
                "S4.E7": [
                    "S4.E8",
                    "S4.E9",
                    "S4.E10",
                    "S4.E11",
                    "S4.E12",
                    "S5.E13",
                    "S5.E14",
                    "S5.E15",
                    "S5.E16"
                ],
                "S4.E8": [
                    "S4.E9",
                    "S4.E10",
                    "S4.E11",
                    "S4.E12",
                    "S5.E13",
                    "S5.E14",
                    "S5.E15",
                    "S5.E16"
                ],
                "S4.E9": [
                    "S4.E10",
                    "S4.E11",
                    "S4.E12",
                    "S5.E13",
                    "S5.E14",
                    "S5.E15",
                    "S5.E16"
                ],
                "S4.E10": [
                    "S4.E11",
                    "S4.E12",
                    "S5.E13",
                    "S5.E14",
                    "S5.E15",
                    "S5.E16"
                ],
                "S4.E11": [
                    "S4.E12",
                    "S5.E13",
                    "S5.E14",
                    "S5.E15",
                    "S5.E16"
                ],
                "S4.E12": [
                    "S5.E13",
                    "S5.E14",
                    "S5.E15",
                    "S5.E16"
                ],
                "S5.E13": [
                    "S5.E14",
                    "S5.E15",
                    "S5.E16"
                ],
                "S5.E14": [
                    "S5.E15",
                    "S5.E16"
                ],
                "S5.E15": [
                    "S5.E16"
                ],
                "S5.E16": []
            },
            "Accuracy": 0.1111111111111111,
            "Precision": 0.1188118811881188,
            "Recall": 0.631578947368421,
            "F1 Score": 0.2
        },
        "Article ID: 0907.2870": {
            "Adjacency List": {
                "S2.E1": [],
                "S2.E2": [],
                "S2.E3": [],
                "S2.E4": [],
                "S2.E5": [],
                "S2.E6": [],
                "S2.E7": [],
                "S2.E8": [],
                "S2.E9": [],
                "S2.E10": [],
                "S2.E11": [],
                "S2.E12": [],
                "S3.E13": [],
                "S3.E14": []
            },
            "Accuracy": 0.0,
            "Precision": 0,
            "Recall": 0.0,
            "F1 Score": 0
        },
        "Article ID: 0907.2872": {
            "Adjacency List": {
                "S2.E1": [],
                "S2.E2": [],
                "S2.E3": [],
                "S2.E4": [],
                "S2.E5": [],
                "S3.E6": [],
                "S3.E7": [],
                "S3.E8": [],
                "S3.E9": [],
                "S3.E10": [],
                "S4.E11": []
            },
            "Accuracy": 0.0,
            "Precision": 0,
            "Recall": 0.0,
            "F1 Score": 0
        },
        "Article ID: 0907.2959": {
            "Adjacency List": {
                "S3.E1": [],
                "S3.E2": [],
                "S3.E3": [],
                "S3.E4": [],
                "S3.E5": [],
                "S3.E6": [],
                "S3.E7": [],
                "S6.E8": [],
                "S6.E9": []
            },
            "Accuracy": 0.0,
            "Precision": 0,
            "Recall": 0.0,
            "F1 Score": 0
        },
        "Article ID: 0907.2994": {
            "Adjacency List": {
                "S0.E1": [],
                "S0.E2": [],
                "S0.E3": [],
                "S0.E4": [],
                "S0.E5": [],
                "S0.E6": []
            },
            "Accuracy": 0.0,