{
    "Correctness": {
        "Number of articles used": 10,
        "Overall Correctness": {
            "Overall Accuracy": 0.09770114942528736,
            "Overall Precision": 0.12734082397003746,
            "Overall Recall": 0.2956521739130435,
            "Overall F1 Score": 0.17801047120418848
        },
        "Aggregate Correctness Statistics": {
            "Accuracy": {
                "Mean": 0.13001372881168277,
                "Lowest": 0.0,
                "25th Quartile (Q1)": 0.04879679144385027,
                "Median": 0.1,
                "75th Quartile (Q3)": 0.20454545454545456,
                "Highest": 0.2857142857142857
            },
            "Precision": {
                "Mean": 0.18351108162563273,
                "Lowest": 0.0,
                "25th Quartile (Q1)": 0.06372549019607843,
                "Median": 0.15526315789473683,
                "75th Quartile (Q3)": 0.26555555555555554,
                "Highest": 0.42857142857142855
            },
            "Recall": {
                "Mean": 0.2951190476190476,
                "Lowest": 0.0,
                "25th Quartile (Q1)": 0.20357142857142857,
                "Median": 0.2583333333333333,
                "75th Quartile (Q3)": 0.45714285714285713,
                "Highest": 0.5
            },
            "F1 Score": {
                "Mean": 0.21724032645388144,
                "Lowest": 0.0,
                "25th Quartile (Q1)": 0.09299516908212561,
                "Median": 0.1801470588235294,
                "75th Quartile (Q3)": 0.33942307692307694,
                "Highest": 0.4444444444444445
            }
        }
    },
    "Results": {
        "Article ID: 0907.2648": {
            "Adjacency List": {
                "S0.E1": [
                    "S0.E2"
                ],
                "S0.E2": [],
                "S0.E3": [
                    "S0.E4"
                ],
                "S0.E4": [
                    "S0.E5",
                    "S0.E6"
                ],
                "S0.E5": [
                    "S0.E6"
                ],
                "S0.E6": [
                    "S0.E7",
                    "S0.E8",
                    "S0.E9",
                    "S0.E10"
                ],
                "S0.E7": [
                    "S0.E8",
                    "S0.E10"
                ],
                "S0.E8": [
                    "S0.E9",
                    "S0.E10"
                ],
                "S0.E9": [
                    "S0.E10"
                ],
                "S0.E10": []
            },
            "Accuracy": 0.2727272727272727,
            "Precision": 0.42857142857142855,
            "Recall": 0.42857142857142855,
            "F1 Score": 0.42857142857142855
        },
        "Article ID: 0907.2720": {
            "Adjacency List": {
                "S2.E1": [],
                "S2.E2": [
                    "S2.E1"
                ],
                "S2.E3": [
                    "S2.E1",
                    "S2.E2"
                ],
                "S2.E4": [
                    "S2.E1",
                    "S2.E2",
                    "S2.E3"
                ],
                "S2.E5": [
                    "S3.E7"
                ],
                "S3.E6": [
                    "S3.E7",
                    "S3.E8",
                    "S3.E9",
                    "S3.E10",
                    "S3.E12"
                ],
                "S3.E7": [
                    "S3.E8",
                    "S3.E9",
                    "S3.E10",
                    "S3.E11",
                    "S3.E12",
                    "S3.E13"
                ],
                "S3.E8": [
                    "S3.E9",
                    "S3.E10",
                    "S3.E11",
                    "S3.E12",
                    "S3.E13"
                ],
                "S3.E9": [
                    "S3.E10",
                    "S3.E11",
                    "S3.E12",
                    "S3.E13"
                ],
                "S3.E10": [
                    "S3.E11",
                    "S3.E12",
                    "S3.E13"
                ],
                "S3.E11": [
                    "S3.E6",
                    "S3.E12",
                    "S3.E13"
                ],
                "S3.E12": [
                    "S3.E13"
                ],
                "S3.E13": [],
                "S4.E14": []
            },
            "Accuracy": 0.06666666666666667,
            "Precision": 0.08823529411764706,
            "Recall": 0.21428571428571427,
            "F1 Score": 0.125
        },
        "Article ID: 0907.2870": {
            "Adjacency List": {
                "S2.E1": [],
                "S2.E2": [
                    "S2.E3"
                ],
                "S2.E3": [],
                "S2.E4": [
                    "S2.E7",
                    "S2.E8",
                    "S2.E9"
                ],
                "S2.E5": [
                    "S2.E6",
                    "S2.E7",
                    "S2.E8",
                    "S2.E9"
                ],
                "S2.E6": [
                    "S2.E7",
                    "S2.E8",
                    "S2.E9"
                ],
                "S2.E7": [
                    "S2.E8",
                    "S2.E9",
                    "S2.E10",
                    "S2.E12"
                ],
                "S2.E8": [
                    "S2.E9",
                    "S2.E10"
                ],
                "S2.E9": [
                    "S2.E10",
                    "S2.E12"
                ],
                "S2.E10": [],
                "S2.E11": [],
                "S2.E12": []
            },
            "Accuracy": 0.13333333333333333,
            "Precision": 0.21052631578947367,
            "Recall": 0.26666666666666666,
            "F1 Score": 0.23529411764705882
        },
        "Article ID: 0907.2872": {
            "Adjacency List": {
                "S3.E1": [
                    "S3.E2",
                    "S3.E3",
                    "S3.E4",
                    "S3.E5"
                ],
                "S3.E2": [
                    "S3.E3",
                    "S3.E4",
                    "S3.E5",
                    "S3.E7"
                ],
                "S3.E3": [
                    "S3.E4",
                    "S3.E5",
                    "S3.E6",
                    "S3.E7",
                    "S3.E8",
                    "S3.E9",
                    "S3.E10",
                    "S3.E11",
                    "S3.E12",
                    "S3.E13",
                    "S3.E14",
                    "S3.E15"
                ],
                "S3.E4": [
                    "S3.E5",
                    "S3.E6",
                    "S3.E7",
                    "S3.E8",
                    "S3.E9",
                    "S3.E10",
                    "S3.E13"
                ],
                "S3.E5": [
                    "S3.E6",
                    "S3.E7",
                    "S3.E8",
                    "S3.E9",
                    "S3.E10",
                    "S3.E11",
                    "S3.E12",
                    "S3.E13",
                    "S3.E14"
                ],
                "S3.E6": [
                    "S3.E7",
                    "S3.E8",
                    "S3.E9",
                    "S3.E10",
                    "S3.E11",
                    "S3.E12",
                    "S3.E13",
                    "S3.E14"
                ],
                "S3.E7": [
                    "S3.E8",
                    "S3.E9",
                    "S3.E10",
                    "S3.E11",
                    "S3.E12",
                    "S3.E13",
                    "S3.E14"
                ],