{
    "Correctness": {
        "Number of articles used": 15,
        "Overall Correctness": {
            "Overall Accuracy": 0.20618556701030927,
            "Overall Precision": 0.2843601895734597,
            "Overall Recall": 0.42857142857142855,
            "Overall F1 Score": 0.3418803418803419
        },
        "Aggregate Correctness Statistics": {
            "Accuracy": {
                "Mean": 0.26160018674511426,
                "Lowest": 0.07407407407407407,
                "25th Quartile (Q1)": 0.13664596273291924,
                "Median": 0.2222222222222222,
                "75th Quartile (Q3)": 0.37797619047619047,
                "Highest": 0.7
            },
            "Precision": {
                "Mean": 0.3721529396529396,
                "Lowest": 0.09523809523809523,
                "25th Quartile (Q1)": 0.225,
                "Median": 0.3333333333333333,
                "75th Quartile (Q3)": 0.5523809523809524,
                "Highest": 0.7777777777777778
            },
            "Recall": {
                "Mean": 0.4339483065953654,
                "Lowest": 0.16666666666666666,
                "25th Quartile (Q1)": 0.2928571428571428,
                "Median": 0.4,
                "75th Quartile (Q3)": 0.5714285714285714,
                "Highest": 0.875
            },
            "F1 Score": {
                "Mean": 0.39063294910571417,
                "Lowest": 0.13793103448275862,
                "25th Quartile (Q1)": 0.24038461538461536,
                "Median": 0.3636363636363636,
                "75th Quartile (Q3)": 0.5485893416927898,
                "Highest": 0.823529411764706
            }
        }
    },
    "Results": {
        "Article ID: 0907.2648": {
            "Adjacency List": {
                "S1.E1": [
                    null
                ],
                "S1.E2": [
                    null
                ],
                "S2.E3": [
                    null
                ],
                "S2.E4": [
                    null
                ],
                "S2.E5": [
                    null
                ],
                "S3.E6": [
                    null
                ],
                "S3.E7": [
                    null
                ],
                "S3.E8": [
                    null
                ],
                "S3.E9": [
                    null
                ],
                "S3.E10": [
                    null
                ]
            },
            "Accuracy": 0.375,
            "Precision": 0.6,
            "Recall": 0.5,
            "F1 Score": 0.5454545454545454
        },
        "Article ID: 0907.2720": {
            "Adjacency List": {
                "S2.E1": [
                    null
                ],
                "S2.E2": [
                    null
                ],
                "S2.E3": [
                    null
                ],
                "S2.E4": [
                    null
                ],
                "S2.E5": [
                    null
                ]
            },
            "Accuracy": 0.42857142857142855,
            "Precision": 0.6,
            "Recall": 0.6,
            "F1 Score": 0.6
        },
        "Article ID: 0907.2870": {
            "Adjacency List": {
                "S2.E1": [
                    null
                ],
                "S2.E2": [
                    null
                ],
                "S2.E3": [
                    null
                ],
                "S2.E4": [
                    null
                ],
                "S2.E5": [
                    null
                ],
                "S3.E6": [
                    null
                ],
                "S3.E7": [
                    null
                ],
                "S3.E8": [
                    null
                ],
                "S3.E9": [
                    null
                ],
                "S3.E10": [
                    null
                ],
                "S4.E11": [
                    null
                ]
            },
            "Accuracy": 0.2222222222222222,
            "Precision": 0.36363636363636365,
            "Recall": 0.36363636363636365,
            "F1 Score": 0.36363636363636365
        },
        "Article ID: 0907.2872": {
            "Adjacency List": {
                "S1.E1": [
                    null
                ],
                "S1.E2": [
                    null
                ],
                "S2.E3": [
                    null
                ],
                "S2.E4": [
                    null
                ],
                "S2.E5": [
                    null
                ],
                "S2.E6": [
                    null
                ],
                "S2.E7": [
                    null
                ],
                "S3.E8": [
                    null
                ]
            },
            "Accuracy": 0.14285714285714285,
            "Precision": 0.25,
            "Recall": 0.25,
            "F1 Score": 0.25
        },
        "Article ID: 0907.2959": {
            "Adjacency List": {
                "S2.E1": [
                    null
                ],
                "S2.E2": [
                    null
                ],
                "S2.E3": [
                    null
                ],
                "S3.E4": [
                    "S3.E5",
                    "S4.E6",
                    "S4.E7",
                    "S4.E8"
                ],
                "S3.E5": [
                    "S4.E6",
                    "S4.E7",
                    "S4.E8"
                ],
                "S4.E6": [
                    "S4.E7",
                    "S4.E8"
                ],
                "S4.E7": [
                    null
                ],
                "S4.E8": [
                    null
                ],
                "S4.E9": [
                    null
                ],
                "S4.E10": [
                    null
                ]
            },
            "Accuracy": 0.13043478260869565,
            "Precision": 0.1875,
            "Recall": 0.3,
            "F1 Score": 0.23076923076923075
        },
        "Article ID: 0907.2994": {
            "Adjacency List": {
                "S4.E1": [
                    null
                ],
                "S4.E2": [
                    "S4.E3",
                    "S5.E4"
                ],
                "S4.E3": [
                    "S5.E4"
                ],
                "S5.E4": [
                    null
                ],
                "S5.E5": [
                    null
                ],
                "S5.E6": [
                    null
                ],
                "S5.E7": [
                    null
                ],
                "S6.E8": [
                    null
                ],
                "S6.E9": [
                    null
                ],
                "S6.E10": [
                    null
                ],
                "S6.E11": [
                    null
                ],
                "S6.E12": [
                    null
                ],
                "S6.E13": [
                    null
                ],
                "S6.E14": [
                    null
                ]
            },
            "Accuracy": 0.38095238095238093,
            "Precision": 0.5333333333333333,
            "Recall": 0.5714285714285714,
            "F1 Score": 0.5517241379310344
        },
        "Article ID: 0907.3017": {
            "Adjacency List": {
                "S0.E1": [
                    null
                ],
                "S0.E2": [
                    "S0.E3",
                    "S0.E4",
                    "S0.E5"
                ],
                "S0.E3": [
                    "S0.E4",
                    "S0.E5",
                    "S0.E6"
                ],
                "S0.E4": [
                    "S0.E5"
                ],