{
    "Correctness": {
        "Number of articles used": 10,
        "Overall Correctness": {
            "Overall Accuracy": 0.8882030178326474,
            "Overall Precision": 0.39568345323741005,
            "Overall Recall": 0.41044776119402987,
            "Overall F1 Score": 0.40293040293040294
        },
        "Aggregate Correctness Statistics": {
            "Accuracy": {
                "Mean": 0.8807269034558025,
                "Lowest": 0.7857142857142857,
                "25th Quartile (Q1)": 0.8747289407839867,
                "Median": 0.8863636363636364,
                "75th Quartile (Q3)": 0.9048512167444207,
                "Highest": 0.9166666666666666
            },
            "Precision": {
                "Mean": 0.4135825030232925,
                "Lowest": 0.14285714285714285,
                "25th Quartile (Q1)": 0.35,
                "Median": 0.4083333333333333,
                "75th Quartile (Q3)": 0.5101214574898785,
                "Highest": 0.6363636363636364
            },
            "Recall": {
                "Mean": 0.39229437229437225,
                "Lowest": 0.14285714285714285,
                "25th Quartile (Q1)": 0.3409090909090909,
                "Median": 0.41428571428571426,
                "75th Quartile (Q3)": 0.4636363636363636,
                "Highest": 0.5
            },
            "F1 Score": {
                "Mean": 0.3954826111292346,
                "Lowest": 0.14285714285714285,
                "25th Quartile (Q1)": 0.3409090909090909,
                "Median": 0.40476190476190477,
                "75th Quartile (Q3)": 0.483695652173913,
                "Highest": 0.56
            }
        }
    },
    "Results": {
        "Article ID: 0907.2648": {
            "Adjacency List": {
                "S0.E1": [
                    null
                ],
                "S0.E2": [
                    null
                ],
                "S0.E3": [
                    null
                ],
                "S0.E4": [
                    null
                ],
                "S0.E5": [
                    null
                ],
                "S0.E6": [
                    null
                ],
                "S0.E7": [
                    null
                ],
                "S0.E8": [
                    null
                ],
                "S0.E9": [
                    null
                ],
                "S0.E10": [
                    null
                ]
            },
            "Accuracy": 0.8909090909090909,
            "Precision": 0.6,
            "Recall": 0.42857142857142855,
            "F1 Score": 0.5
        },
        "Article ID: 0907.2720": {
            "Adjacency List": {
                "S2.E1": [
                    "S2.E2",
                    "S2.E3"
                ],
                "S2.E2": [
                    "S2.E3"
                ],
                "S2.E3": [
                    null
                ],
                "S2.E4": [
                    null
                ],
                "S2.E5": [
                    null
                ],
                "S2.E6": [
                    null
                ],
                "S2.E7": [
                    null
                ],
                "S2.E8": [
                    null
                ],
                "S2.E9": [
                    null
                ],
                "S2.E10": [
                    null
                ],
                "S2.E11": [
                    null
                ],
                "S2.E12": [
                    null
                ]
            },
            "Accuracy": 0.8961038961038961,
            "Precision": 0.46153846153846156,
            "Recall": 0.4,
            "F1 Score": 0.42857142857142855
        },
        "Article ID: 0907.2870": {
            "Adjacency List": {
                "S0.E1": [
                    null
                ],
                "S0.E2": [
                    "S0.E5",
                    "S0.E6",
                    "S0.E7",
                    "S0.E8",
                    "S0.E9"
                ],
                "S0.E3": [
                    "S0.E5",
                    "S0.E6",
                    "S0.E7",
                    "S0.E8",
                    "S0.E9"
                ],
                "S0.E4": [
                    "S0.E5",
                    "S0.E6",
                    "S0.E7",
                    "S0.E8",
                    "S0.E9"
                ],
                "S0.E5": [
                    "S0.E6",
                    "S0.E7",
                    "S0.E8",
                    "S0.E9"
                ],
                "S0.E6": [
                    "S0.E7",
                    "S0.E8",
                    "S0.E9"
                ],
                "S0.E7": [
                    "S0.E8"
                ],
                "S0.E8": [
                    null
                ],
                "S0.E9": [
                    null
                ],
                "S0.E10": [
                    null
                ],
                "S0.E11": [
                    null
                ],
                "S0.E12": [
                    null
                ],
                "S0.E13": [
                    null
                ],
                "S0.E14": [
                    null
                ],
                "S0.E15": [
                    null
                ]
            },
            "Accuracy": 0.8595744680851064,
            "Precision": 0.21875,
            "Recall": 0.4666666666666667,
            "F1 Score": 0.2978723404255319
        },
        "Article ID: 0907.2872": {
            "Adjacency List": {
                "S2.E1": [
                    null
                ],
                "S2.E2": [
                    null
                ],
                "S2.E3": [
                    "S2.E4",
                    "S2.E5"
                ],
                "S2.E4": [
                    "S2.E5",
                    "S2.E6"
                ],
                "S2.E5": [
                    null
                ],
                "S2.E6": [
                    null
                ],
                "S2.E7": [
                    null
                ],
                "S2.E8": [
                    null
                ],
                "S2.E9": [
                    null
                ],
                "S3.E10": [
                    null
                ]
            },
            "Accuracy": 0.8818181818181818,
            "Precision": 0.4166666666666667,
            "Recall": 0.45454545454545453,
            "F1 Score": 0.43478260869565216
        },
        "Article ID: 0907.2959": {
            "Adjacency List": {
                "S2.E1": [
                    "S2.E2"
                ],
                "S2.E2": [
                    null
                ],
                "S2.E3": [
                    "S2.E4"
                ],
                "S2.E4": [
                    null
                ],
                "S2.E5": [
                    null
                ],
                "S2.E6": [
                    null
                ],
                "S2.E7": [
                    null
                ],
                "S2.E8": [
                    "S3.E9"
                ],
                "S3.E9": [
                    null
                ],
                "S3.E10": [
                    null
                ]
            },
            "Accuracy": 0.8807339449541285,
            "Precision": 0.4,
            "Recall": 0.36363636363636365,
            "F1 Score": 0.380952380952381
        },
        "Article ID: 0907.2994": {
            "Adjacency List": {
                "S2.E1": [
                    "S2.E2",
                    "S2.E4",
                    "S4.E5"
                ],
                "S2.E2": [
                    "S2.E3",
                    "S2.E4",
                    "S4.E5"
                ],