{
    "Correctness": {
        "Number of articles used": 5,
        "Overall Correctness": {
            "Overall Accuracy": 0.1452991452991453,
            "Overall Precision": 0.19101123595505617,
            "Overall Recall": 0.37777777777777777,
            "Overall F1 Score": 0.2537313432835821
        },
        "Aggregate Correctness Statistics": {
            "Accuracy": {
                "Mean": 0.189858266355544,
                "Lowest": 0.06896551724137931,
                "25th Quartile (Q1)": 0.08333333333333333,
                "Median": 0.14285714285714285,
                "75th Quartile (Q3)": 0.2857142857142857,
                "Highest": 0.3684210526315789
            },
            "Precision": {
                "Mean": 0.31679738562091503,
                "Lowest": 0.0784313725490196,
                "25th Quartile (Q1)": 0.2,
                "Median": 0.25,
                "75th Quartile (Q3)": 0.3888888888888889,
                "Highest": 0.6666666666666666
            },
            "Recall": {
                "Mean": 0.3893939393939394,
                "Lowest": 0.125,
                "25th Quartile (Q1)": 0.25,
                "Median": 0.3333333333333333,
                "75th Quartile (Q3)": 0.36363636363636365,
                "Highest": 0.875
            },
            "F1 Score": {
                "Mean": 0.3031568789633306,
                "Lowest": 0.12903225806451613,
                "25th Quartile (Q1)": 0.15384615384615385,
                "Median": 0.25,
                "75th Quartile (Q3)": 0.4444444444444444,
                "Highest": 0.5384615384615385
            }
        }
    },
    "Results": {
        "Article ID: 0907.2648": {
            "Adjacency List": {
                "S0.E1": [],
                "S0.E2": [],
                "S0.E3": [
                    "S0.E4"
                ],
                "S0.E4": [],
                "S0.E5": [
                    "S0.E3",
                    "S0.E4"
                ],
                "S0.E6": []
            },
            "Accuracy": 0.2857142857142857,
            "Precision": 0.6666666666666666,
            "Recall": 0.3333333333333333,
            "F1 Score": 0.4444444444444444
        },
        "Article ID: 0907.2720": {
            "Adjacency List": {
                "S1.E1": [],
                "S1.E2": [],
                "S2.E3": [],
                "S2.E4": [
                    "S2.E3",
                    "S2.E6"
                ],
                "S2.E5": [
                    "S2.E3",
                    "S2.E4",
                    "S2.E6"
                ],
                "S2.E6": [],
                "S2.E7": [],
                "S3.E8": []
            },
            "Accuracy": 0.08333333333333333,
            "Precision": 0.2,
            "Recall": 0.125,
            "F1 Score": 0.15384615384615385
        },
        "Article ID: 0907.2870": {
            "Adjacency List": {
                "S2.E1": [
                    "S3.E8"
                ],
                "S2.E2": [
                    "S2.E1",
                    "S3.E6",
                    "S3.E8",
                    "S3.E9"
                ],
                "S2.E3": [
                    "S2.E1",
                    "S2.E2",
                    "S3.E6",
                    "S3.E8",
                    "S3.E9"
                ],
                "S2.E4": [
                    "S2.E1",
                    "S2.E2",
                    "S2.E3",
                    "S3.E6",
                    "S3.E8",
                    "S3.E9",
                    "S3.E10",
                    "S3.E11"
                ],
                "S3.E5": [
                    "S2.E1",
                    "S2.E2",
                    "S2.E3",
                    "S2.E4"
                ],
                "S3.E6": [
                    "S2.E1",
                    "S3.E5",
                    "S3.E8",
                    "S3.E9",
                    "S3.E10",
                    "S3.E11"
                ],
                "S3.E7": [
                    "S2.E1",
                    "S2.E2",
                    "S2.E3",
                    "S2.E4",
                    "S3.E5",
                    "S3.E6",
                    "S3.E8"
                ],
                "S3.E8": [
                    "S3.E5",
                    "S3.E9",
                    "S3.E10"
                ],
                "S3.E9": [
                    "S3.E5",
                    "S3.E7",
                    "S3.E10",
                    "S3.E11"
                ],
                "S3.E10": [
                    "S2.E1",
                    "S2.E2",
                    "S2.E3",
                    "S3.E5",
                    "S3.E7",
                    "S3.E11"
                ],
                "S3.E11": [
                    "S2.E3",
                    "S3.E5",
                    "S3.E7"
                ]
            },
            "Accuracy": 0.06896551724137931,
            "Precision": 0.0784313725490196,
            "Recall": 0.36363636363636365,
            "F1 Score": 0.12903225806451613
        },
        "Article ID: 0907.2872": {
            "Adjacency List": {
                "S0.E1": [
                    "S0.E2",
                    "S0.E3",
                    "S0.E5"
                ],
                "S0.E2": [
                    "S0.E3",
                    "S0.E4",
                    "S0.E5",
                    "S0.E7"
                ],
                "S0.E3": [
                    "S0.E4",
                    "S0.E5",
                    "S0.E6",
                    "S0.E7"
                ],
                "S0.E4": [
                    "S0.E5"
                ],
                "S0.E5": [
                    "S0.E6",
                    "S0.E7",
                    "S0.E8"
                ],
                "S0.E6": [
                    "S0.E7",
                    "S0.E8"
                ],
                "S0.E7": [
                    "S0.E8"
                ],
                "S0.E8": []
            },
            "Accuracy": 0.3684210526315789,
            "Precision": 0.3888888888888889,
            "Recall": 0.875,
            "F1 Score": 0.5384615384615385
        },
        "Article ID: 0907.2959": {
            "Adjacency List": {
                "S0.E1": [],
                "S0.E2": [
                    "S0.E1"
                ],
                "S0.E3": [
                    "S0.E2"
                ],
                "S0.E4": [
                    "S0.E2",
                    "S0.E3"
                ],
                "S0.E5": [
                    "S0.E6"
                ],
                "S0.E6": [
                    "S0.E7",
                    "S0.E8"
                ],
                "S0.E7": [
                    "S0.E8"
                ],
                "S0.E8": [
                    "S0.E9",
                    "S0.E10"
                ],
                "S0.E9": [
                    "S0.E10"
                ],
                "S0.E10": [
                    "S0.E7"
                ]
            },
            "Accuracy": 0.14285714285714285,
            "Precision": 0.25,
            "Recall": 0.25,
            "F1 Score": 0.25
        }
    },