{
    "Correctness": {
        "Number of articles used": 5,
        "Overall Correctness": {
            "Overall Accuracy": 0.05913978494623656,
            "Overall Precision": 0.07971014492753623,
            "Overall Recall": 0.1864406779661017,
            "Overall F1 Score": 0.1116751269035533
        },
        "Aggregate Correctness Statistics": {
            "Accuracy": {
                "Mean": 0.06918853937086757,
                "Lowest": 0.0,
                "25th Quartile (Q1)": 0.016129032258064516,
                "Median": 0.08695652173913043,
                "75th Quartile (Q3)": 0.1,
                "Highest": 0.14285714285714285
            },
            "Precision": {
                "Mean": 0.10349494949494949,
                "Lowest": 0.0,
                "25th Quartile (Q1)": 0.02,
                "Median": 0.1111111111111111,
                "75th Quartile (Q3)": 0.13636363636363635,
                "Highest": 0.25
            },
            "Recall": {
                "Mean": 0.17707292707292707,
                "Lowest": 0.0,
                "25th Quartile (Q1)": 0.07692307692307693,
                "Median": 0.25,
                "75th Quartile (Q3)": 0.2727272727272727,
                "Highest": 0.2857142857142857
            },
            "F1 Score": {
                "Mean": 0.1247128427128427,
                "Lowest": 0.0,
                "25th Quartile (Q1)": 0.03174603174603175,
                "Median": 0.16,
                "75th Quartile (Q3)": 0.1818181818181818,
                "Highest": 0.25
            }
        }
    },
    "Results": {
        "Article ID: 0907.2648": {
            "Adjacency List": {
                "S2.E1": [],
                "S2.E2": [
                    "S2.E1"
                ],
                "S2.E3": [
                    "S2.E1",
                    "S2.E2"
                ],
                "S2.E4": [
                    "S2.E1",
                    "S2.E2",
                    "S2.E3",
                    "S3.E7"
                ],
                "S2.E5": [
                    "S3.E7"
                ],
                "S3.E6": [
                    "S3.E7",
                    "S3.E8",
                    "S3.E9",
                    "S3.E10",
                    "S3.E12"
                ],
                "S3.E7": [
                    "S3.E8",
                    "S3.E9",
                    "S3.E10",
                    "S3.E12",
                    "S3.E13"
                ],
                "S3.E8": [
                    "S3.E9",
                    "S3.E10",
                    "S3.E11",
                    "S3.E12",
                    "S3.E13"
                ],
                "S3.E9": [
                    "S3.E10",
                    "S3.E11",
                    "S3.E12",
                    "S3.E13"
                ],
                "S3.E10": [
                    "S3.E12",
                    "S3.E13"
                ],
                "S3.E11": [
                    "S3.E6",
                    "S3.E7",
                    "S3.E10",
                    "S3.E12",
                    "S3.E13"
                ],
                "S3.E12": [
                    "S3.E13"
                ],
                "S3.E13": [
                    "S4.E14"
                ],
                "S4.E14": []
            },
            "Accuracy": 0.08695652173913043,
            "Precision": 0.1111111111111111,
            "Recall": 0.2857142857142857,
            "F1 Score": 0.16
        },
        "Article ID: 0907.2720": {
            "Adjacency List": {
                "S1.E1": [],
                "S4.E2": [
                    "S4.E3",
                    "S4.E4",
                    "S4.E7",
                    "S5.E10",
                    "S5.E12"
                ],
                "S4.E3": [
                    "S4.E4",
                    "S4.E5",
                    "S4.E6",
                    "S4.E7",
                    "S4.E8",
                    "S4.E9",
                    "S5.E10",
                    "S5.E11",
                    "S5.E12"
                ],
                "S4.E4": [
                    "S4.E5",
                    "S4.E6",
                    "S4.E7",
                    "S4.E8",
                    "S4.E9",
                    "S5.E10",
                    "S5.E11",
                    "S5.E12"
                ],
                "S4.E5": [
                    "S4.E6",
                    "S4.E7",
                    "S4.E8",
                    "S4.E9",
                    "S5.E10",
                    "S5.E11",
                    "S5.E12"
                ],
                "S4.E6": [
                    "S4.E7",
                    "S4.E8",
                    "S4.E9",
                    "S5.E10",
                    "S5.E11",
                    "S5.E12"
                ],
                "S4.E7": [
                    "S4.E8",
                    "S4.E9",
                    "S5.E10",
                    "S5.E11",
                    "S5.E12"
                ],
                "S4.E8": [
                    "S4.E9",
                    "S5.E10",
                    "S5.E11",
                    "S5.E12"
                ],
                "S4.E9": [
                    "S5.E10",
                    "S5.E11",
                    "S5.E12"
                ],
                "S5.E10": [
                    "S5.E11",
                    "S5.E12"
                ],
                "S5.E11": [
                    "S5.E12"
                ],
                "S5.E12": []
            },
            "Accuracy": 0.016129032258064516,
            "Precision": 0.02,
            "Recall": 0.07692307692307693,
            "F1 Score": 0.03174603174603175
        },
        "Article ID: 0907.2870": {
            "Adjacency List": {
                "S0.E1": [
                    "S0.E2"
                ],
                "S0.E2": [
                    "S0.E4",
                    "S0.E6"
                ],
                "S0.E3": [
                    "S0.E4",
                    "S0.E5",
                    "S0.E6"
                ],
                "S0.E4": [
                    "S0.E5",
                    "S0.E6",
                    "S0.E7",
                    "S0.E8",
                    "S0.E9"
                ],
                "S0.E5": [
                    "S0.E6",
                    "S0.E7",
                    "S0.E8",
                    "S0.E9"
                ],
                "S0.E6": [
                    "S0.E7",
                    "S0.E8",
                    "S0.E9",
                    "S0.E10"
                ],
                "S0.E7": [
                    "S0.E8",
                    "S0.E9"
                ],
                "S0.E8": [
                    "S0.E9"
                ],
                "S0.E9": [],
                "S0.E10": [],
                "S0.E11": []
            },
            "Accuracy": 0.1,
            "Precision": 0.13636363636363635,
            "Recall": 0.2727272727272727,
            "F1 Score": 0.1818181818181818
        },
        "Article ID: 0907.2872": {
            "Adjacency List": {
                "S1.E1": [],
                "S1.E2": [
                    "S1.E1"
                ],
                "S1.E3": [
                    "S1.E1",
                    "S1.E2"
                ],
                "S1.E4": [
                    "S1.E3"
                ],
                "S1.E5": [
                    "S1.E1",
                    "S1.E2",
                    "S1.E3",
                    "S1.E4"
                ],
                "S1.E6": [
                    "S1.E5"
                ],
                "S1.E7": [
                    "S1.E5",
                    "S1.E6"
                ],