{
    "Correctness": {
        "Number of articles used": 10,
        "Overall Correctness": {
            "Overall Accuracy": 0.3018867924528302,
            "Overall Precision": 0.48484848484848486,
            "Overall Recall": 0.4444444444444444,
            "Overall F1 Score": 0.463768115942029
        },
        "Aggregate Correctness Statistics": {
            "Accuracy": {
                "Mean": 0.3314393939393939,
                "Lowest": 0.1,
                "25th Quartile (Q1)": 0.24675324675324672,
                "Median": 0.30952380952380953,
                "75th Quartile (Q3)": 0.44375,
                "Highest": 0.6
            },
            "Precision": {
                "Mean": 0.4993994893994894,
                "Lowest": 0.2,
                "25th Quartile (Q1)": 0.39560439560439564,
                "Median": 0.5222222222222221,
                "75th Quartile (Q3)": 0.6272727272727272,
                "Highest": 0.75
            },
            "Recall": {
                "Mean": 0.4625596625596626,
                "Lowest": 0.16666666666666666,
                "25th Quartile (Q1)": 0.39560439560439564,
                "Median": 0.4365079365079365,
                "75th Quartile (Q3)": 0.6022727272727273,
                "Highest": 0.75
            },
            "F1 Score": {
                "Mean": 0.4787934287934288,
                "Lowest": 0.1818181818181818,
                "25th Quartile (Q1)": 0.39560439560439564,
                "Median": 0.4722222222222222,
                "75th Quartile (Q3)": 0.6136363636363636,
                "Highest": 0.75
            }
        }
    },
    "Results": {
        "Article ID: 0907.2648": {
            "Adjacency List": {
                "S0.E1": [
                    null
                ],
                "S0.E2": [
                    null
                ],
                "S0.E3": [
                    null
                ],
                "S0.E4": [
                    null
                ],
                "S0.E5": [
                    null
                ],
                "S0.E6": [
                    null
                ],
                "S0.E7": [
                    null
                ],
                "S0.E8": [
                    null
                ],
                "S0.E9": [
                    null
                ],
                "S0.E10": [
                    null
                ]
            },
            "Accuracy": 0.3333333333333333,
            "Precision": 0.6,
            "Recall": 0.42857142857142855,
            "F1 Score": 0.5
        },
        "Article ID: 0907.2720": {
            "Adjacency List": {
                "S1.E1": [
                    null
                ],
                "S1.E2": [
                    null
                ],
                "S2.E3": [
                    null
                ],
                "S2.E4": [
                    null
                ],
                "S2.E5": [
                    null
                ],
                "S3.E6": [
                    null
                ],
                "S3.E7": [
                    null
                ],
                "S3.E8": [
                    null
                ],
                "S3.E9": [
                    null
                ],
                "S3.E10": [
                    null
                ]
            },
            "Accuracy": 0.375,
            "Precision": 0.6,
            "Recall": 0.5,
            "F1 Score": 0.5454545454545454
        },
        "Article ID: 0907.2870": {
            "Adjacency List": {
                "S2.E1": [
                    null
                ],
                "S2.E2": [
                    null
                ],
                "S2.E3": [
                    null
                ],
                "S2.E4": [
                    null
                ],
                "S2.E5": [
                    null
                ],
                "S2.E6": [
                    null
                ],
                "S2.E7": [
                    null
                ],
                "S2.E8": [
                    null
                ],
                "S2.E9": [
                    null
                ],
                "S2.E10": [
                    null
                ],
                "S2.E11": [
                    null
                ],
                "S2.E12": [
                    null
                ],
                "S2.E13": [
                    null
                ],
                "S3.E14": [
                    null
                ]
            },
            "Accuracy": 0.2727272727272727,
            "Precision": 0.42857142857142855,
            "Recall": 0.42857142857142855,
            "F1 Score": 0.42857142857142855
        },
        "Article ID: 0907.2872": {
            "Adjacency List": {
                "S1.E1": [
                    null
                ],
                "S1.E2": [
                    null
                ],
                "S2.E3": [
                    null
                ],
                "S2.E4": [
                    null
                ],
                "S2.E5": [
                    null
                ],
                "S2.E6": [
                    null
                ],
                "S2.E7": [
                    null
                ],
                "S3.E8": [
                    null
                ]
            },
            "Accuracy": 0.14285714285714285,
            "Precision": 0.25,
            "Recall": 0.25,
            "F1 Score": 0.25
        },
        "Article ID: 0907.2959": {
            "Adjacency List": {
                "S2.E1": [
                    null
                ],
                "S2.E2": [
                    null
                ],
                "S2.E3": [
                    null
                ],
                "S2.E4": [
                    null
                ],
                "S2.E5": [
                    null
                ],
                "S2.E6": [
                    null
                ],
                "S2.E7": [
                    null
                ],
                "S2.E8": [
                    null
                ],
                "S2.E9": [
                    null
                ],
                "S3.E10": [
                    null
                ]
            },
            "Accuracy": 0.5,
            "Precision": 0.7,
            "Recall": 0.6363636363636364,
            "F1 Score": 0.6666666666666666
        },
        "Article ID: 0907.2994": {
            "Adjacency List": {
                "S1.E1": [
                    null
                ],
                "S1.E2": [
                    null
                ],
                "S1.E3": [
                    null
                ],
                "S3.E4": [
                    null
                ]
            },
            "Accuracy": 0.6,
            "Precision": 0.75,
            "Recall": 0.75,
            "F1 Score": 0.75
        },
        "Article ID: 0907.3017": {
            "Adjacency List": {
                "S2.E1": [
                    "S2.E2"
                ],
                "S2.E2": [
                    null
                ],
                "S2.E3": [
                    null
                ],
                "S2.E4": [
                    null
                ],
                "S2.E5": [
                    null
                ],
                "S2.E6": [
                    null
                ],
                "S2.E7": [
                    null
                ],
                "S2.E8": [
                    null
                ],
                "S3.E9": [
                    null
                ]
            },
            "Accuracy": 0.2857142857142857,
            "Precision": 0.4444444444444444,
            "Recall": 0.4444444444444444,
            "F1 Score": 0.4444444444444444
        },